mods/heroes.stormmod/base.stormassets/assets/portraits/storm_portrait_abathur_base_background/storm_portrait_abathur_base_background.m3	30b4b9e0932a4ecba609c1e74a12c2d9	14528
mods/heroes.stormmod/base.stormassets/assets/portraits/storm_portrait_abathur_mecha_background/storm_portrait_abathur_mecha_background.m3	a3bffaf525f2db1a141ba233b3a76164	14336
mods/heroes.stormmod/base.stormassets/assets/portraits/storm_portrait_abathur_pajamathur_background/storm_portrait_abathur_pajamathur_background.m3	48cf56b88889c49bdbca7863fc7c59e6	13184
mods/heroes.stormmod/base.stormassets/assets/portraits/storm_portrait_abathur_skelethur_background/storm_portrait_abathur_skelethur_background.m3	11ceeb42bc4c4dab1c98660354183c3b	13184
mods/heroes.stormmod/base.stormassets/assets/portraits/storm_portrait_abathur_ultimate_background/storm_portrait_abathur_ultimate_background.m3	a0ca921e366b22bc24cd5886f10f6bfd	14528
mods/heroes.stormmod/base.stormassets/assets/portraits/storm_portrait_alarak_base_background/storm_portrait_alarak_base_background.m3	67cf9acb922fee86b4f0822482b42031	12896
mods/heroes.stormmod/base.stormassets/assets/portraits/storm_portrait_alarak_dark18_background/storm_portrait_alarak_dark18_background.m3	d7fe9edad2dad39bacc2608df324897f	12912
mods/heroes.stormmod/base.stormassets/assets/portraits/storm_portrait_alarak_hunter_background/storm_portrait_alarak_hunter_background.m3	6c8d999e9445476b757995bf1ca22966	12912
mods/heroes.stormmod/base.stormassets/assets/portraits/storm_portrait_alarak_hunter_var1_background/storm_portrait_alarak_hunter_var1_background.m3	8c1c837cda8343c5953d522298595e1b	12912
mods/heroes.stormmod/base.stormassets/assets/portraits/storm_portrait_alarak_hunter_var2_background/storm_portrait_alarak_hunter_var2_background.m3	40b2a263e23a30e859a857aa0344a580	12912
mods/heroes.stormmod/base.stormassets/assets/portraits/storm_portrait_alarak_hunter_var3_background/storm_portrait_alarak_hunter_var3_background.m3	507901a6a487b414ec6e5955e289947d	12912
mods/heroes.stormmod/base.stormassets/assets/portraits/storm_portrait_alarak_ultimate_background/storm_portrait_alarak_ultimate_background.m3	67334573f11dda136c1c000d86fb37a4	12912
mods/heroes.stormmod/base.stormassets/assets/portraits/storm_portrait_alexdragon_spooky18_background/storm_portrait_alexdragon_spooky18_background.m3	86b079a5499a9b84beb17fcc3cd59378	12944
mods/heroes.stormmod/base.stormassets/assets/portraits/storm_portrait_alexdragon_spooky18_var1_background/storm_portrait_alexdragon_spooky18_var1_background.m3	69eccf9edc3eff42fdda529c78bb562b	12960
mods/heroes.stormmod/base.stormassets/assets/portraits/storm_portrait_alexdragon_spooky18_var2_background/storm_portrait_alexdragon_spooky18_var2_background.m3	994eab010334f51063c91e5d98d77bd3	12960
mods/heroes.stormmod/base.stormassets/assets/portraits/storm_portrait_alexstrasza_base_background/storm_portrait_alexstrasza_base_background.m3	482f0a8a55497e61d610990d5e63e080	12960
mods/heroes.stormmod/base.stormassets/assets/portraits/storm_portrait_alexstrasza_cowl_background/storm_portrait_alexstrasza_cowl_background.m3	8ade97f5daa713aff10ab2cdd36d7cb5	12960
mods/heroes.stormmod/base.stormassets/assets/portraits/storm_portrait_alexstrasza_dark_background/storm_portrait_alexstrasza_dark_background.m3	3f025b7c23dcfce96c91b3068f50e9f1	12944
mods/heroes.stormmod/base.stormassets/assets/portraits/storm_portrait_alexstrasza_spooky18_background/storm_portrait_alexstrasza_spooky18_background.m3	05961c4a83fe6a63a51aef8f587d3e8c	12944
mods/heroes.stormmod/base.stormassets/assets/portraits/storm_portrait_alexstrasza_spooky18_var1_background/storm_portrait_alexstrasza_spooky18_var1_background.m3	72a9002772a39ec1277581773ae30074	12960
mods/heroes.stormmod/base.stormassets/assets/portraits/storm_portrait_alexstrasza_spooky18_var2_background/storm_portrait_alexstrasza_spooky18_var2_background.m3	332f6066d90424604624eacd125cc257	12960
mods/heroes.stormmod/base.stormassets/assets/portraits/storm_portrait_alexstraszadragon_base_background/storm_portrait_alexstraszadragon_base_background.m3	6f728da1e7f4531f7725fbe516cf71c8	12960
mods/heroes.stormmod/base.stormassets/assets/portraits/storm_portrait_alexstraszadragon_cowl_background/storm_portrait_alexstraszadragon_cowl_background.m3	e779f33afc3e6cb9483d75a04ec48f4e	12960
mods/heroes.stormmod/base.stormassets/assets/portraits/storm_portrait_alexstraszadragon_dark_background/storm_portrait_alexstraszadragon_dark_background.m3	b0c7f94d2fb9f3917a10f846e10346be	12944
mods/heroes.stormmod/base.stormassets/assets/portraits/storm_portrait_ana_army18_background/storm_portrait_ana_army18_background.m3	e01f94783968f740050f7bb92bf4c92b	12944
mods/heroes.stormmod/base.stormassets/assets/portraits/storm_portrait_ana_base_background/storm_portrait_ana_base_background.m3	dc0825ba2119efe7273fa77cc8e619fd	12944
mods/heroes.stormmod/base.stormassets/assets/portraits/storm_portrait_ana_shrike_background/storm_portrait_ana_shrike_background.m3	902314a8ee3bd7089850e1665cc62a16	12944
mods/heroes.stormmod/base.stormassets/assets/portraits/storm_portrait_anduin_base_background/storm_portrait_anduin_base_background.m3	fe5ca5f0f36ba937eb078961e1bc8046	12048
mods/heroes.stormmod/base.stormassets/assets/portraits/storm_portrait_anduin_craft20_background/storm_portrait_anduin_craft20_background.m3	4d4d5e21d905ad63d812868a8824c17b	3600
mods/heroes.stormmod/base.stormassets/assets/portraits/storm_portrait_anduin_scifi19_background/storm_portrait_anduin_scifi19_background.m3	aa43f9a5d67997dfab23c1f3cdcc6c2d	12064
mods/heroes.stormmod/base.stormassets/assets/portraits/storm_portrait_anubarak_base_background/storm_portrait_anubarak_base_background.m3	05b2c75a22be63d49ddb88d1af5e7233	13168
mods/heroes.stormmod/base.stormassets/assets/portraits/storm_portrait_anubarak_zerg_background/storm_portrait_anubarak_zerg_background.m3	60232ca54b4a1e4b4e10f5b8fa4f92fb	12960
mods/heroes.stormmod/base.stormassets/assets/portraits/storm_portrait_anubarak_zerg_var1_background/storm_portrait_anubarak_zerg_var1_background.m3	eb509dc532d784b3aed24a6a6b96080c	12960
mods/heroes.stormmod/base.stormassets/assets/portraits/storm_portrait_artanis_base_background/storm_portrait_artanis_base_background.m3	a1999b17352aab84483d2e7aa2829779	14560
mods/heroes.stormmod/base.stormassets/assets/portraits/storm_portrait_artanis_craft20_background/storm_portrait_artanis_craft20_background.m3	2651d4e03b907bb8399059b537b4cd99	6096
mods/heroes.stormmod/base.stormassets/assets/portraits/storm_portrait_artanis_purifier_background/storm_portrait_artanis_purifier_background.m3	abae35ceb3290ce6fc14890e4d31caf7	15936
mods/heroes.stormmod/base.stormassets/assets/portraits/storm_portrait_artanis_ronin_background/storm_portrait_artanis_ronin_background.m3	dfcaafb262ae705498e72a504cff12ed	14560
mods/heroes.stormmod/base.stormassets/assets/portraits/storm_portrait_arthas_base_background/storm_portrait_arthas_base_background.m3	798a30b9686ca95f832573be3ce8ad50	13136
mods/heroes.stormmod/base.stormassets/assets/portraits/storm_portrait_arthas_craft20_background/storm_portrait_arthas_craft20_background.m3	c06d2768c3199dca59aa7a3a8805a1f3	4496
mods/heroes.stormmod/base.stormassets/assets/portraits/storm_portrait_arthas_crimsoncount_background/storm_portrait_arthas_crimsoncount_background.m3	b3ffc53309a87c1b157e04651d8e7021	12976
mods/heroes.stormmod/base.stormassets/assets/portraits/storm_portrait_arthas_dragonbone_background/storm_portrait_arthas_dragonbone_background.m3	70608fd96840624cf735dfb5311c105e	13152
mods/heroes.stormmod/base.stormassets/assets/portraits/storm_portrait_arthas_guanyu_background/storm_portrait_arthas_guanyu_background.m3	32d47d43ea6991052e82a4222eca9adb	12960
mods/heroes.stormmod/base.stormassets/assets/portraits/storm_portrait_arthas_guanyu_var1_background/storm_portrait_arthas_guanyu_var1_background.m3	565788eb046499bb3dd587eadc0a74fb	12976
mods/heroes.stormmod/base.stormassets/assets/portraits/storm_portrait_arthas_guanyu_var2_background/storm_portrait_arthas_guanyu_var2_background.m3	5138ef7dee3e40b33a763493388c4850	12976
mods/heroes.stormmod/base.stormassets/assets/portraits/storm_portrait_auriel_base_background/storm_portrait_auriel_base_background.m3	1bc0b3aed512bddb0aad3215419c3616	12960
mods/heroes.stormmod/base.stormassets/assets/portraits/storm_portrait_auriel_charity20_background/storm_portrait_auriel_charity20_background.m3	fb08a0581f6acaa4dc4f8900ee1a3693	4496
mods/heroes.stormmod/base.stormassets/assets/portraits/storm_portrait_auriel_demonic_background/storm_portrait_auriel_demonic_background.m3	eea02438688095ba5399c8234b47f949	12960
mods/heroes.stormmod/base.stormassets/assets/portraits/storm_portrait_auriel_demonic_var1_background/storm_portrait_auriel_demonic_var1_background.m3	8e94dc480c92378368e62401145437c6	12960
mods/heroes.stormmod/base.stormassets/assets/portraits/storm_portrait_auriel_demonic_var2_background/storm_portrait_auriel_demonic_var2_background.m3	577af764e79bce07533b42542f0a049b	12960
mods/heroes.stormmod/base.stormassets/assets/portraits/storm_portrait_auriel_hanamura_background/storm_portrait_auriel_hanamura_background.m3	09046a887a402aa38d3de728a10e68d8	12976
mods/heroes.stormmod/base.stormassets/assets/portraits/storm_portrait_auriel_wcav_background/storm_portrait_auriel_wcav_background.m3	89289fc43cc3ce38af3db12364b0af15	12944
mods/heroes.stormmod/base.stormassets/assets/portraits/storm_portrait_azmodan_azmodunk_base_background/storm_portrait_azmodan_azmodunk_base_background.m3	b96efe9228f49e885987ed9b2f2e772b	12960
mods/heroes.stormmod/base.stormassets/assets/portraits/storm_portrait_azmodan_azmodunk_var1_background/storm_portrait_azmodan_azmodunk_var1_background.m3	c599c5d48a2d16af8cfc3323b110a0ea	12960
mods/heroes.stormmod/base.stormassets/assets/portraits/storm_portrait_azmodan_azmodunk_var2_background/storm_portrait_azmodan_azmodunk_var2_background.m3	659f7b34de90b12fcaa988bab77c4abb	12960
mods/heroes.stormmod/base.stormassets/assets/portraits/storm_portrait_azmodan_azmodunk_var3_background/storm_portrait_azmodan_azmodunk_var3_background.m3	a54e720513815e32b04d8e878fb1be0c	12976
mods/heroes.stormmod/base.stormassets/assets/portraits/storm_portrait_azmodan_base_background/storm_portrait_azmodan_base_background.m3	efd7462440548fd19c0939bd523ae1e5	13152
mods/heroes.stormmod/base.stormassets/assets/portraits/storm_portrait_azmodan_madaxe18_background/storm_portrait_azmodan_madaxe18_background.m3	60c67dd37e1f06fd971482485138f092	12976
mods/heroes.stormmod/base.stormassets/assets/portraits/storm_portrait_brightwing_base_background/storm_portrait_brightwing_base_background.m3	4505cd82147d877bbc907a1f0a165d05	13184
mods/heroes.stormmod/base.stormassets/assets/portraits/storm_portrait_brightwing_bright19_background/storm_portrait_brightwing_bright19_background.m3	4e5deda6f15d5b2ea1b99b16f6472079	4528
mods/heroes.stormmod/base.stormassets/assets/portraits/storm_portrait_brightwing_luxmonkey_background/storm_portrait_brightwing_luxmonkey_background.m3	295f32b97407e3b22d8218828f18add0	14560
mods/heroes.stormmod/base.stormassets/assets/portraits/storm_portrait_butcher_base_background/storm_portrait_butcher_base_background.m3	558036294b285e8cb50fc83825d538f6	14528
mods/heroes.stormmod/base.stormassets/assets/portraits/storm_portrait_butcher_classic21_background/storm_portrait_butcher_classic21_background.m3	81be6895ea3b1ac03119a521ce019ccf	5872
mods/heroes.stormmod/base.stormassets/assets/portraits/storm_portrait_butcher_spring19_background/storm_portrait_butcher_spring19_background.m3	b06b5a35404b0efe3542755fa16ee3ec	14352
mods/heroes.stormmod/base.stormassets/assets/portraits/storm_portrait_butcher_toys21_background/storm_portrait_butcher_toys21_background.m3	ecab5210c4b9091b61b4c0ae0dbf097a	5872
mods/heroes.stormmod/base.stormassets/assets/portraits/storm_portrait_butcher_zerg_background/storm_portrait_butcher_zerg_background.m3	76bcbf63803c5027cb5bf36a15bc9801	14336
mods/heroes.stormmod/base.stormassets/assets/portraits/storm_portrait_butcher_zerg_var1_background/storm_portrait_butcher_zerg_var1_background.m3	89177ce3200c267fb7d7bbb2b969e085	14336
mods/heroes.stormmod/base.stormassets/assets/portraits/storm_portrait_butcher_zerg_var2_background/storm_portrait_butcher_zerg_var2_background.m3	0262ef0b913486103df70cdfae36d8f2	14336
mods/heroes.stormmod/base.stormassets/assets/portraits/storm_portrait_butcher_zerg_var3_background/storm_portrait_butcher_zerg_var3_background.m3	c8eb36d363080148e54bab5c3d56cf43	14336
mods/heroes.stormmod/base.stormassets/assets/portraits/storm_portrait_chen_base_background/storm_portrait_chen_base_background.m3	ab8b6a093d4a69d5d859b22871ca3b34	13120
mods/heroes.stormmod/base.stormassets/assets/portraits/storm_portrait_chogall_altered20_background/storm_portrait_chogall_altered20_background.m3	ef46ff9e162f4237d3ce1b4e4d1b050e	5392
mods/heroes.stormmod/base.stormassets/assets/portraits/storm_portrait_chogall_base_background/storm_portrait_chogall_base_background.m3	5fac0bc57ec75f8d8be73081fc42a102	12096
mods/heroes.stormmod/base.stormassets/assets/portraits/storm_portrait_chogall_corruptor_var2_background/storm_portrait_chogall_corruptor_var2_background.m3	44ea61e6ad20367d0837a127d643ab94	12096
mods/heroes.stormmod/base.stormassets/assets/portraits/storm_portrait_chogall_ultimate_var2_background/storm_portrait_chogall_ultimate_var2_background.m3	a80611b708403ddd26f9514cc1641621	12096
mods/heroes.stormmod/base.stormassets/assets/portraits/storm_portrait_chogall_ultimate_var3_background/storm_portrait_chogall_ultimate_var3_background.m3	e853750e786170190d86bd1526b7591b	12096
mods/heroes.stormmod/base.stormassets/assets/portraits/storm_portrait_chromie_base_background/storm_portrait_chromie_base_background.m3	e6aa7f16a1742aeee12242bf66e9ce83	18384
mods/heroes.stormmod/base.stormassets/assets/portraits/storm_portrait_chromie_fel_background/storm_portrait_chromie_fel_background.m3	2c6747028143f5607808997cf078046c	18384
mods/heroes.stormmod/base.stormassets/assets/portraits/storm_portrait_chromie_fel_var1_background/storm_portrait_chromie_fel_var1_background.m3	fb5dcb330e927647f5bfbebf97d06618	18384
mods/heroes.stormmod/base.stormassets/assets/portraits/storm_portrait_chromie_fel_var2_background/storm_portrait_chromie_fel_var2_background.m3	63728ce51edadde74880fbda7be2272b	18384
mods/heroes.stormmod/base.stormassets/assets/portraits/storm_portrait_chromie_genie_background/storm_portrait_chromie_genie_background.m3	78fdf6f290e83e4e999f1cff16256d76	18384
mods/heroes.stormmod/base.stormassets/assets/portraits/storm_portrait_chromie_spring19_background/storm_portrait_chromie_spring19_background.m3	cbb2e00b6777b28f57b86a19a29effac	18384
mods/heroes.stormmod/base.stormassets/assets/portraits/storm_portrait_chromie_ultimate_background/storm_portrait_chromie_ultimate_background.m3	bc6cb753c4f0c9ec7c283a952fe1eb1a	18400
mods/heroes.stormmod/base.stormassets/assets/portraits/storm_portrait_chromie_ultimate_var1_background/storm_portrait_chromie_ultimate_var1_background.m3	2e029f1754fa81b58f5c8830f75fae5a	18400
mods/heroes.stormmod/base.stormassets/assets/portraits/storm_portrait_chromie_ultimate_var2_background/storm_portrait_chromie_ultimate_var2_background.m3	5e82ce28c7ec8c4be0b32b0b46679331	18400
mods/heroes.stormmod/base.stormassets/assets/portraits/storm_portrait_d2amazonf_base_background/storm_portrait_d2amazonf_base_background.m3	2cf348378592e3ff08561aaeab77ab5f	12944
mods/heroes.stormmod/base.stormassets/assets/portraits/storm_portrait_d2amazonf_lunar_background/storm_portrait_d2amazonf_lunar_background.m3	feecfbfe8b9e5960a5cd72f87f99eae5	12960
mods/heroes.stormmod/base.stormassets/assets/portraits/storm_portrait_d2amazonf_myth20_background/storm_portrait_d2amazonf_myth20_background.m3	4bcc4050c464f39be67fefaf2a319952	4496
mods/heroes.stormmod/base.stormassets/assets/portraits/storm_portrait_d2amazonf_pirate_background/storm_portrait_d2amazonf_pirate_background.m3	510f32ecaaa8bb2dcd07f0711f5ccf6d	12944
mods/heroes.stormmod/base.stormassets/assets/portraits/storm_portrait_d2amazonf_ultimate_background/storm_portrait_d2amazonf_ultimate_background.m3	cd0fe4c613d76e4a82f8f5df8b0cc51c	12944
mods/heroes.stormmod/base.stormassets/assets/portraits/storm_portrait_d2necrom_base_background/storm_portrait_d2necrom_base_background.m3	449a01e1b545ba9432d2d328e9692bf1	12960
mods/heroes.stormmod/base.stormassets/assets/portraits/storm_portrait_d2necrom_classic_background/storm_portrait_d2necrom_classic_background.m3	4f4cb8a9c1f6879f8f085afbd4f09911	12944
mods/heroes.stormmod/base.stormassets/assets/portraits/storm_portrait_d2necrom_scare_background/storm_portrait_d2necrom_scare_background.m3	9cec461674a373ff1fe9e6e448a81175	12960
mods/heroes.stormmod/base.stormassets/assets/portraits/storm_portrait_d2necrom_scare_var1_background/storm_portrait_d2necrom_scare_var1_background.m3	37cf7ad47f6de5896044a4856d93c71b	12960
mods/heroes.stormmod/base.stormassets/assets/portraits/storm_portrait_d2necrom_scare_var2_background/storm_portrait_d2necrom_scare_var2_background.m3	5af78e23deb6881eab68ffe1408511f3	12960
mods/heroes.stormmod/base.stormassets/assets/portraits/storm_portrait_d2necrom_scare_var3_background/storm_portrait_d2necrom_scare_var3_background.m3	431663664e4adaa1799075d990ea5e47	12944
mods/heroes.stormmod/base.stormassets/assets/portraits/storm_portrait_d2necrom_scare_var4_background/storm_portrait_d2necrom_scare_var4_background.m3	2f6d0a6997afaa72fc755d5f9ea4abba	12944
mods/heroes.stormmod/base.stormassets/assets/portraits/storm_portrait_d2necrom_snake_background/storm_portrait_d2necrom_snake_background.m3	be012d6b73181fc5aa9825169d8da131	12960
mods/heroes.stormmod/base.stormassets/assets/portraits/storm_portrait_d2necrom_ultimate_background/storm_portrait_d2necrom_ultimate_background.m3	ff46fb361bcdddaa5897802e6e4f5813	12960
mods/heroes.stormmod/base.stormassets/assets/portraits/storm_portrait_d3barbarianf_base_background/storm_portrait_d3barbarianf_base_background.m3	50475112568e341b68d74c9cf1181bc8	13184
mods/heroes.stormmod/base.stormassets/assets/portraits/storm_portrait_d3barbarianf_deathknight_background/storm_portrait_d3barbarianf_deathknight_background.m3	977eaed0a0488289279f62ceddfda072	13008
mods/heroes.stormmod/base.stormassets/assets/portraits/storm_portrait_d3barbarianf_deathknightnohelm_background/storm_portrait_d3barbarianf_deathknightnohelm_background.m3	385b84a251c5284262a96b011c72da7f	13008
mods/heroes.stormmod/base.stormassets/assets/portraits/storm_portrait_d3barbarianf_summer18_background/storm_portrait_d3barbarianf_summer18_background.m3	6f88c3b25009453c94e52adc63f3e569	12992
mods/heroes.stormmod/base.stormassets/assets/portraits/storm_portrait_d3crusaderf_base_background/storm_portrait_d3crusaderf_base_background.m3	4fad5eb79133821ecc8680da7979e009	11104
mods/heroes.stormmod/base.stormassets/assets/portraits/storm_portrait_d3crusaderf_owc20_background/storm_portrait_d3crusaderf_owc20_background.m3	c149a2b0dd6334b6052ac813b5608143	4528
mods/heroes.stormmod/base.stormassets/assets/portraits/storm_portrait_d3crusaderf_spell_background/storm_portrait_d3crusaderf_spell_background.m3	fba1b3fcb99d3011d9c36a350e207665	13008
mods/heroes.stormmod/base.stormassets/assets/portraits/storm_portrait_d3crusaderf_spell_var1_background/storm_portrait_d3crusaderf_spell_var1_background.m3	db9d5c334d4778426f808d6b71bb63ef	13008
mods/heroes.stormmod/base.stormassets/assets/portraits/storm_portrait_d3crusaderf_spell_var2_background/storm_portrait_d3crusaderf_spell_var2_background.m3	573331fe44e5e024ff84fce1e069b587	13008
mods/heroes.stormmod/base.stormassets/assets/portraits/storm_portrait_d3crusaderf_wcav_background/storm_portrait_d3crusaderf_wcav_background.m3	74ed2e5669d87272baf610eedc60d928	12992
mods/heroes.stormmod/base.stormassets/assets/portraits/storm_portrait_d3demonhunterf_base_background/storm_portrait_d3demonhunterf_base_background.m3	91a2869923af50a17953456a73a19a2b	13184
mods/heroes.stormmod/base.stormassets/assets/portraits/storm_portrait_d3demonhunterf_cowgirl_background/storm_portrait_d3demonhunterf_cowgirl_background.m3	b2466bd540f6d4c5185818e65f194269	13008
mods/heroes.stormmod/base.stormassets/assets/portraits/storm_portrait_d3demonhunterf_cowgirl_var1/storm_portrait_d3demonhunterf_cowgirl_var1.m3	7fdea14f62f99232a206b76a8d8b33a4	13008
mods/heroes.stormmod/base.stormassets/assets/portraits/storm_portrait_d3demonhunterf_cowgirl_var2/storm_portrait_d3demonhunterf_cowgirl_var2.m3	5226466e2df653486c00504629e4861a	13008
mods/heroes.stormmod/base.stormassets/assets/portraits/storm_portrait_d3demonhunterf_mecha19_background/storm_portrait_d3demonhunterf_mecha19_background.m3	9469e201cd7ba36c10a149be11c3977d	13008
mods/heroes.stormmod/base.stormassets/assets/portraits/storm_portrait_d3demonhunterf_owc20_background/storm_portrait_d3demonhunterf_owc20_background.m3	584d96d9160e3e90089d56a70fbba1aa	4528
mods/heroes.stormmod/base.stormassets/assets/portraits/storm_portrait_d3demonhunterf_winter_background/storm_portrait_d3demonhunterf_winter_background.m3	c3acbed928b8d041387e3f460fd3f579	13008
mods/heroes.stormmod/base.stormassets/assets/portraits/storm_portrait_d3monkm_base_background/storm_portrait_d3monkm_base_background.m3	167f8931007c2292cb941553dbb10fb2	13200
mods/heroes.stormmod/base.stormassets/assets/portraits/storm_portrait_d3monkm_jade_background/storm_portrait_d3monkm_jade_background.m3	8a53b31f0759999a032977d601cfa22c	13200
mods/heroes.stormmod/base.stormassets/assets/portraits/storm_portrait_d3monkm_spring19_background/storm_portrait_d3monkm_spring19_background.m3	67d308f3fbf3e596b4347cd0e71bc106	13008
mods/heroes.stormmod/base.stormassets/assets/portraits/storm_portrait_d3monkm_summer18_background/storm_portrait_d3monkm_summer18_background.m3	20fce1c3ea1c021d3dd6a00323c50a44	13008
mods/heroes.stormmod/base.stormassets/assets/portraits/storm_portrait_d3monkm_tiger_background/storm_portrait_d3monkm_tiger_background.m3	02d02f0c1defe6e8b08588aeb8e0c790	13008
mods/heroes.stormmod/base.stormassets/assets/portraits/storm_portrait_d3monkm_tiger_var3_background/storm_portrait_d3monkm_tiger_var3_background.m3	748818e8df88bd2e3e7e0da207bc15c9	13024
mods/heroes.stormmod/base.stormassets/assets/portraits/storm_portrait_d3monkm_ultimate_background/storm_portrait_d3monkm_ultimate_background.m3	a04fb4cb402b3a66cc7d2079cbd8fe6b	13200
mods/heroes.stormmod/base.stormassets/assets/portraits/storm_portrait_d3monkm_winter17_background/storm_portrait_d3monkm_winter17_background.m3	c2af3ad5272edf8a1aa84879e08fb09f	13008
mods/heroes.stormmod/base.stormassets/assets/portraits/storm_portrait_d3witchdoctorm_base_background/storm_portrait_d3witchdoctorm_base_background.m3	dc0354cfe6abaac3766594e3395497e2	13184
mods/heroes.stormmod/base.stormassets/assets/portraits/storm_portrait_d3witchdoctorm_madaxe18_background/storm_portrait_d3witchdoctorm_madaxe18_background.m3	d16ab4a513a8a8cb5dcd7d2cbbd88eef	13008
mods/heroes.stormmod/base.stormassets/assets/portraits/storm_portrait_d3witchdoctorm_winter_background/storm_portrait_d3witchdoctorm_winter_background.m3	309683cb85f1b2d0ef86695aa168e85c	13008
mods/heroes.stormmod/base.stormassets/assets/portraits/storm_portrait_d3witchdoctorm_winter_var1_bg/storm_portrait_d3witchdoctorm_winter_var1_bg.m3	ac2e36a96c96de907533e0945c00cdc1	12992
mods/heroes.stormmod/base.stormassets/assets/portraits/storm_portrait_d3witchdoctorm_winter_var2_bg/storm_portrait_d3witchdoctorm_winter_var2_bg.m3	d9cc41d2b6fb8847027ef4632521f7a8	12992
mods/heroes.stormmod/base.stormassets/assets/portraits/storm_portrait_d3wizardf_base_background/storm_portrait_d3wizardf_base_background.m3	c8f8f22c92fb96c6f1e0f745cee57bd6	16064
mods/heroes.stormmod/base.stormassets/assets/portraits/storm_portrait_d3wizardf_classic21_background/storm_portrait_d3wizardf_classic21_background.m3	9ee3e81cdaa33c8b7b1c4ea97d7e0da9	7584
mods/heroes.stormmod/base.stormassets/assets/portraits/storm_portrait_d3wizardf_lunar_background/storm_portrait_d3wizardf_lunar_background.m3	5c6639387c97b2c0cd54430bdeec92d9	16048
mods/heroes.stormmod/base.stormassets/assets/portraits/storm_portrait_d3wizardf_lunar_var1_background/storm_portrait_d3wizardf_lunar_var1_background.m3	5751670bafdc432875b0705658ec4906	16048
mods/heroes.stormmod/base.stormassets/assets/portraits/storm_portrait_d3wizardf_lunar_var2_background/storm_portrait_d3wizardf_lunar_var2_background.m3	72bb332e0ef3220756c5a6fd21c7a396	16048
mods/heroes.stormmod/base.stormassets/assets/portraits/storm_portrait_d3wizardf_starprincess_background/storm_portrait_d3wizardf_starprincess_background.m3	7012fdca306ba19e8334a29d9c31ef96	16064
mods/heroes.stormmod/base.stormassets/assets/portraits/storm_portrait_d3wizardf_starqueen_background/storm_portrait_d3wizardf_starqueen_background.m3	a6f90969ee534c221ff2e0f1554245d5	16016
mods/heroes.stormmod/base.stormassets/assets/portraits/storm_portrait_d3wizardf_templar_background/storm_portrait_d3wizardf_templar_background.m3	d499ada5df4f30f068491dd4f3a118ea	16048
mods/heroes.stormmod/base.stormassets/assets/portraits/storm_portrait_d3wizardf_volley_background/storm_portrait_d3wizardf_volley_background.m3	78ae9fe33e7558424e67e6c649d722ca	16064
mods/heroes.stormmod/base.stormassets/assets/portraits/storm_portrait_d3wizardf_volley_var1_background/storm_portrait_d3wizardf_volley_var1_background.m3	b8287ef6287828793418620d1b8a1972	16064
mods/heroes.stormmod/base.stormassets/assets/portraits/storm_portrait_d3wizardf_volley_var2_background/storm_portrait_d3wizardf_volley_var2_background.m3	46521bda63a99f6f595ce73468be5ac3	16064
mods/heroes.stormmod/base.stormassets/assets/portraits/storm_portrait_deathwing_base_background/storm_portrait_deathwing_base_background.m3	343e177aaf3de47d53d5221a3d21dbe2	4496
mods/heroes.stormmod/base.stormassets/assets/portraits/storm_portrait_deathwing_dark20_background/storm_portrait_deathwing_dark20_background.m3	234fd91a3b6e49ed440bb40f3aa02c62	4512
mods/heroes.stormmod/base.stormassets/assets/portraits/storm_portrait_deckard_army19_background/storm_portrait_deckard_army19_background.m3	d4e50cfb52607bc2c6a0751b99ac1aab	12080
mods/heroes.stormmod/base.stormassets/assets/portraits/storm_portrait_deckard_base_background/storm_portrait_deckard_base_background.m3	43b5a506d46891bf7a86cc852945b0b4	12064
mods/heroes.stormmod/base.stormassets/assets/portraits/storm_portrait_deckard_road_background/storm_portrait_deckard_road_background.m3	fcb0ff6833a852db07c022f28d39b9c8	12064
mods/heroes.stormmod/base.stormassets/assets/portraits/storm_portrait_deckard_toys19_background/storm_portrait_deckard_toys19_background.m3	156cbfe21bf3cccc92eb4c1c68ede255	3600
mods/heroes.stormmod/base.stormassets/assets/portraits/storm_portrait_dehaka_base_background/storm_portrait_dehaka_base_background.m3	c420eea37962ad66ffbbc4ffe3e3c00e	12912
mods/heroes.stormmod/base.stormassets/assets/portraits/storm_portrait_dehaka_mecha_background/storm_portrait_dehaka_mecha_background.m3	f6fe10381fbead3500b4c47882a974eb	12928
mods/heroes.stormmod/base.stormassets/assets/portraits/storm_portrait_dehaka_toys18_background/storm_portrait_dehaka_toys18_background.m3	cc6eb3c205dbfecab17a3522697ce277	12928
mods/heroes.stormmod/base.stormassets/assets/portraits/storm_portrait_diablo_base_background/storm_portrait_diablo_base_background_v01.m3	a62fc3ef3ac511f8df60a22b6e2e467d	13152
mods/heroes.stormmod/base.stormassets/assets/portraits/storm_portrait_diablo_kaijo_background/storm_portrait_diablo_kaijo_background_v01.m3	2d58a9dfe3fadf63b5f6b00ca9bc6edb	13152
mods/heroes.stormmod/base.stormassets/assets/portraits/storm_portrait_diablo_lurkablo_background/storm_portrait_diablo_lurkablo_background_v01.m3	353b2782eecef2fd2bd771556e94b2fc	13152
mods/heroes.stormmod/base.stormassets/assets/portraits/storm_portrait_diablo_prime_background/storm_portrait_diablo_prime_background.m3	b84b162f66c57ce24f5fdf86f7cc4129	12912
mods/heroes.stormmod/base.stormassets/assets/portraits/storm_portrait_diablo_prime_var1_background/storm_portrait_diablo_prime_var1_background.m3	47e45a4c6eaaa1ba6d106498567a5dd1	12912
mods/heroes.stormmod/base.stormassets/assets/portraits/storm_portrait_diablo_prime_var2_background/storm_portrait_diablo_prime_var2_background.m3	ff75962736055b14645528ef908e5536	12912
mods/heroes.stormmod/base.stormassets/assets/portraits/storm_portrait_diablo_summer18_background/storm_portrait_diablo_summer18_background.m3	083fe7a4f9f028f33eb987484f7e3b83	12960
mods/heroes.stormmod/base.stormassets/assets/portraits/storm_portrait_dryad_base_background/storm_portrait_dryad_base_background.m3	540a2cf887207746ef7e4bb0a6fa7353	12928
mods/heroes.stormmod/base.stormassets/assets/portraits/storm_portrait_dryad_base_var1_background/storm_portrait_dryad_base_var1_background.m3	dcd23cf68c7505f8f121248d18948c10	12944
mods/heroes.stormmod/base.stormassets/assets/portraits/storm_portrait_dryad_base_var2_background/storm_portrait_dryad_base_var2_background.m3	b4467500c04bbfe39b8f2bceddd5b950	12944
mods/heroes.stormmod/base.stormassets/assets/portraits/storm_portrait_dryad_sentinel_background/storm_portrait_dryad_sentinel_background.m3	31a21551f42919f28ad1cab976603dca	12944
mods/heroes.stormmod/base.stormassets/assets/portraits/storm_portrait_dryad_summer18_background/storm_portrait_dryad_summer18_background.m3	a67e8fc1c40aa173d87e0c21f0e3aee3	12944
mods/heroes.stormmod/base.stormassets/assets/portraits/storm_portrait_dryad_ultimate_background/storm_portrait_dryad_ultimate_background.m3	eb1cd38f343238fdcfe3090f09a31af7	12944
mods/heroes.stormmod/base.stormassets/assets/portraits/storm_portrait_dryad_ultimate_var1_background/storm_portrait_dryad_ultimate_var1_background.m3	191af8aea589a123132a95edff9b09cf	12944
mods/heroes.stormmod/base.stormassets/assets/portraits/storm_portrait_dryad_ultimate_var2_background/storm_portrait_dryad_ultimate_var2_background.m3	b8d3fef043b124d529bb4b4e64a6a93c	12944
mods/heroes.stormmod/base.stormassets/assets/portraits/storm_portrait_dryad_winter_background/storm_portrait_dryad_winter_background.m3	4abf476dd0e877589117436a828895d4	12928
mods/heroes.stormmod/base.stormassets/assets/portraits/storm_portrait_dva_base_background/storm_portrait_dva_base_background.m3	db6ad34eb103185ab3de6ef603fa08b6	83856
mods/heroes.stormmod/base.stormassets/assets/portraits/storm_portrait_dva_base_var1_background/storm_portrait_dva_base_var1_background.m3	94b6df6eb7eb701792f07a6caf32f691	83856
mods/heroes.stormmod/base.stormassets/assets/portraits/storm_portrait_dva_base_var2_background/storm_portrait_dva_base_var2_background.m3	c92bf26401be621eca67cd9323f225c0	83856
mods/heroes.stormmod/base.stormassets/assets/portraits/storm_portrait_dva_deathwing_background/storm_portrait_dva_deathwing_background.m3	5d8e8712bfe4e0b01205dd656da42fcd	14160
mods/heroes.stormmod/base.stormassets/assets/portraits/storm_portrait_dva_terran_background/storm_portrait_dva_terran_background.m3	808416807b1c01881c18000454a5d18c	83856
mods/heroes.stormmod/base.stormassets/assets/portraits/storm_portrait_dva_terran_var2_background/storm_portrait_dva_terran_var2_background.m3	f07e7cc1c499b949178e335f1864b0b9	83856
mods/heroes.stormmod/base.stormassets/assets/portraits/storm_portrait_dva_ultimate_background/storm_portrait_dva_ultimate_background.m3	7846e3fcd748de6692111b32beca4dc4	83856
mods/heroes.stormmod/base.stormassets/assets/portraits/storm_portrait_dva_ultimate_var1_background/storm_portrait_dva_ultimate_var1_background.m3	c137a0f4399f351cef9826f7a83404a9	83856
mods/heroes.stormmod/base.stormassets/assets/portraits/storm_portrait_dva_ultimate_var2_background/storm_portrait_dva_ultimate_var2_background.m3	eb9fb0c8e2ce724ff90b5afc6a26d7fe	83856
mods/heroes.stormmod/base.stormassets/assets/portraits/storm_portrait_dvamech_deathwing/storm_portrait_dvamech_deathwing.m3	ef3c9654dd50092be0ae8f89ff85cf44	54112
mods/heroes.stormmod/base.stormassets/assets/portraits/storm_portrait_etc_base_background/storm_portrait_etc_base_background_v07.m3	9a1483dff238cbe9e37904137090fdbf	38832
mods/heroes.stormmod/base.stormassets/assets/portraits/storm_portrait_etc_summer18_background/storm_portrait_etc_summer18_background.m3	017d5f6645cf4752542fa38190b6ba7c	38640
mods/heroes.stormmod/base.stormassets/assets/portraits/storm_portrait_falstad_base_background/storm_portrait_falstad_base_background.m3	7b3b37f702ef11efdd3a30c597008610	13152
mods/heroes.stormmod/base.stormassets/assets/portraits/storm_portrait_falstad_pirate_background/storm_portrait_falstad_pirate_background.m3	366f90a2046bd5c4758e95016ade92a0	12976
mods/heroes.stormmod/base.stormassets/assets/portraits/storm_portrait_fenix_base/storm_portrait_fenix_base.m3	81d5467c02b4c266e26a655665551ae2	555808
mods/heroes.stormmod/base.stormassets/assets/portraits/storm_portrait_fenix_base_background/storm_portrait_fenix_base_background.m3	298fb704f53e7bdf79f2db5238c61db2	45136
mods/heroes.stormmod/base.stormassets/assets/portraits/storm_portrait_fenix_dark20/storm_portrait_fenix_dark20.m3	0bdecf358e82095751d8398a775c84d2	521568
mods/heroes.stormmod/base.stormassets/assets/portraits/storm_portrait_fenix_dark20_background/storm_portrait_fenix_dark20_background.m3	1db2d5f32bb0106e45d85071373246dc	13056
mods/heroes.stormmod/base.stormassets/assets/portraits/storm_portrait_fenix_facialanims/storm_portrait_fenix_facialanims.m3a	f64840c1ac209ebbe115a05b19f3872d	82048
mods/heroes.stormmod/base.stormassets/assets/portraits/storm_portrait_fenix_guardian/storm_portrait_fenix_guardian.m3	720c76bf9eb1dcfb40354a99f37550e4	383616
mods/heroes.stormmod/base.stormassets/assets/portraits/storm_portrait_fenix_guardian_background/storm_portrait_fenix_guardian_background.m3	b1f96f18791af4d6b3c45f5315fcb4f2	35056
mods/heroes.stormmod/base.stormassets/assets/portraits/storm_portrait_firebat_army19_background/storm_portrait_firebat_army19_background.m3	273f98de37b3533c4d744605a2afd468	12912
mods/heroes.stormmod/base.stormassets/assets/portraits/storm_portrait_firebat_base_background/storm_portrait_firebat_base_background.m3	e6fa4dbfd5d9fe99471743063a052a3c	12912
mods/heroes.stormmod/base.stormassets/assets/portraits/storm_portrait_firebat_felreaver_background/storm_portrait_firebat_felreaver_background.m3	8ee6d9261c8931ec3df1f12fb862e336	12912
mods/heroes.stormmod/base.stormassets/assets/portraits/storm_portrait_garrosh_base_background/storm_portrait_garrosh_base_background.m3	209338f43a45baee3b695796a9532db2	12912
mods/heroes.stormmod/base.stormassets/assets/portraits/storm_portrait_garrosh_road_background/storm_portrait_garrosh_road_background.m3	e6a7456e7fb4d48a6789b3f1b27861ce	12912
mods/heroes.stormmod/base.stormassets/assets/portraits/storm_portrait_garrosh_summer18_background/storm_portrait_garrosh_summer18_background.m3	b3e53e92a36ed4f5b7b889aeccf26faa	12912
mods/heroes.stormmod/base.stormassets/assets/portraits/storm_portrait_gazlowe_bag_background/storm_portrait_gazlowe_bag_background.m3	77538a17e5bdf1dfa5296a7d73318b14	12960
mods/heroes.stormmod/base.stormassets/assets/portraits/storm_portrait_gazlowe_base_background/storm_portrait_gazlowe_base_background.m3	1427261fc075bbc83456840bb7dd2262	12960
mods/heroes.stormmod/base.stormassets/assets/portraits/storm_portrait_gazlowe_craft20_background/storm_portrait_gazlowe_craft20_background.m3	b3e3354e7318d1536a741232de6db491	4496
mods/heroes.stormmod/base.stormassets/assets/portraits/storm_portrait_genji_army18_background/storm_portrait_genji_army18_background.m3	f927e3561cd6488ac1b81a827a46276a	12912
mods/heroes.stormmod/base.stormassets/assets/portraits/storm_portrait_genji_base_background/storm_portrait_genji_base_background.m3	723cb4c5bcf5acbdf200ee95b3c9d590	12912
mods/heroes.stormmod/base.stormassets/assets/portraits/storm_portrait_genji_oni_background/storm_portrait_genji_oni_background.m3	e1d17756c53ce1f4afb29033048d59a7	12912
mods/heroes.stormmod/base.stormassets/assets/portraits/storm_portrait_genji_ultimate_background/storm_portrait_genji_ultimate_background.m3	a13783b285c38013493acd71d1b62747	12928
mods/heroes.stormmod/base.stormassets/assets/portraits/storm_portrait_greymane_base_background/storm_portrait_greymane_base_background.m3	55628db9cfe6f0873550496e2da4e8fb	12960
mods/heroes.stormmod/base.stormassets/assets/portraits/storm_portrait_greymaneworgen_base_background/storm_portrait_greymaneworgen_base_background.m3	72f34717b1768c39646a48d3f9bc818b	15264
mods/heroes.stormmod/base.stormassets/assets/portraits/storm_portrait_guldan_base_background/storm_portrait_guldan_base_background.m3	25dc052187301aff22dab72bcf885236	12912
mods/heroes.stormmod/base.stormassets/assets/portraits/storm_portrait_guldan_dark18_background/storm_portrait_guldan_dark18_background.m3	dc268cebba8d219c793641a052b50d94	12912
mods/heroes.stormmod/base.stormassets/assets/portraits/storm_portrait_guldan_spider_background/storm_portrait_guldan_spider_background.m3	2b8c5757197451c3563fe449b2fe6b4e	12912
mods/heroes.stormmod/base.stormassets/assets/portraits/storm_portrait_guldan_toon20_background/storm_portrait_guldan_toon20_background.m3	83d8fae02b3c0d1a09652eed309deb40	4448
mods/heroes.stormmod/base.stormassets/assets/portraits/storm_portrait_hanzo_army19_background/storm_portrait_hanzo_army19_background.m3	aa6edd8d093ca12fbf64908a7f6be422	13216
mods/heroes.stormmod/base.stormassets/assets/portraits/storm_portrait_hanzo_base_background/storm_portrait_hanzo_base_background.m3	3bc89b755ec2de39977ec93f3643c817	13216
mods/heroes.stormmod/base.stormassets/assets/portraits/storm_portrait_hanzo_bloodelf_background/storm_portrait_hanzo_bloodelf_background.m3	c17242c149d78ee3da9909e4fea47b26	13216
mods/heroes.stormmod/base.stormassets/assets/portraits/storm_portrait_hogger_base_background/storm_portrait_hogger_base_background.m3	e3a4a541f08cbd84cfa02637d210d6d5	3584
mods/heroes.stormmod/base.stormassets/assets/portraits/storm_portrait_hogger_capn_background/storm_portrait_hogger_capn_background.m3	b7aeb77fe12fae43f204eb936b0a5f01	3584
mods/heroes.stormmod/base.stormassets/assets/portraits/storm_portrait_illidan_base_background/storm_portrait_illidan_base_background.m3	a635ccff2cade678c079fce771c06143	13152
mods/heroes.stormmod/base.stormassets/assets/portraits/storm_portrait_illidan_lunar_background/storm_portrait_illidan_lunar_background.m3	2225e3efa5d6adee2b68a9433edae626	12960
mods/heroes.stormmod/base.stormassets/assets/portraits/storm_portrait_imperius_base_background/storm_portrait_imperius_base_background.m3	8a90734f0d79b52300bde42c69c96e54	13008
mods/heroes.stormmod/base.stormassets/assets/portraits/storm_portrait_imperius_demonic19_background/storm_portrait_imperius_demonic19_background.m3	9734bd4ef322e730187bb58bca9ba19d	12992
mods/heroes.stormmod/base.stormassets/assets/portraits/storm_portrait_imperius_summer20_background/storm_portrait_imperius_summer20_background.m3	5a51915578d719b3253fc6deaf45ea6a	4528
mods/heroes.stormmod/base.stormassets/assets/portraits/storm_portrait_jaina_base_background/storm_portrait_jaina_base_background.m3	335d1c1b8c2ca6d349ca4fe40c086545	13136
mods/heroes.stormmod/base.stormassets/assets/portraits/storm_portrait_jaina_dreadlord_background/storm_portrait_jaina_dreadlord_background.m3	faf28003b3e886e38f81a44e12d1adbc	12944
mods/heroes.stormmod/base.stormassets/assets/portraits/storm_portrait_jaina_lunar_background/storm_portrait_jaina_lunar_background.m3	1ff267306fd7e5f4e27a825b229a24b5	12944
mods/heroes.stormmod/base.stormassets/assets/portraits/storm_portrait_jaina_modern_background/storm_portrait_jaina_modern_background.m3	07e844e7fc6806c6c29eb58d861a5ea1	12928
mods/heroes.stormmod/base.stormassets/assets/portraits/storm_portrait_jaina_tempest_background/storm_portrait_jaina_tempest_background.m3	862ef1315ac970dbea777b988d86bced	13184
mods/heroes.stormmod/base.stormassets/assets/portraits/storm_portrait_junkrat_base_background/storm_portrait_junkrat_base_background.m3	a26e54c9c8b627e2ae17489b4fcd9230	12912
mods/heroes.stormmod/base.stormassets/assets/portraits/storm_portrait_junkrat_fallen_background/storm_portrait_junkrat_fallen_background.m3	13fe1cf47701277cda71119125363981	12912
mods/heroes.stormmod/base.stormassets/assets/portraits/storm_portrait_junkrat_mobster19_background/storm_portrait_junkrat_mobster19_background.m3	b63ccce76acae12303ab35f73135d756	4448
mods/heroes.stormmod/base.stormassets/assets/portraits/storm_portrait_junkrat_wcav_background/storm_portrait_junkrat_wcav_background.m3	a6b77cdd75fd3c184d2b3f1f5d5e359a	12912
mods/heroes.stormmod/base.stormassets/assets/portraits/storm_portrait_kaelthas_base_background/storm_portrait_kaelthas_base_background.m3	dccdd474f15b3eecff3d393afad4b1e6	13152
mods/heroes.stormmod/base.stormassets/assets/portraits/storm_portrait_kaelthas_lunar_background/storm_portrait_kaelthas_lunar_background.m3	f1bf5a335a715cbd9aab8dea969229d2	12976
mods/heroes.stormmod/base.stormassets/assets/portraits/storm_portrait_kaelthas_super_background/storm_portrait_kaelthas_super_background.m3	59c17171a031b38e74384c9e840f8035	12960
mods/heroes.stormmod/base.stormassets/assets/portraits/storm_portrait_kaelthas_super_var1_background/storm_portrait_kaelthas_super_var1_background.m3	5adac1e2d963248a3a0647f95a8dbe14	12960
mods/heroes.stormmod/base.stormassets/assets/portraits/storm_portrait_kaelthas_super_var2_background/storm_portrait_kaelthas_super_var2_background.m3	bff813d40c8385989540f5af96fc2047	12960
mods/heroes.stormmod/base.stormassets/assets/portraits/storm_portrait_kaelthas_super_var3_background/storm_portrait_kaelthas_super_var3_background.m3	fbb87c66dcae57db0a0846f56e21e716	12976
mods/heroes.stormmod/base.stormassets/assets/portraits/storm_portrait_kelthuzad_base_background/storm_portrait_kelthuzad_base_background.m3	8518067a05dcf0f9ddddad546dbb3bb7	12928
mods/heroes.stormmod/base.stormassets/assets/portraits/storm_portrait_kelthuzad_starlich_background/storm_portrait_kelthuzad_starlich_background.m3	0f6668ac330d75058211bcfb2e7c28bb	12912
mods/heroes.stormmod/base.stormassets/assets/portraits/storm_portrait_kerrigan_base_background/storm_portrait_kerrigan_base_background.m3	931dfe664dfc0a6c38452e577ee3420d	13152
mods/heroes.stormmod/base.stormassets/assets/portraits/storm_portrait_kerrigan_cheer_background/storm_portrait_kerrigan_cheer_background.m3	a46cc91b756e25390f0a1eb6e369c500	12960
mods/heroes.stormmod/base.stormassets/assets/portraits/storm_portrait_kerrigan_cheer_var1_background/storm_portrait_kerrigan_cheer_var1_background.m3	1d79903aa87b78f1c7a51cedf5b5ebfe	12960
mods/heroes.stormmod/base.stormassets/assets/portraits/storm_portrait_kerrigan_cheer_var2_background/storm_portrait_kerrigan_cheer_var2_background.m3	69dde1e8bbba976170afa4424ea98ab7	12960
mods/heroes.stormmod/base.stormassets/assets/portraits/storm_portrait_kerrigan_classic21_background/storm_portrait_kerrigan_classic21_background.m3	7b4cacd834ee583f257e6d233c3c8dc7	4496
mods/heroes.stormmod/base.stormassets/assets/portraits/storm_portrait_kerrigan_ghost_background/storm_portrait_kerrigan_ghost_background.m3	bc1b0bc2f2795f1944fe8abaefc9bc97	12960
mods/heroes.stormmod/base.stormassets/assets/portraits/storm_portrait_kerrigan_ghost_var1_background/storm_portrait_kerrigan_ghost_var1_background.m3	bd624d92d1cf274a1749f6815913fc4a	12960
mods/heroes.stormmod/base.stormassets/assets/portraits/storm_portrait_kerrigan_ghost_var2_background/storm_portrait_kerrigan_ghost_var2_background.m3	53e16a2c6caddf3213efd02b746528f4	12960
mods/heroes.stormmod/base.stormassets/assets/portraits/storm_portrait_kerrigan_ghost_var3_background/storm_portrait_kerrigan_ghost_var3_background.m3	e8487098586dca3a43cbb48a8eb7584a	12960
mods/heroes.stormmod/base.stormassets/assets/portraits/storm_portrait_kingleoric_base_background/storm_portrait_kingleoric_base_background.m3	8606a818e52756f080a4b39ba9914625	13200
mods/heroes.stormmod/base.stormassets/assets/portraits/storm_portrait_kingleoric_janitor18_background/storm_portrait_kingleoric_janitor18_background.m3	59276fb7b79e210fb6eafd578d56f92e	13008
mods/heroes.stormmod/base.stormassets/assets/portraits/storm_portrait_kingleoric_space_background/storm_portrait_kingleoric_space_background.m3	ea49667d004f7161eddfbe1623662ff0	12992
mods/heroes.stormmod/base.stormassets/assets/portraits/storm_portrait_kingleoric_space_var1_background/storm_portrait_kingleoric_space_var1_background.m3	15271b8506043679f4c08954c289f43b	12992
mods/heroes.stormmod/base.stormassets/assets/portraits/storm_portrait_kingleoric_space_var2_background/storm_portrait_kingleoric_space_var2_background.m3	30c3a9dcd487916b455109ef5450f0ec	12992
mods/heroes.stormmod/base.stormassets/assets/portraits/storm_portrait_kingscrest_dragonknight_background/storm_portrait_kingscrest_dragonknight_background.m3	80ce20bce7de652aaa22486617412110	13008
mods/heroes.stormmod/base.stormassets/assets/portraits/storm_portrait_lili_base_background/storm_portrait_lili_base_background.m3	10ade4cb73d5d86d462ca912ad209668	13120
mods/heroes.stormmod/base.stormassets/assets/portraits/storm_portrait_lili_shadowpaw_background/storm_portrait_lili_shadowpaw_background.m3	37ab7033059b3317ad77d7ede507f6de	12944
mods/heroes.stormmod/base.stormassets/assets/portraits/storm_portrait_lili_summer20_background/storm_portrait_lili_summer20_background.m3	1d33ea6000dd49d23b56dc8998d9b61a	4464
mods/heroes.stormmod/base.stormassets/assets/portraits/storm_portrait_lostbaleog_base_background/storm_portrait_lostbaleog_base_background.m3	a645f4672bf24cb7251f82f2520bf0fd	13312
mods/heroes.stormmod/base.stormassets/assets/portraits/storm_portrait_losterik_base_background/storm_portrait_losterik_base_background.m3	8901204fd0e0656ee88ebec3aa715e4d	13904
mods/heroes.stormmod/base.stormassets/assets/portraits/storm_portrait_lostolaf_base_background/storm_portrait_lostolaf_base_background.m3	a936cef2dbb5f4f9ef886a0d2732e944	13888
mods/heroes.stormmod/base.stormassets/assets/portraits/storm_portrait_lostvikingsship_base_background/storm_portrait_lostvikingsship_base_background.m3	a6e2920776ead49bbd2ad327dc4e4b44	13312
mods/heroes.stormmod/base.stormassets/assets/portraits/storm_portrait_lucio_base_background/storm_portrait_lucio_base_background.m3	78ce2534e3644459d55ace457a819896	12960
mods/heroes.stormmod/base.stormassets/assets/portraits/storm_portrait_lucio_frog_background/storm_portrait_lucio_frog_background.m3	6f9b4172b3c59a36cb0d86364d9bc124	12944
mods/heroes.stormmod/base.stormassets/assets/portraits/storm_portrait_lucio_spring19_background/storm_portrait_lucio_spring19_background.m3	0de0f80a70cddf2f12d5e21fd1b30c45	12960
mods/heroes.stormmod/base.stormassets/assets/portraits/storm_portrait_maiev_altered20_background/storm_portrait_maiev_altered20_background.m3	16031ad2459a9ae6826ee6d3e0ac30f2	4448
mods/heroes.stormmod/base.stormassets/assets/portraits/storm_portrait_maiev_base_background/storm_portrait_maiev_base_background.m3	a090def7bcbcfc13f4bf7f1506620f61	12912
mods/heroes.stormmod/base.stormassets/assets/portraits/storm_portrait_maiev_hellwarden_background/storm_portrait_maiev_hellwarden_background.m3	ae2b7c41d4c6d137f4cf0818d28c107c	12928
mods/heroes.stormmod/base.stormassets/assets/portraits/storm_portrait_maiev_spooky18_background/storm_portrait_maiev_spooky18_background.m3	7e97977d3a3d9d90e8a1e1ec016cae5f	12912
mods/heroes.stormmod/base.stormassets/assets/portraits/storm_portrait_maiev_spooky18_var1_background/storm_portrait_maiev_spooky18_var1_background.m3	bc75e0b0ce6defbae3be1ce47d1a9c0d	12912
mods/heroes.stormmod/base.stormassets/assets/portraits/storm_portrait_maiev_spooky18_var2_background/storm_portrait_maiev_spooky18_var2_background.m3	45076829d44632b6f6a8913e4f3e0b49	12912
mods/heroes.stormmod/base.stormassets/assets/portraits/storm_portrait_malfurion_base_background/storm_portrait_malfurion_base_background.m3	0eef4f02d91bfef895f60603e2668a01	14528
mods/heroes.stormmod/base.stormassets/assets/portraits/storm_portrait_malfurion_flame_background/storm_portrait_malfurion_flame_background.m3	2be95f4e826caa296d210aac3bc8f04f	14336
mods/heroes.stormmod/base.stormassets/assets/portraits/storm_portrait_malfurion_flame_var1_background/storm_portrait_malfurion_flame_var1_background.m3	077bf611ca6e4a66a6141397560eb21c	14352
mods/heroes.stormmod/base.stormassets/assets/portraits/storm_portrait_malfurion_flame_var2_background/storm_portrait_malfurion_flame_var2_background.m3	6a11593472df0900c7e71d78a39dc144	14352
mods/heroes.stormmod/base.stormassets/assets/portraits/storm_portrait_malfurion_flame_var3_background/storm_portrait_malfurion_flame_var3_background.m3	c50bd6fa95aba5436d1062b0d78834d8	14336
mods/heroes.stormmod/base.stormassets/assets/portraits/storm_portrait_malfurion_winter_background/storm_portrait_malfurion_winter_background.m3	ca94b8bbef72bc2db0440e34ef9a8f40	14336
mods/heroes.stormmod/base.stormassets/assets/portraits/storm_portrait_malganis_base_background/storm_portrait_malganis_base_background.m3	4f839182667ee67a90cd4f74b842a009	12912
mods/heroes.stormmod/base.stormassets/assets/portraits/storm_portrait_malganis_pilothawk_background/storm_portrait_malganis_pilothawk_background.m3	38b12ed790fadc952333c09387024c68	12912
mods/heroes.stormmod/base.stormassets/assets/portraits/storm_portrait_malganis_summer20_background/storm_portrait_malganis_summer20_background.m3	82fe4e7438934b21d076a31b58264520	4448
mods/heroes.stormmod/base.stormassets/assets/portraits/storm_portrait_malthael_base_background/storm_portrait_malthael_base_background.m3	a11c8574c5a9c6a5eea99216adcc9689	12928
mods/heroes.stormmod/base.stormassets/assets/portraits/storm_portrait_malthael_base_var2_background/storm_portrait_malthael_base_var2_background.m3	72afa342ca610211b466ebff1fe81f39	12928
mods/heroes.stormmod/base.stormassets/assets/portraits/storm_portrait_malthael_grave_background/storm_portrait_malthael_grave_background.m3	2f9df70d855ce7941d6a90c9ae1765db	12928
mods/heroes.stormmod/base.stormassets/assets/portraits/storm_portrait_malthael_grave_var1_background/storm_portrait_malthael_grave_var1_background.m3	7fca812ead878b6a1819094425132c00	12928
mods/heroes.stormmod/base.stormassets/assets/portraits/storm_portrait_malthael_grave_var2_background/storm_portrait_malthael_grave_var2_background.m3	99d9585b7851f9a017b398626006cd83	12928
mods/heroes.stormmod/base.stormassets/assets/portraits/storm_portrait_malthael_mecha19_background/storm_portrait_malthael_mecha19_background.m3	be516b6774b1445c9eb736c3391da8e2	12912
mods/heroes.stormmod/base.stormassets/assets/portraits/storm_portrait_malthael_winter17_background/storm_portrait_malthael_winter17_background.m3	daab8e48d14ff8987b464680f085b2ea	12016
mods/heroes.stormmod/base.stormassets/assets/portraits/storm_portrait_medic_apoth_background/storm_portrait_medic_apoth_background.m3	2b38757a1ec74052072ba20cc62118e0	14320
mods/heroes.stormmod/base.stormassets/assets/portraits/storm_portrait_medic_base_background/storm_portrait_medic_base_background.m3	e2a78faaa909614087b7a4e1d0b0e460	14528
mods/heroes.stormmod/base.stormassets/assets/portraits/storm_portrait_medic_enforcer_background/storm_portrait_medic_enforcer_background.m3	46d448769e486a5b455377bc50f30f59	14352
mods/heroes.stormmod/base.stormassets/assets/portraits/storm_portrait_medic_love_background/storm_portrait_medic_love_background.m3	ed959807f258852e77862084d665f4cf	14336
mods/heroes.stormmod/base.stormassets/assets/portraits/storm_portrait_medivh_base_background/storm_portrait_medivh_base_background.m3	6c792b0c33ddf93a87a505e11cb2c5a4	12960
mods/heroes.stormmod/base.stormassets/assets/portraits/storm_portrait_medivh_knightowl_background/storm_portrait_medivh_knightowl_background.m3	dc6ca41296bb720a593765f734bff778	12976
mods/heroes.stormmod/base.stormassets/assets/portraits/storm_portrait_medivh_knightowl_var1_background/storm_portrait_medivh_knightowl_var1_background.m3	ed4cf51037da558b590063a0c54c5310	12976
mods/heroes.stormmod/base.stormassets/assets/portraits/storm_portrait_medivh_knightowl_var2_background/storm_portrait_medivh_knightowl_var2_background.m3	3e2b558c8724f427353f462f8c78c79b	12976
mods/heroes.stormmod/base.stormassets/assets/portraits/storm_portrait_meiow_base_background/storm_portrait_meiow_base_background.m3	df29b5f5a9a3b3fee481cb65e8fdb472	4736
mods/heroes.stormmod/base.stormassets/assets/portraits/storm_portrait_meiow_deathknight19_background/storm_portrait_meiow_deathknight19_background.m3	af0e1ef3a515a0baf86a1c52e13fa0b3	4752
mods/heroes.stormmod/base.stormassets/assets/portraits/storm_portrait_meiow_pajama_background/storm_portrait_meiow_pajama_background.m3	d1cadf30ae1ceb333b2234674ff53df0	4736
mods/heroes.stormmod/base.stormassets/assets/portraits/storm_portrait_mephisto_base_background/storm_portrait_mephisto_base_background.m3	0ccf4e9e2563778d6f7e1cb5240da93c	12928
mods/heroes.stormmod/base.stormassets/assets/portraits/storm_portrait_mephisto_starwraith_background/storm_portrait_mephisto_starwraith_background.m3	c8227a1a73c991b1d499ece72ec2cf28	12928
mods/heroes.stormmod/base.stormassets/assets/portraits/storm_portrait_mephisto_toys19_background/storm_portrait_mephisto_toys19_background.m3	4e10701dfaea58ea7bf9ec3fefeade14	4448
mods/heroes.stormmod/base.stormassets/assets/portraits/storm_portrait_muradin_base_background/storm_portrait_muradin_base_background.m3	673959d1860f6299fc603d6cdaa7fbc2	13904
mods/heroes.stormmod/base.stormassets/assets/portraits/storm_portrait_muradin_wcav_background/storm_portrait_muradin_wcav_background.m3	78c249b4a1ba93b8dc596ee7c86938b0	13712
mods/heroes.stormmod/base.stormassets/assets/portraits/storm_portrait_murky_base_background/storm_portrait_murky_base_background.m3	bce5cacc3085cc0fc933c41c8511bc47	4448
mods/heroes.stormmod/base.stormassets/assets/portraits/storm_portrait_nexushunter_base_background/storm_portrait_nexushunter_base_background.m3	d9b17e2e559c651ca578198a102fd64f	12992
mods/heroes.stormmod/base.stormassets/assets/portraits/storm_portrait_nexushunter_madaxe19_background/storm_portrait_nexushunter_madaxe19_background.m3	fc9650566eaf27d210b7fc5eeab5823d	12992
mods/heroes.stormmod/base.stormassets/assets/portraits/storm_portrait_nexushunter_toys19_background/storm_portrait_nexushunter_toys19_background.m3	cb8b22794a9cc6b355722c88782c93a3	4528
mods/heroes.stormmod/base.stormassets/assets/portraits/storm_portrait_nova_base_background/storm_portrait_nova_base_background_v05.m3	00b9a0c4f29b02da3c711f76fd4a4fda	12944
mods/heroes.stormmod/base.stormassets/assets/portraits/storm_portrait_nova_madaxe18_background/storm_portrait_nova_madaxe18_background.m3	e4f4f07178c4cd773a40e8b5e8341e0e	12928
mods/heroes.stormmod/base.stormassets/assets/portraits/storm_portrait_nova_novazon_background/storm_portrait_nova_novazon_background_v05.m3	b3dc0536a18da5b66666b9e0ae6f3586	13136
mods/heroes.stormmod/base.stormassets/assets/portraits/storm_portrait_nova_rollerderby_background/storm_portrait_nova_rollerderby_background.m3	2447f30aed76d1456bfbc8b62c54ed91	13184
mods/heroes.stormmod/base.stormassets/assets/portraits/storm_portrait_nova_widow_background/storm_portrait_nova_widow_background.m3	82861405db6fab9e82bf755d13e23f5b	12944
mods/heroes.stormmod/base.stormassets/assets/portraits/storm_portrait_nova_widow_var1_background/storm_portrait_nova_widow_var1_background.m3	4df858929b0550b3be3d83183c84f171	12944
mods/heroes.stormmod/base.stormassets/assets/portraits/storm_portrait_nova_widow_var2_background/storm_portrait_nova_widow_var2_background.m3	16b6d379c1fdae35a283d1f66cb27bb1	12944
mods/heroes.stormmod/base.stormassets/assets/portraits/storm_portrait_orphea_base_background/storm_portrait_orphea_base_background.m3	6f0e4ee88bdf475f7f7d433f5e9d9a30	12992
mods/heroes.stormmod/base.stormassets/assets/portraits/storm_portrait_orphea_mobster19_background/storm_portrait_orphea_mobster19_background.m3	268ec5badefa2c8acb584e12a0eb7eaa	4528
mods/heroes.stormmod/base.stormassets/assets/portraits/storm_portrait_orphea_school18_background/storm_portrait_orphea_school18_background.m3	04714eabe80a878146eeb1589e39d840	13008
mods/heroes.stormmod/base.stormassets/assets/portraits/storm_portrait_owvol_robotvehicle_background/storm_portrait_owvol_robotvehicle_background.m3	fe5cac0f850cd7748d9f82f4763c3db4	14784
mods/heroes.stormmod/base.stormassets/assets/portraits/storm_portrait_probius_base_background/storm_portrait_probius_base_background.m3	52efdc519ae0d78525e56d2adc3c92ff	12912
mods/heroes.stormmod/base.stormassets/assets/portraits/storm_portrait_probius_ultimate_background/storm_portrait_probius_ultimate_background.m3	e0bfd42bd3732ca535c7fad3c3bf15de	12912
mods/heroes.stormmod/base.stormassets/assets/portraits/storm_portrait_ragnaros_base_background/storm_portrait_ragnaros_base_background.m3	3ee4b73d5d6eaacd905a750ecb3e15d4	13984
mods/heroes.stormmod/base.stormassets/assets/portraits/storm_portrait_ragnaros_lil_background/storm_portrait_ragnaros_lil_background.m3	9f556f727ec8da75164f45717681b954	13728
mods/heroes.stormmod/base.stormassets/assets/portraits/storm_portrait_raynor_base_background/storm_portrait_raynor_base_background.m3	d252a22b75cce9600e6ffe6a36ae7d17	14512
mods/heroes.stormmod/base.stormassets/assets/portraits/storm_portrait_raynor_classic21_background/storm_portrait_raynor_classic21_background.m3	3fe31422657ede7b3f5f857d547734f8	5872
mods/heroes.stormmod/base.stormassets/assets/portraits/storm_portrait_raynor_commander_background/storm_portrait_raynor_commander_background.m3	406fafb02abc7bfa9a521f9d02036e15	13184
mods/heroes.stormmod/base.stormassets/assets/portraits/storm_portrait_raynor_madaxe18_background/storm_portrait_raynor_madaxe18_background.m3	9f9b8572c43127a25782cef1e0e1681d	13008
mods/heroes.stormmod/base.stormassets/assets/portraits/storm_portrait_raynor_owc20_background/storm_portrait_raynor_owc20_background.m3	054eb6d02913204786c7d0acfd8f6072	5872
mods/heroes.stormmod/base.stormassets/assets/portraits/storm_portrait_rehgar_base_background/storm_portrait_rehgar_base_background.m3	b2b56e087dd8ed25c047d889b1893d40	13136
mods/heroes.stormmod/base.stormassets/assets/portraits/storm_portrait_rehgar_classic21_background/storm_portrait_rehgar_classic21_background.m3	4f124c29fc1b011d22d26b7c037bebb5	4496
mods/heroes.stormmod/base.stormassets/assets/portraits/storm_portrait_rehgar_mecha_background/storm_portrait_rehgar_mecha_background.m3	f2429fc8a95b163eca313d2823797c6e	12960
mods/heroes.stormmod/base.stormassets/assets/portraits/storm_portrait_rehgar_mecha_morph_background/storm_portrait_rehgar_mecha_morph_background.m3	0f9c0f44693c49a22393232a96e00c0e	12992
mods/heroes.stormmod/base.stormassets/assets/portraits/storm_portrait_rehgar_morph_background/storm_portrait_rehgar_morph_background.m3	0268d42f0fe516e29616f670cfce4714	13184
mods/heroes.stormmod/base.stormassets/assets/portraits/storm_portrait_rehgar_wcav_background/storm_portrait_rehgar_wcav_background.m3	6eee4b9267039a75fa51edbf6eac0ede	12944
mods/heroes.stormmod/base.stormassets/assets/portraits/storm_portrait_rehgar_wcav_morph_background/storm_portrait_rehgar_wcav_morph_background.m3	8995ff0181d66ea392da9ec4170a7ce3	12992
mods/heroes.stormmod/base.stormassets/assets/portraits/storm_portrait_rexxar_base_background/storm_portrait_rexxar_base_background.m3	e5d63a49c5f3f005fbbc9e2bde26d13d	13104
mods/heroes.stormmod/base.stormassets/assets/portraits/storm_portrait_rexxar_frost_background/storm_portrait_rexxar_frost_background.m3	888840b811b00aeeee10ed7599b54ecb	13120
mods/heroes.stormmod/base.stormassets/assets/portraits/storm_portrait_rexxar_marine_background/storm_portrait_rexxar_marine_background.m3	a3e88cf79fbc425045b25f4616415713	12928
mods/heroes.stormmod/base.stormassets/assets/portraits/storm_portrait_rexxar_marine_var1_background/storm_portrait_rexxar_marine_var1_background.m3	7ab246b0405e55b63e362d9f782bd224	12928
mods/heroes.stormmod/base.stormassets/assets/portraits/storm_portrait_rexxar_marine_var2_background/storm_portrait_rexxar_marine_var2_background.m3	78335f40183023b99a93a03afac03f0c	12928
mods/heroes.stormmod/base.stormassets/assets/portraits/storm_portrait_rexxar_marine_var3_background/storm_portrait_rexxar_marine_var3_background.m3	c37eadb443117c3e5c420d55cb8468c5	12928
mods/heroes.stormmod/base.stormassets/assets/portraits/storm_portrait_rexxar_marine_var4_background/storm_portrait_rexxar_marine_var4_background.m3	45103f9f26994a7028b1201eefe4bfcb	4464
mods/heroes.stormmod/base.stormassets/assets/portraits/storm_portrait_samuro_base_background/storm_portrait_samuro_base_background.m3	c062904a8786852a586b37dc10e35725	12928
mods/heroes.stormmod/base.stormassets/assets/portraits/storm_portrait_samuro_fel_background/storm_portrait_samuro_fel_background.m3	ec1a75ae6739047f0d898728eeab3e94	12928
mods/heroes.stormmod/base.stormassets/assets/portraits/storm_portrait_samuro_fel_var1_background/storm_portrait_samuro_fel_var1_background.m3	cea707fe1e6b26c54e4470160bb9768f	12944
mods/heroes.stormmod/base.stormassets/assets/portraits/storm_portrait_samuro_fel_var2_background/storm_portrait_samuro_fel_var2_background.m3	b16b1e5b53441eebfcc39a506a1738df	12944
mods/heroes.stormmod/base.stormassets/assets/portraits/storm_portrait_samuro_monkey_background/storm_portrait_samuro_monkey_background.m3	baad4e89539b5f2455873a0c3ca13967	12928
mods/heroes.stormmod/base.stormassets/assets/portraits/storm_portrait_samuro_monkey_var1_background/storm_portrait_samuro_monkey_var1_background.m3	8f11170855a70a2b759f478e9c228e14	12928
mods/heroes.stormmod/base.stormassets/assets/portraits/storm_portrait_sgthammer_base/storm_portrait_sgthammer_base_v08.m3	029711c230f566ecaab77b6c792ace3f	508592
mods/heroes.stormmod/base.stormassets/assets/portraits/storm_portrait_sgthammer_doom/storm_portrait_sgthammer_doom.m3	5276290f2dc65656ba349c51b0a84e1d	514176
mods/heroes.stormmod/base.stormassets/assets/portraits/storm_portrait_sgthammer_doom_facialanims/storm_portrait_sgthammer_doom_facialanims.m3a	9b5c046f996693c96e81f6054cc1ebd2	126256
mods/heroes.stormmod/base.stormassets/assets/portraits/storm_portrait_sgthammer_facialanims/storm_portrait_sgthammer_facialanims_v08.m3a	dcbdf7612ff0f86e61b4707485e021c1	127376
mods/heroes.stormmod/base.stormassets/assets/portraits/storm_portrait_sgthammer_mobster19/storm_portrait_sgthammer_mobster19.m3	32b675008e489f16d88cdec9e0c65b8a	446064
mods/heroes.stormmod/base.stormassets/assets/portraits/storm_portrait_sgthammer_mobster19_requiredanims/storm_portrait_sgthammer_mobster19_requiredanims.m3a	28ed57a07689edddc93796d27a34da32	969824
mods/heroes.stormmod/base.stormassets/assets/portraits/storm_portrait_sgthammer_requiredanims/storm_portrait_sgthammer_requiredanims.m3a	d1f548ece6eb4160ceeb9c6bbda6fe4b	153776
mods/heroes.stormmod/base.stormassets/assets/portraits/storm_portrait_sgthammer_requiredanims/storm_portrait_sgthammer_requiredanims_v08.m3a	8be31281e8506c14b92d808f117d04b5	624224
mods/heroes.stormmod/base.stormassets/assets/portraits/storm_portrait_sgthammer_ultimate/storm_portrait_sgthammer_ultimate_v08.m3	730343e832bf08b3220974a1d90bc573	522608
mods/heroes.stormmod/base.stormassets/assets/portraits/storm_portrait_sgthammer_ww2/storm_portrait_sgthammer_ww2_v08.m3	ca62b8b7e1a3036768b5177706083ba4	500560
mods/heroes.stormmod/base.stormassets/assets/portraits/storm_portrait_stitches_base_background/storm_portrait_stitches_base_background.m3	8c30b63190be8a95502421748a729423	14528
mods/heroes.stormmod/base.stormassets/assets/portraits/storm_portrait_stitches_beachparty_background/storm_portrait_stitches_beachparty_background.m3	a0eddb38aca8c008fef207d27cd481bf	13152
mods/heroes.stormmod/base.stormassets/assets/portraits/storm_portrait_stitches_chef_background/storm_portrait_stitches_chef_background.m3	1d65e0883e8ece5c46aeb93f589ae54b	13184
mods/heroes.stormmod/base.stormassets/assets/portraits/storm_portrait_stitches_gfwinter_background/storm_portrait_stitches_gfwinter_background.m3	f53c42ab3548412a72150d348747bf88	14336
mods/heroes.stormmod/base.stormassets/assets/portraits/storm_portrait_stitches_owc20_background/storm_portrait_stitches_owc20_background.m3	d03176b1bc2422b752b4f01d42403b5c	5872
mods/heroes.stormmod/base.stormassets/assets/portraits/storm_portrait_stitches_psycho_background/storm_portrait_stitches_psycho_background.m3	8f2392b64cc0b1dafe1bae9a9555c814	13184
mods/heroes.stormmod/base.stormassets/assets/portraits/storm_portrait_stitches_toys18_background/storm_portrait_stitches_toys18_background.m3	2535f0774d2b9b6e8c404dd961dbd3f0	14352
mods/heroes.stormmod/base.stormassets/assets/portraits/storm_portrait_stukov_army18_background/storm_portrait_stukov_army18_background.m3	b3f8ace54d48791aa3c2cd83383ee604	12912
mods/heroes.stormmod/base.stormassets/assets/portraits/storm_portrait_stukov_base_background/storm_portrait_stukov_base_background.m3	5fcf4222d32b479c6f4333fcdac2ac92	12912
mods/heroes.stormmod/base.stormassets/assets/portraits/storm_portrait_stukov_pirate_background/storm_portrait_stukov_pirate_background.m3	211d09425f13abb5941f488fd1097b1c	12912
mods/heroes.stormmod/base.stormassets/assets/portraits/storm_portrait_sylvanas_base_background/storm_portrait_sylvanas_base_background.m3	1514257830a1cc83b6ccd983676c2246	13152
mods/heroes.stormmod/base.stormassets/assets/portraits/storm_portrait_sylvanas_bloodraven/storm_portrait_sylvanas_bloodraven.m3	e4830945bda95741c48b0f2f8a90858d	12960
mods/heroes.stormmod/base.stormassets/assets/portraits/storm_portrait_sylvanas_bloodraven_var1/storm_portrait_sylvanas_bloodraven_var1.m3	1843e3c8e1508ec893688d4aa5bbe722	12976
mods/heroes.stormmod/base.stormassets/assets/portraits/storm_portrait_sylvanas_bloodraven_var2/storm_portrait_sylvanas_bloodraven_var2.m3	2d3f95417b3d581d45990de3fea4202c	12976
mods/heroes.stormmod/base.stormassets/assets/portraits/storm_portrait_sylvanas_fairy_background/storm_portrait_sylvanas_fairy_background.m3	6fcef85302733ea585282645f666a6bd	12960
mods/heroes.stormmod/base.stormassets/assets/portraits/storm_portrait_sylvanas_lunar_background/storm_portrait_sylvanas_lunar_background.m3	cba01d7ce1674bdb0db0262f92fa2455	12976
mods/heroes.stormmod/base.stormassets/assets/portraits/storm_portrait_tassadar_base_background/storm_portrait_tassadar_base_background.m3	91209be4fc6e8b5a4882ec26b0c5cf6d	13152
mods/heroes.stormmod/base.stormassets/assets/portraits/storm_portrait_tassadar_dark20_background/storm_portrait_tassadar_dark20_background.m3	3f1ad324761af667d4576f7e01cedfd3	4512
mods/heroes.stormmod/base.stormassets/assets/portraits/storm_portrait_tassadar_mecha_background/storm_portrait_tassadar_mecha_background.m3	863317157176cceda3baecf8893e4c59	13184
mods/heroes.stormmod/base.stormassets/assets/portraits/storm_portrait_tassadar_pharaoh_background/storm_portrait_tassadar_pharaoh_background.m3	0a6b3ef60023bdd9600d27ffafa33f4f	38896
mods/heroes.stormmod/base.stormassets/assets/portraits/storm_portrait_thrall_base_background/storm_portrait_thrall_base_background.m3	8c42719959c7cd2cd5187e1ad0fb620d	13136
mods/heroes.stormmod/base.stormassets/assets/portraits/storm_portrait_thrall_earthbreaker_background/storm_portrait_thrall_earthbreaker_background.m3	c49a12a34f187465d6d41766255250a9	13168
mods/heroes.stormmod/base.stormassets/assets/portraits/storm_portrait_tracer_base_background/storm_portrait_tracer_base_background.m3	841368136370ba190089d2b6fa0ebf6f	12960
mods/heroes.stormmod/base.stormassets/assets/portraits/storm_portrait_tracer_myth20_background/storm_portrait_tracer_myth20_background.m3	802935784fd4b8f079b9ab1eb9514fdd	4496
mods/heroes.stormmod/base.stormassets/assets/portraits/storm_portrait_tracer_spectre_background/storm_portrait_tracer_spectre_background.m3	5dff4edd91d28079a6ee3735407c8db0	12960
mods/heroes.stormmod/base.stormassets/assets/portraits/storm_portrait_tracer_spectre_var1_background/storm_portrait_tracer_spectre_var1_background.m3	7dbc951934c62a04c7bbcbfdd8380e13	12976
mods/heroes.stormmod/base.stormassets/assets/portraits/storm_portrait_tracer_spectre_var2_background/storm_portrait_tracer_spectre_var2_background.m3	03c393452a7b0e95180fa5ae3053bf38	12976
mods/heroes.stormmod/base.stormassets/assets/portraits/storm_portrait_tracer_spectre_var3_background/storm_portrait_tracer_spectre_var3_background.m3	6895eec691dcd61dbcb1a9cbd5b9e654	12976
mods/heroes.stormmod/base.stormassets/assets/portraits/storm_portrait_tracer_ultimate_background/storm_portrait_tracer_ultimate_background.m3	8c4e23817d01eef7cee1d222c72c2380	12960
mods/heroes.stormmod/base.stormassets/assets/portraits/storm_portrait_transition/storm_portrait_transition.m3	57460515789a7c8239c963ae6c5e9294	62352
mods/heroes.stormmod/base.stormassets/assets/portraits/storm_portrait_tychus_base_background/storm_portrait_tychus_base_background.m3	0b352eae0a05476ade46cb1caafb96c3	13152
mods/heroes.stormmod/base.stormassets/assets/portraits/storm_portrait_tychus_infested_background/storm_portrait_tychus_infested_background.m3	26b6100806d66761471994affd6ec04f	13152
mods/heroes.stormmod/base.stormassets/assets/portraits/storm_portrait_tychus_prisoner_background/storm_portrait_tychus_prisoner_background.m3	ce9d9b64a26e5c6ce54fd0bccd16e99a	13152
mods/heroes.stormmod/base.stormassets/assets/portraits/storm_portrait_tychus_watergun_background/storm_portrait_tychus_watergun_background.m3	84b7dd6afc2e3e87a84d0e2ae43e50ce	12976
mods/heroes.stormmod/base.stormassets/assets/portraits/storm_portrait_tychus_watergun_short_background/storm_portrait_tychus_watergun_short_background.m3	b68d37324955bc5adb58b6e2d6344c55	12976
mods/heroes.stormmod/base.stormassets/assets/portraits/storm_portrait_tyrael_base_background/storm_portrait_tyrael_base_background.m3	4f7de357984637ac3550f0cad1c36817	13136
mods/heroes.stormmod/base.stormassets/assets/portraits/storm_portrait_tyrande_base_background/storm_portrait_tyrande_base_background.m3	6358ba170d1bfa873f8afbb91c2760a5	13152
mods/heroes.stormmod/base.stormassets/assets/portraits/storm_portrait_tyrande_super_background/storm_portrait_tyrande_super_background.m3	62651e612d4f044ca8a3362c55d6936f	12960
mods/heroes.stormmod/base.stormassets/assets/portraits/storm_portrait_tyrande_super_var1_background/storm_portrait_tyrande_super_var1_background.m3	580ccffee11f4bcc659f7b4bb2efc88f	12960
mods/heroes.stormmod/base.stormassets/assets/portraits/storm_portrait_tyrande_super_var2_background/storm_portrait_tyrande_super_var2_background.m3	58c1949fa1c1e6a53eb19536d00cb5b5	12960
mods/heroes.stormmod/base.stormassets/assets/portraits/storm_portrait_uther_base_background/storm_portrait_uther_base_background.m3	488315ec533f18dba37b2648d33ebcef	13120
mods/heroes.stormmod/base.stormassets/assets/portraits/storm_portrait_uther_judgement_background/storm_portrait_uther_judgement_background.m3	b86052b5cfff479ebd62cd2520b5441d	12992
mods/heroes.stormmod/base.stormassets/assets/portraits/storm_portrait_valeera_base_background/storm_portrait_valeera_base_background.m3	ae5ae553095844ba3117170b5551b16a	12960
mods/heroes.stormmod/base.stormassets/assets/portraits/storm_portrait_valeera_toys18_background/storm_portrait_valeera_toys18_background.m3	348da3ccb960a66810742cdff0d85316	12960
mods/heroes.stormmod/base.stormassets/assets/portraits/storm_portrait_valeera_vampire_background/storm_portrait_valeera_vampire_background.m3	fd860fa179e5d46cf066d0b901ec13a9	13088
mods/heroes.stormmod/base.stormassets/assets/portraits/storm_portrait_varian_base_background/storm_portrait_varian_base_background.m3	018a1bcbb2d5f0f120cdee0586f2ed9c	12928
mods/heroes.stormmod/base.stormassets/assets/portraits/storm_portrait_varian_commandant_background/storm_portrait_varian_commandant_background.m3	1288ea036bffc6f99b353527b2340634	12928
mods/heroes.stormmod/base.stormassets/assets/portraits/storm_portrait_varian_logosh_background/storm_portrait_varian_logosh_background.m3	82defc0d3a60f315dd4478639ccf305d	12928
mods/heroes.stormmod/base.stormassets/assets/portraits/storm_portrait_varian_wcavfoot_background/storm_portrait_varian_wcavfoot_background.m3	d76d4f8350ca298689f414e0d326c3e4	12928
mods/heroes.stormmod/base.stormassets/assets/portraits/storm_portrait_varian_wcavgrand_background/storm_portrait_varian_wcavgrand_background.m3	8c350c39d7c6d37e421439b5b5d84d3f	12928
mods/heroes.stormmod/base.stormassets/assets/portraits/storm_portrait_whitemane_base_background/storm_portrait_whitemane_base_background.m3	54960a6d123533653f9e43556ef76b34	12976
mods/heroes.stormmod/base.stormassets/assets/portraits/storm_portrait_whitemane_celestial_background/storm_portrait_whitemane_celestial_background.m3	1c5eb77897db878f5cc0ab516e8a0737	12976
mods/heroes.stormmod/base.stormassets/assets/portraits/storm_portrait_whitemane_mobster19_background/storm_portrait_whitemane_mobster19_background.m3	66a4f040be7ba88ff3b1713db579c42e	4512
mods/heroes.stormmod/base.stormassets/assets/portraits/storm_portrait_whitemane_spooky18_background/storm_portrait_whitemane_spooky18_background.m3	0ff689266d5e963376361f7228353d33	12976
mods/heroes.stormmod/base.stormassets/assets/portraits/storm_portrait_whitemane_spooky18_var1_background/storm_portrait_whitemane_spooky18_var1_background.m3	7580d80b11d4a4253c48e7d4244335a5	12976
mods/heroes.stormmod/base.stormassets/assets/portraits/storm_portrait_whitemane_spooky18_var2_background/storm_portrait_whitemane_spooky18_var2_background.m3	629f2d3fb8aa34fb15715bf9e47ac449	12976
mods/heroes.stormmod/base.stormassets/assets/portraits/storm_portrait_xalatath_base_background/storm_portrait_xalatath_base_background.m3	d9499121db5c2ebdd86f3d738e7d4f06	6608
mods/heroes.stormmod/base.stormassets/assets/portraits/storm_portrait_xalatath_voidflame_background/storm_portrait_xalatath_voidflame_background.m3	3d57a3fcea5321c588b6feb80cca94e3	6608
mods/heroes.stormmod/base.stormassets/assets/portraits/storm_portrait_yrel_base_background/storm_portrait_yrel_base_background.m3	02802049f3fca6f309f39b27cd5bfa72	15408
mods/heroes.stormmod/base.stormassets/assets/portraits/storm_portrait_yrel_jester_background/storm_portrait_yrel_jester_background.m3	67fab135d932b0fedae6b373ac98061a	14560
mods/heroes.stormmod/base.stormassets/assets/portraits/storm_portrait_yrel_mecha19_background/storm_portrait_yrel_mecha19_background.m3	45df57e348a79cca9ca30e746f7e0722	15408
mods/heroes.stormmod/base.stormassets/assets/portraits/storm_portrait_zagara_base_background/storm_portrait_zagara_base_background.m3	4169ca19b0b087c87e9d80dea4498dc6	13168
mods/heroes.stormmod/base.stormassets/assets/portraits/storm_portrait_zagara_cryptqueen_background/storm_portrait_zagara_cryptqueen_background.m3	4e5f10b98a489b841d42390ac07d3043	19408
mods/heroes.stormmod/base.stormassets/assets/portraits/storm_portrait_zagara_luxqueen_background/storm_portrait_zagara_luxqueen_background.m3	dfacb2e395532e21b2bc449b2460dffb	19600
mods/heroes.stormmod/base.stormassets/assets/portraits/storm_portrait_zarya_base_background/storm_portrait_zarya_base_background.m3	97c999e2306e3a2c33fe17e139450a68	16064
mods/heroes.stormmod/base.stormassets/assets/portraits/storm_portrait_zarya_hanamura_background/storm_portrait_zarya_hanamura_background.m3	58d6174c317bd08dc1b16a292fe98170	16080
mods/heroes.stormmod/base.stormassets/assets/portraits/storm_portrait_zarya_spooky18_background/storm_portrait_zarya_spooky18_background.m3	378ce1a71a84292fd9d7f5408e9b0347	16080
mods/heroes.stormmod/base.stormassets/assets/portraits/storm_portrait_zarya_spooky18_var2_background/storm_portrait_zarya_spooky18_var2_background.m3	31b01ea64703159e66bebf3d8fd8f5ca	16080
mods/heroes.stormmod/base.stormassets/assets/portraits/storm_portrait_zarya_thunder_background/storm_portrait_zarya_thunder_background.m3	ee728cb5c4b753bad5abff786c6b9db8	16080
mods/heroes.stormmod/base.stormassets/assets/portraits/storm_portrait_zarya_thunder_var1_background/storm_portrait_zarya_thunder_var1_background.m3	81d5ccb3e9d282bd912df0499c9c59f6	16080
mods/heroes.stormmod/base.stormassets/assets/portraits/storm_portrait_zarya_thunder_var2_background/storm_portrait_zarya_thunder_var2_background.m3	6a9dc0a7d219b4f2ed46f414b18f456b	16080
mods/heroes.stormmod/base.stormassets/assets/portraits/storm_portrait_zarya_ultimate_background/storm_portrait_zarya_ultimate_background.m3	44f91158c39e053d8b23334c820fdd22	16080
mods/heroes.stormmod/base.stormassets/assets/portraits/storm_portrait_zeratul_base_background/storm_portrait_zeratul_base_background.m3	b17e227411fc3ff20781251827d03f45	13152
mods/heroes.stormmod/base.stormassets/assets/portraits/storm_portrait_zeratul_mummy_background/storm_portrait_zeratul_mummy_background.m3	02d6649bdcef2df61ee0a38be46fbeb0	12960
mods/heroes.stormmod/base.stormassets/assets/portraits/storm_portrait_zuljin_base_background/storm_portrait_zuljin_base_background.m3	1a84933ed675e5af2b6032719da97cdc	12912
mods/heroes.stormmod/base.stormassets/assets/portraits/storm_portrait_zuljin_firelord_background/storm_portrait_zuljin_firelord_background.m3	2339cccf996d69e180c89b7e374f2d9e	12928
mods/heroes.stormmod/base.stormassets/assets/portraits/storm_portrait_zuljin_lunar_background/storm_portrait_zuljin_lunar_background.m3	49511efc6a407a6ab0189b8530c4f6dc	12928
mods/heroes.stormmod/base.stormassets/assets/portraits/storm_portrait_zuljin_ultimate_background/storm_portrait_zuljin_ultimate_background.m3	c7cafddf168f6c867cdaa74bab8b0d39	12928
