mods/core.stormmod/base.stormdata/depotcache/7f/05/7f05d71e4cf06a5496f327a99e3e955e90c6c7f787187e1c12aad7e2f6e482ba.s2ml	767402e4e6fb398222a09b76f60d317a	2574
mods/core.stormmod/base.stormdata/depotcache/7f/13/7f1386aff395941a7ec10045ba988c4d208d951ef0f4c602db14c2086a95e59d.s2ml	fca382d6c94816834e07ef85304c4520	155
mods/core.stormmod/base.stormdata/depotcache/7f/21/7f21fa63f2d6698b762f3a3563e201e9f2d2ef251e50f9fc1f8ff0e2f604d318.s2ml	fe0c5d3e2e5668fb27ca758fb6a5cc07	132
mods/core.stormmod/base.stormdata/depotcache/7f/2a/7f2a434b528012ac5f4c2aefc6a5843640869f41056ab8920e1c525f2f422466.s2ml	d546b1fc799bae0ad1921ab393499f62	242
mods/core.stormmod/base.stormdata/depotcache/7f/2d/7f2d96c3ac7e3d4814e04e91f67b7d92a76cbedc5ced0345121ca4e3e4367a2d.s2mv	836c5bc581c702321acf4c9aee50a036	5628
mods/core.stormmod/base.stormdata/depotcache/7f/38/7f38ea280d5001bec1bceaa62e8f4f74899156530c3edda8c666bdea8bf80e1f.s2ml	7371f3eb6ba879aa3c08e4d1846c2944	1844
mods/core.stormmod/base.stormdata/depotcache/7f/73/7f7383ad2825de0a4d417daede75d5806c2b316f6c18d8573828b55f29f49195.s2ml	221ebd999e5937e34262e3547ffbd3de	1019
mods/core.stormmod/base.stormdata/depotcache/7f/97/7f977c4d756a2bbcd58e41963f0ae01c60aff3682fce0aeb67ef2bfab1b00d5c.s2mv	f73142ad357c3a53f20cd472a6361355	3662
mods/core.stormmod/base.stormdata/depotcache/7f/c5/7fc554483faf0138a00c9b606726fb2c666a8a9f77d255524e699b3cb7280f87.s2ml	06e5176c704cabe35f44162f974936f1	172
mods/core.stormmod/base.stormdata/depotcache/7f/c6/7fc6d82b0341327064ff1a806ce8acdc85558a7e7cfdcff418c265fea675da3f.s2ml	b5de758ee7e8d05841544090419a0fcf	1393
mods/core.stormmod/base.stormdata/depotcache/7f/c9/7fc95ec507f86b4497cb9000a1ac0e6567b597262d29be4c904a931bee6316e0.s2mv	79099d4e18607c9f25b1903c0f723a16	6703
mods/core.stormmod/base.stormdata/depotcache/7f/fb/7ffb5e7f35d5447c00c8b5fcd212f1dd065c3256291917524ad6350bd6c0d30b.s2ml	3b6e37470dda248d02cc907afcb85c3c	36382
