mods/core.stormmod/base.stormdata/depotcache/fe/01/fe01591e9e0a9b3b47f6e3eea38004301cd464ca9cd15ca8740de7477796b470.s2ml	f85a58af21cf1f983268150ce4b96d59	299665
mods/core.stormmod/base.stormdata/depotcache/fe/16/fe1635beb41ebc90b197a2f74030cdee7f03d82f2babbbe86cc5877709516616.s2ml	04410938fc014c55f46af5413a2dbc59	161
mods/core.stormmod/base.stormdata/depotcache/fe/2d/fe2d241149481a27b158f559c466657ee7131823d5344a6b9a52f3a4c844cba8.s2ml	b7020e6f382459e5f37a11eead7a0c7c	397
mods/core.stormmod/base.stormdata/depotcache/fe/47/fe470d8a5dcaa0bc69fe7c39d0b497ef72837cd93459ddffa8587d496efc4567.s2ml	c10b3eb27939f7a02ea4a98bb291e863	890
mods/core.stormmod/base.stormdata/depotcache/fe/49/fe4962ae3face0e9842ec70288bc6db7376500f6c67e60c38b4d2df9581e4d53.s2mv	328f2251a0a410a269028db39a845718	5366
mods/core.stormmod/base.stormdata/depotcache/fe/4d/fe4d38de353727e5034d2a776aff2c3f90f79d351b11949d94572d70fc9a008f.s2ml	83dcac0af5ed94a6e002ac123b35901e	1728
mods/core.stormmod/base.stormdata/depotcache/fe/58/fe58e25779ccfa6fab57916f448e6de93781de978a592ac6d660ed3cdc4670fa.s2mv	b817b6c0f868a7d9e509bbd17bac85f7	2494
mods/core.stormmod/base.stormdata/depotcache/fe/95/fe956a8d8939bae045dc4b8f79a36c185c5eb48dc531041500401c981eed983a.s2mv	dc45b105867bb5077739e3b2cbcba8ab	8294444
mods/core.stormmod/base.stormdata/depotcache/fe/cb/fecb7fc00509b2609e2be9b33f2d84cfc0518587a2a1ef65754869b77e2b2b8b.s2ml	ad4fc9cb906a4473116666163dcd4f9d	165
mods/core.stormmod/base.stormdata/depotcache/fe/ec/feec024803be14d87fe11308d9c986efbd0feee7443d5f0e4fe8729efbf6c711.s2ml	15f0fbe5c507c7a1b3beaaf38e711050	170
