mods/core.stormmod/base.stormdata/depotcache/8d/76/8d7661ae21d8bf487ad000a2a652229bdd1d81ff6818c73b77a1315c796292e4.s2ml	d523faa0b10f39da8927d48ce09c8632	1059
mods/core.stormmod/base.stormdata/depotcache/8d/78/8d781f22e1f9d9ff282e0de0a189cef54a6f657ff4e7819b02fef6e5ef0cfb39.s2ml	264ba687dcd8d72cdc95c2a62c8bafe6	158
mods/core.stormmod/base.stormdata/depotcache/8d/90/8d9068068573ffa3db7848786baaf00623005959969fc754009abb15b6305f49.s2ml	ba2f99ab2bace7800bd2034a62b44d02	1949
mods/core.stormmod/base.stormdata/depotcache/8d/9d/8d9dc35c7d59cd6bd5c2e2102ced810374fb33e9cc7180b3cfbeffa639205655.s2ml	f71151373b164922e1727c06cac58cb7	294
mods/core.stormmod/base.stormdata/depotcache/8d/b0/8db057baed003d7cc2a048aeb4902f4cf60dfbfead9aa1adfe7fa1c87f5d6663.s2ml	70ba0cdb54b32f8d1d670a80c31c90f7	16525
mods/core.stormmod/base.stormdata/depotcache/8d/c6/8dc6add8602c50bfbbf6b200eb9affde5f784cf96734177c464378e1c09fe619.s2ml	9de2a98994d7bc8ba393a3088cf0ee06	28454
mods/core.stormmod/base.stormdata/depotcache/8d/d3/8dd3daf6f8e57afa3e0864d47c3bc0a0a9516985e451ce715c42c0965ee68711.s2ml	63544dadea3c121b0c379576886224e6	178
mods/core.stormmod/base.stormdata/depotcache/8d/dc/8ddc0fa7fda699bd9a199530e945b56c5bdaa869841fa55f86048ae275b2647f.s2ml	d9323452ebeab2c1aa3b78b081e88579	1270
mods/core.stormmod/base.stormdata/depotcache/8d/e2/8de2850152391f432f6396059a505bc520fa539677ad32ab6cd21a617f08aebd.s2mv	d0e7620a3bf6c3f1ba3ff1d3e63bd912	3934
mods/core.stormmod/base.stormdata/depotcache/8d/f3/8df3b7f9f59dd9d976e1fda83378dae9febdac41d1bff5ad83ca2033dcd249a6.s2ml	e790f2fbf7a0cab475b6c2780a82876a	20390
