mods/core.stormmod/base.stormdata/depotcache/f5/19/f5191679da7376c37503a234d687ed6053de672b9e4b4d6f162c2d6eaaf920c1.s2ml	9f99a574fc80004888fe0ff32fca40a0	160
mods/core.stormmod/base.stormdata/depotcache/f5/2e/f52e0407b735fb619ec5052f53a94e5be2bb91106daf6d3a082572ec9e30990f.s2ml	e825ae7aface233aef5bd24dbf5ee30a	1713
mods/core.stormmod/base.stormdata/depotcache/f5/39/f53939d375dd60a562bc09c9ec03b08335985d45ec1c037aea5f70d94ef11ef4.s2ml	8dd887deaf6da4a22a59afb7da70449a	162
mods/core.stormmod/base.stormdata/depotcache/f5/3b/f53b8bbe65dcb8aa16cb734e9003622054636c61a34824a45e0fe6d94f726ac1.s2ml	634d57f23a1b6f8174eba0a5fdb12141	26661
mods/core.stormmod/base.stormdata/depotcache/f5/3c/f53ce705d57beaf4bda41da32223450131f517ecab461171d5d37e20b5fb52c2.s2ml	6211d1d0fc737eec9f07e2440bd2e6c4	2768
mods/core.stormmod/base.stormdata/depotcache/f5/62/f562d3d4b3269fb809be3316bb4d21c02f23debff5ec35c9061fd22403d5ab90.s2ml	6f1f21dba8a9012068c2ae09b6e2f4c8	1221
mods/core.stormmod/base.stormdata/depotcache/f5/70/f570c3beed4e338ed856f086a3c234688e696cb16cb137a92550eba80878eb77.s2ml	b6071e762e4eeb7a9e90f388c11888a7	916
mods/core.stormmod/base.stormdata/depotcache/f5/a6/f5a64fe70d0c6092a92b11585107c5024a08ca5621bdf54a2ee48fbcf1f31222.s2ml	bbf7e8e8ceb0d4fbe3213010f144363e	474
mods/core.stormmod/base.stormdata/depotcache/f5/b8/f5b899d8c87bb2f628745433149b8f0822be5508c37ead967614164f7a1a162c.s2ml	a9b7b47ba23328c574cbd92c0ddab777	1233
mods/core.stormmod/base.stormdata/depotcache/f5/db/f5db2e719a4aafcfcdb3be3a5911bfa634a8e258f98a86e485fdc87b0341021f.s2ml	f35ee3f2f27006c77a4f5f0b0030075a	10596
mods/core.stormmod/base.stormdata/depotcache/f5/dd/f5ddae9c2ad906dd6dbafb58cfbddd6e9ffedff6d94333c1fc3c9c80c6e0480f.s2ml	8fadb1efba62e539e4f0cb08cdaa744a	173
