mods/heroes.stormmod/base.stormassets/assets/sounds/heroes/brightwing_base/brightwing_ability_phasedash_dash01.wav	dd16e6006aebbaa5a9497797dfe3b738	58940
mods/heroes.stormmod/base.stormassets/assets/sounds/heroes/brightwing_base/brightwing_ability_phasedash_dash02.wav	9e06129720bb902bc95b5e45fd84a40a	47164
mods/heroes.stormmod/base.stormassets/assets/sounds/heroes/brightwing_base/brightwing_ability_phasedash_dash03.wav	d8e64bb2235228e15d12c00a9a912c95	60476
mods/heroes.stormmod/base.stormassets/assets/sounds/heroes/brightwing_base/brightwing_ability_phasedash_dash04.wav	470f0709f291876c0d0c2b0d24da1b34	57404
mods/heroes.stormmod/base.stormassets/assets/sounds/heroes/brightwing_base/brightwing_ability_phasedash_loop01.wav	eee1603f20fb64cc2120fa26e03edc31	179004
mods/heroes.stormmod/base.stormassets/assets/sounds/heroes/brightwing_base/brightwing_ability_phaseshift_cast01.wav	7880686a06059c1e3bf4ba10699a7361	33340
mods/heroes.stormmod/base.stormassets/assets/sounds/heroes/brightwing_base/brightwing_ability_phaseshift_land01.wav	7d9f151bb9ac5340ee23aa459663045a	71228
mods/heroes.stormmod/base.stormassets/assets/sounds/heroes/brightwing_base/brightwing_arcaneflare_cast01.wav	84a55b0dcb113d83024bae7a37a4e128	55868
mods/heroes.stormmod/base.stormassets/assets/sounds/heroes/brightwing_base/brightwing_arcaneflare_cast02.wav	e6e48ffececdcfc2af28d94d25b10ef2	83004
mods/heroes.stormmod/base.stormassets/assets/sounds/heroes/brightwing_base/brightwing_arcaneflare_cast03.wav	aa2f2834b1b591ecdfaee9a684043023	88124
mods/heroes.stormmod/base.stormassets/assets/sounds/heroes/brightwing_base/brightwing_arcaneflare_dreamshot_impact01.wav	c149e4b6cdf536b2f54fbda0cdba1858	68156
mods/heroes.stormmod/base.stormassets/assets/sounds/heroes/brightwing_base/brightwing_arcaneflare_impact01.wav	fa889e586aa748fd948da7a3f5de0d4b	67132
mods/heroes.stormmod/base.stormassets/assets/sounds/heroes/brightwing_base/brightwing_arcaneflare_impact02.wav	1cd157cdb431f7f8a8368874430cb8c3	77884
mods/heroes.stormmod/base.stormassets/assets/sounds/heroes/brightwing_base/brightwing_arcaneflare_impact03.wav	d8fbaf555e5b82c7d97f73e1407937ee	82492
mods/heroes.stormmod/base.stormassets/assets/sounds/heroes/brightwing_base/brightwing_arcaneflare_impact04.wav	3a560618c8a82f0ccc47e16e110ce5ac	87100
mods/heroes.stormmod/base.stormassets/assets/sounds/heroes/brightwing_base/brightwing_arcaneflare_impact05.wav	f05a2d4241ee1c82ea51ff95f3ddb121	73788
mods/heroes.stormmod/base.stormassets/assets/sounds/heroes/brightwing_base/brightwing_arcaneflare_missile01.wav	82a53bbb538f904fcb9eff177bee6e07	37692
mods/heroes.stormmod/base.stormassets/assets/sounds/heroes/brightwing_base/brightwing_arcaneflare_missile02.wav	272e196ace559b49502b84e8764f071d	38972
mods/heroes.stormmod/base.stormassets/assets/sounds/heroes/brightwing_base/brightwing_arcaneflare_missile03.wav	dd3c45d314aa480007af64478a184a34	36156
mods/heroes.stormmod/base.stormassets/assets/sounds/heroes/brightwing_base/brightwing_arcaneflare_missile04.wav	2c735752cdbd2bcfa33041317e51e4b0	37436
mods/heroes.stormmod/base.stormassets/assets/sounds/heroes/brightwing_base/brightwing_attack_launch01.wav	85fd5d9b982bd043753ee56cbb2ee3bf	20028
mods/heroes.stormmod/base.stormassets/assets/sounds/heroes/brightwing_base/brightwing_attack_launch02.wav	3e3679e5595cd797a7dbced335cdbdb5	13372
mods/heroes.stormmod/base.stormassets/assets/sounds/heroes/brightwing_base/brightwing_attack_launch03.wav	8d36032e833d364b8283a1ef16003b3b	11580
mods/heroes.stormmod/base.stormassets/assets/sounds/heroes/brightwing_base/brightwing_attack_launch04.wav	73d446b04c30006a74b9bac01493c773	12348
mods/heroes.stormmod/base.stormassets/assets/sounds/heroes/brightwing_base/brightwing_attack_launch05.wav	245eb1bd2f487f65420fe5c323c599e0	11836
mods/heroes.stormmod/base.stormassets/assets/sounds/heroes/brightwing_base/brightwing_attack_launch06.wav	e143f81ccaa6cdfc7756b527e2c82fa4	16188
mods/heroes.stormmod/base.stormassets/assets/sounds/heroes/brightwing_base/brightwing_attack_launch07.wav	764b223770a4e1fe3ca48863219a7fc8	13116
mods/heroes.stormmod/base.stormassets/assets/sounds/heroes/brightwing_base/brightwing_attackimpact01.wav	e0f250654bac8f9cce45947873e46e9c	15676
mods/heroes.stormmod/base.stormassets/assets/sounds/heroes/brightwing_base/brightwing_attackimpact02.wav	f7fb1205a068c9e77b49fc434c905c5b	18236
mods/heroes.stormmod/base.stormassets/assets/sounds/heroes/brightwing_base/brightwing_attackimpact03.wav	c53a1f9563c54d5b8c7c6af20b665350	21308
mods/heroes.stormmod/base.stormassets/assets/sounds/heroes/brightwing_base/brightwing_attackimpact04.wav	adae051ca992375e2a1150cf5a2d8e4a	21308
mods/heroes.stormmod/base.stormassets/assets/sounds/heroes/brightwing_base/brightwing_attackimpact05.wav	9b26625257b4d65029b982a30b774235	14908
mods/heroes.stormmod/base.stormassets/assets/sounds/heroes/brightwing_base/brightwing_attackimpact06.wav	90436d671dc19b63065837ace1623816	20540
mods/heroes.stormmod/base.stormassets/assets/sounds/heroes/brightwing_base/brightwing_autoattack_missile01.wav	545ec900cd64d7e760f8f6cf244ef9c5	18492
mods/heroes.stormmod/base.stormassets/assets/sounds/heroes/brightwing_base/brightwing_autoattack_missile02.wav	89d77491bf5561b3abeeab7b7ae0ed70	19772
mods/heroes.stormmod/base.stormassets/assets/sounds/heroes/brightwing_base/brightwing_autoattack_missile03.wav	3c8c7b8798e44a4d38010ebff01e86a7	18492
mods/heroes.stormmod/base.stormassets/assets/sounds/heroes/brightwing_base/brightwing_autoattack_missile04.wav	d4d8bacd6efb9cdb7833e6ae9a057647	19260
mods/heroes.stormmod/base.stormassets/assets/sounds/heroes/brightwing_base/brightwing_autoattack_missile05.wav	9287b0800a5ad88f17b27b6bc97c4151	27452
mods/heroes.stormmod/base.stormassets/assets/sounds/heroes/brightwing_base/brightwing_emeraldwind_cast01.wav	cc4d5613c0bb85b135d8bdefd3d86201	112188
mods/heroes.stormmod/base.stormassets/assets/sounds/heroes/brightwing_base/brightwing_emeraldwind_impact01.wav	91d3e03cad97edce55f447fe559a56e9	88636
mods/heroes.stormmod/base.stormassets/assets/sounds/heroes/brightwing_base/brightwing_emeraldwind_impact02.wav	f28419756d1fa6828194661e56203f49	72764
mods/heroes.stormmod/base.stormassets/assets/sounds/heroes/brightwing_base/brightwing_emeraldwind_impact03.wav	a50a9a755864300e2523d00d838399e9	76348
mods/heroes.stormmod/base.stormassets/assets/sounds/heroes/brightwing_base/brightwing_emeraldwind_impact04.wav	b35dc036b617f8b715310d8dac17f479	99388
mods/heroes.stormmod/base.stormassets/assets/sounds/heroes/brightwing_base/brightwing_emeraldwind_wave01.wav	70f48ff282a3006307d81aee3ad1f5e2	58684
mods/heroes.stormmod/base.stormassets/assets/sounds/heroes/brightwing_base/brightwing_emeraldwind_wave02.wav	68dcd2cb6e4db06ca38ca604a3cc2e0b	75580
mods/heroes.stormmod/base.stormassets/assets/sounds/heroes/brightwing_base/brightwing_emeraldwind_wave03.wav	609c7f70bc4393dd00198421b6e277f0	74556
mods/heroes.stormmod/base.stormassets/assets/sounds/heroes/brightwing_base/brightwing_phasedash_launch01.wav	bee96031f1caea11fed8ae578d72e2f0	29244
mods/heroes.stormmod/base.stormassets/assets/sounds/heroes/brightwing_base/brightwing_phasedash_launch02.wav	f986eeae88beae970481e790f6097979	27964
mods/heroes.stormmod/base.stormassets/assets/sounds/heroes/brightwing_base/brightwing_phasedash_launch03.wav	62d562763f6d2734608a46061634b991	29756
mods/heroes.stormmod/base.stormassets/assets/sounds/heroes/brightwing_base/brightwing_phaseout_launch01.wav	f79210c089d62a28cabe6cd13b2bcb85	167484
mods/heroes.stormmod/base.stormassets/assets/sounds/heroes/brightwing_base/brightwing_phaseshift_charge01.wav	9c7d005a34dcec52f53869d21bdc0391	71740
mods/heroes.stormmod/base.stormassets/assets/sounds/heroes/brightwing_base/brightwing_phaseshift_charge02.wav	9c7d005a34dcec52f53869d21bdc0391	71740
mods/heroes.stormmod/base.stormassets/assets/sounds/heroes/brightwing_base/brightwing_phaseshift_charge_player01.wav	98ae48eec4d1056d359a74aa956613e2	150076
mods/heroes.stormmod/base.stormassets/assets/sounds/heroes/brightwing_base/brightwing_pixiedust_block01.wav	c32987ac88fe886c16df9089c204aa0e	23868
mods/heroes.stormmod/base.stormassets/assets/sounds/heroes/brightwing_base/brightwing_pixiedust_block02.wav	18f51a1ddd4e7a51199419c5db275f8f	19260
mods/heroes.stormmod/base.stormassets/assets/sounds/heroes/brightwing_base/brightwing_pixiedust_block03.wav	60c1738f1a3d9325b7dabf9843944ee2	20540
mods/heroes.stormmod/base.stormassets/assets/sounds/heroes/brightwing_base/brightwing_pixiedust_block04.wav	9acc0d95efc79adce562b9b74113c4e6	24124
mods/heroes.stormmod/base.stormassets/assets/sounds/heroes/brightwing_base/brightwing_pixiedust_block05.wav	f4fbf04d3b1e824408bf6ef3b922132d	26172
mods/heroes.stormmod/base.stormassets/assets/sounds/heroes/brightwing_base/brightwing_pixiedust_cast01.wav	fd70819684499aaa2c9e1268babe949d	87100
mods/heroes.stormmod/base.stormassets/assets/sounds/heroes/brightwing_base/brightwing_pixiedust_cast02.wav	e460ea91f526f5ba86cf1f671c231048	76348
mods/heroes.stormmod/base.stormassets/assets/sounds/heroes/brightwing_base/brightwing_pixiedust_cast03.wav	749d1f7a0cf6c882ebab4b21aaf6eead	58428
mods/heroes.stormmod/base.stormassets/assets/sounds/heroes/brightwing_base/brightwing_pixiedust_end01.wav	25ed7c5bc89dc6d8b281d85bec7641fd	52540
mods/heroes.stormmod/base.stormassets/assets/sounds/heroes/brightwing_base/brightwing_pixiedust_impact01.wav	820678af1017a056f2198f0e82f7a446	96828
mods/heroes.stormmod/base.stormassets/assets/sounds/heroes/brightwing_base/brightwing_pixiedust_impact02.wav	e27fbc83eeac346237949ea1a0f3a422	119356
mods/heroes.stormmod/base.stormassets/assets/sounds/heroes/brightwing_base/brightwing_pixiedust_impact03.wav	b0df3b835ff43d139a997f7364af84b6	117820
mods/heroes.stormmod/base.stormassets/assets/sounds/heroes/brightwing_base/brightwing_pixiedust_impact04.wav	5eda1c6d237c2cc1c399ebad8bfdfd45	116284
mods/heroes.stormmod/base.stormassets/assets/sounds/heroes/brightwing_base/brightwing_pixiedust_loop01.wav	5c32cf4bcda3b8174dccd90b741fa7d0	187964
mods/heroes.stormmod/base.stormassets/assets/sounds/heroes/brightwing_base/brightwing_pixiedust_whoosh01.wav	87f3bbfbe1c1714a2ba105e592b55900	34364
mods/heroes.stormmod/base.stormassets/assets/sounds/heroes/brightwing_base/brightwing_pixiedust_whoosh02.wav	b830ff5afb769b449eba84ebbad8b2a1	38460
mods/heroes.stormmod/base.stormassets/assets/sounds/heroes/brightwing_base/brightwing_pixiedust_whoosh03.wav	899294654f6b099b8387566f850716da	36412
mods/heroes.stormmod/base.stormassets/assets/sounds/heroes/brightwing_base/brightwing_pixiedust_whoosh04.wav	584bbd07716e3e9d2d41635cf2ecbcfd	35900
mods/heroes.stormmod/base.stormassets/assets/sounds/heroes/brightwing_base/brightwing_pixiedust_whoosh05.wav	8c5db74023d2c7d162142ef130e93b13	28220
mods/heroes.stormmod/base.stormassets/assets/sounds/heroes/brightwing_base/brightwing_polymorph_end01.wav	457def2ee90268aba43fc0b20604f8f7	66620
mods/heroes.stormmod/base.stormassets/assets/sounds/heroes/brightwing_base/brightwing_polymorph_impact01.wav	36e7dc1757ebdb2ae1c8c3397a6458c8	76860
mods/heroes.stormmod/base.stormassets/assets/sounds/heroes/brightwing_base/brightwing_polymorph_impact02.wav	8f05ae322f42b53fcdb8d22864400c51	73276
mods/heroes.stormmod/base.stormassets/assets/sounds/heroes/brightwing_base/brightwing_polymorph_impact03.wav	50e1b653f2934f18e141ede3df4ac802	68668
mods/heroes.stormmod/base.stormassets/assets/sounds/heroes/brightwing_base/brightwing_polymorph_impact04.wav	cd7f15e24d82551a6ca8d7f46dc512a8	77884
mods/heroes.stormmod/base.stormassets/assets/sounds/heroes/brightwing_base/brightwing_polymorph_impact_crab01.wav	6914937cf201e8b5e470fd8dda417468	39996
mods/heroes.stormmod/base.stormassets/assets/sounds/heroes/brightwing_base/brightwing_polymorph_impact_squirrel01.wav	5ad088db24bdc8cee74f582642ea0345	31804
mods/heroes.stormmod/base.stormassets/assets/sounds/heroes/brightwing_base/brightwing_polymorph_vox_crab_birth01.wav	1adbcfcf2baaee585306cc9ec87e1167	24636
mods/heroes.stormmod/base.stormassets/assets/sounds/heroes/brightwing_base/brightwing_polymorph_vox_crab_vox_ability01.wav	eb9c7b3f2d6cfbf2ee0e7d1550b8d35c	19004
mods/heroes.stormmod/base.stormassets/assets/sounds/heroes/brightwing_base/brightwing_polymorph_vox_crab_vox_ability02.wav	52795812ee0775a806090884284125d1	31036
mods/heroes.stormmod/base.stormassets/assets/sounds/heroes/brightwing_base/brightwing_polymorph_vox_crab_vox_ability03.wav	9ecb23754eb36c2d59ebb82c5d1b5d49	29244
mods/heroes.stormmod/base.stormassets/assets/sounds/heroes/brightwing_base/brightwing_polymorph_vox_crab_vox_ability04.wav	0a691ba8229d62930006aa4dd9953dd4	17980
mods/heroes.stormmod/base.stormassets/assets/sounds/heroes/brightwing_base/brightwing_polymorph_vox_crab_vox_ability05.wav	5af453bc67774de65c6d3bf59e3c04b8	24892
mods/heroes.stormmod/base.stormassets/assets/sounds/heroes/brightwing_base/brightwing_polymorph_vox_crab_vox_ability06.wav	9fc351cacd269d3c8bfe7630d56e1baa	21308
mods/heroes.stormmod/base.stormassets/assets/sounds/heroes/brightwing_base/brightwing_polymorph_vox_crab_vox_ultimate01.wav	d6b1d9bafdba316e23daadaf339d6499	41276
mods/heroes.stormmod/base.stormassets/assets/sounds/heroes/brightwing_base/brightwing_polymorph_vox_crab_vox_ultimate02.wav	2e4d9c98abb83924deeba132be98aad8	30012
mods/heroes.stormmod/base.stormassets/assets/sounds/heroes/brightwing_base/brightwing_polymorph_vox_crab_vox_ultimate03.wav	1136d1143a8c9ee5d7e13dbff950fbd2	31548
mods/heroes.stormmod/base.stormassets/assets/sounds/heroes/brightwing_base/brightwing_polymorph_vox_crab_vox_ultimate04.wav	5366e573a7fd0d286e14b78dab7b7df1	35900
mods/heroes.stormmod/base.stormassets/assets/sounds/heroes/brightwing_base/brightwing_polymorph_vox_monkey_birth01.wav	3318e7e8c75488ec4d391718d11a056a	28988
mods/heroes.stormmod/base.stormassets/assets/sounds/heroes/brightwing_base/brightwing_polymorph_vox_monkey_birth02.wav	7d14d43f24309c0feca1eb3f2a404984	26172
mods/heroes.stormmod/base.stormassets/assets/sounds/heroes/brightwing_base/brightwing_polymorph_vox_monkey_birth03.wav	dbd54811cb7ab5cdf0fe422936c98a80	29756
mods/heroes.stormmod/base.stormassets/assets/sounds/heroes/brightwing_base/brightwing_polymorph_vox_pig_birth01.wav	a43f3fc1aabfda165aa4f9fe69398142	27196
mods/heroes.stormmod/base.stormassets/assets/sounds/heroes/brightwing_base/brightwing_polymorph_vox_pig_vox_ability01.wav	c0f2280ce43cbf8101fbf543e5a11b33	18748
mods/heroes.stormmod/base.stormassets/assets/sounds/heroes/brightwing_base/brightwing_polymorph_vox_pig_vox_ability02.wav	8fa79e68d89054e40e5010cc39dd6b67	21564
mods/heroes.stormmod/base.stormassets/assets/sounds/heroes/brightwing_base/brightwing_polymorph_vox_pig_vox_ability03.wav	79c6e6af35c631b17490f22e38a0ab2e	15932
mods/heroes.stormmod/base.stormassets/assets/sounds/heroes/brightwing_base/brightwing_polymorph_vox_pig_vox_ability04.wav	1b6fd758906041b3603b62414821a4bb	21820
mods/heroes.stormmod/base.stormassets/assets/sounds/heroes/brightwing_base/brightwing_polymorph_vox_pig_vox_ability05.wav	63462e1ae9135a9cb2dd2478e1fa4202	19260
mods/heroes.stormmod/base.stormassets/assets/sounds/heroes/brightwing_base/brightwing_polymorph_vox_pig_vox_ability07.wav	d39b2f74069cc3980ee616acb1c0dd8a	22588
mods/heroes.stormmod/base.stormassets/assets/sounds/heroes/brightwing_base/brightwing_polymorph_vox_pig_vox_ability09.wav	a7d2e82f934b7d3d4155bab9a617cf47	17468
mods/heroes.stormmod/base.stormassets/assets/sounds/heroes/brightwing_base/brightwing_polymorph_vox_pig_vox_ultimate01.wav	c72582a7da8820f858974a2d421ebf1b	44348
mods/heroes.stormmod/base.stormassets/assets/sounds/heroes/brightwing_base/brightwing_polymorph_vox_pig_vox_ultimate02.wav	d9627361735c2c35b10040390820deef	48956
mods/heroes.stormmod/base.stormassets/assets/sounds/heroes/brightwing_base/brightwing_polymorph_vox_pig_vox_ultimate03.wav	4938898402b95ce6533a31a45c6474a7	47932
mods/heroes.stormmod/base.stormassets/assets/sounds/heroes/brightwing_base/brightwing_polymorph_vox_pig_vox_ultimate04.wav	72f40916400a5d39653bdd1578aa824c	29244
mods/heroes.stormmod/base.stormassets/assets/sounds/heroes/brightwing_base/brightwing_polymorph_vox_squirrel_birth01.wav	688078951033563ca6f1aa5a7e9476fe	26940
mods/heroes.stormmod/base.stormassets/assets/sounds/heroes/brightwing_base/brightwing_polymorph_vox_squirrel_vox_ability01.wav	1cf419221b166f171a4e9630d18e2b42	16444
mods/heroes.stormmod/base.stormassets/assets/sounds/heroes/brightwing_base/brightwing_polymorph_vox_squirrel_vox_ability02.wav	3d4bd7c3717d3cad8f927fa47a88ecb5	13116
mods/heroes.stormmod/base.stormassets/assets/sounds/heroes/brightwing_base/brightwing_polymorph_vox_squirrel_vox_ability03.wav	8e5d9cdac7ddd754c53a8f2516cc3dd5	8764
mods/heroes.stormmod/base.stormassets/assets/sounds/heroes/brightwing_base/brightwing_polymorph_vox_squirrel_vox_ability04.wav	b5553f7cf7efd2afaa1c40c55f8a3ed9	11324
mods/heroes.stormmod/base.stormassets/assets/sounds/heroes/brightwing_base/brightwing_polymorph_vox_squirrel_vox_ability05.wav	b7dd59dde4f83e36150961b599dc4c42	10556
mods/heroes.stormmod/base.stormassets/assets/sounds/heroes/brightwing_base/brightwing_polymorph_vox_squirrel_vox_ability06.wav	5c9d94d750799889d9af12121e47bebf	20028
mods/heroes.stormmod/base.stormassets/assets/sounds/heroes/brightwing_base/brightwing_polymorph_vox_squirrel_vox_ability07.wav	b28308fe9bda807b88673ae183092b90	19772
mods/heroes.stormmod/base.stormassets/assets/sounds/heroes/brightwing_base/brightwing_polymorph_vox_squirrel_vox_ability08.wav	d28854a14a0d903902bdf8bac6e2f93d	13628
mods/heroes.stormmod/base.stormassets/assets/sounds/heroes/brightwing_base/brightwing_polymorph_vox_squirrel_vox_ultimate01.wav	ff1886640953dfe727220c467a45d588	15676
mods/heroes.stormmod/base.stormassets/assets/sounds/heroes/brightwing_base/brightwing_polymorph_vox_squirrel_vox_ultimate02.wav	cbf5f498102d386ac7490afaf67657ae	21564
mods/heroes.stormmod/base.stormassets/assets/sounds/heroes/brightwing_base/brightwing_polymorph_vox_squirrel_vox_ultimate03.wav	ce3fb4ea0f32f22d12b9cf5ea721dc1b	21820
mods/heroes.stormmod/base.stormassets/assets/sounds/heroes/brightwing_base/brightwing_polymorph_vox_squirrel_vox_ultimate04.wav	ea8dda349def2a703d48477755e06bd3	18748
mods/heroes.stormmod/base.stormassets/assets/sounds/heroes/brightwing_base/brightwing_soothingmist_cast01.wav	471ae5b80ee4581183a63b09451934c8	107580
mods/heroes.stormmod/base.stormassets/assets/sounds/heroes/brightwing_base/brightwing_vox_attack_short01.wav	33b973d91cbc81f40454b55157081642	14652
mods/heroes.stormmod/base.stormassets/assets/sounds/heroes/brightwing_base/brightwing_vox_attack_short02.wav	6e07b51e03cbff5ea98ce38b64bb8098	13116
mods/heroes.stormmod/base.stormassets/assets/sounds/heroes/brightwing_base/brightwing_vox_attack_short03.wav	a086a50694547ada3f51fd1068cc7486	15164
mods/heroes.stormmod/base.stormassets/assets/sounds/heroes/brightwing_base/brightwing_vox_attack_short04.wav	45b129f148f3f4e20a0b2655aa74784b	12860
mods/heroes.stormmod/base.stormassets/assets/sounds/heroes/brightwing_base/brightwing_vox_attack_short05.wav	49268f180ca2e4ca3593ae20a90e5089	7740
mods/heroes.stormmod/base.stormassets/assets/sounds/heroes/brightwing_base/brightwing_vox_attack_short06.wav	0a8132b86bbb278451f2d662e97cc55c	7228
mods/heroes.stormmod/base.stormassets/assets/sounds/heroes/brightwing_base/brightwing_vox_attack_short07.wav	dc0fc666acefd6cdcdda9ee3f282a073	8252
mods/heroes.stormmod/base.stormassets/assets/sounds/heroes/brightwing_base/brightwing_vox_attack_short08.wav	28249d2546d1cafb5dc14ad8220df1f2	9276
mods/heroes.stormmod/base.stormassets/assets/sounds/heroes/brightwing_base/brightwing_vox_attack_short09.wav	1f2f4dec8ec5ec2bf649ce629fe35a4c	8508
