mods/heroes.stormmod/base.stormassets/assets/sounds/heroes/falstad_base/falstad_attack_impact01.wav	c8bb43e019b8f9163f10eb5134c15232	28220
mods/heroes.stormmod/base.stormassets/assets/sounds/heroes/falstad_base/falstad_attack_impact02.wav	968a57740ddcbc3310cd6b73e488ba7e	28476
mods/heroes.stormmod/base.stormassets/assets/sounds/heroes/falstad_base/falstad_attack_impact03.wav	ecedf6f67b8cc2ea0729e4bbfc0e0437	28732
mods/heroes.stormmod/base.stormassets/assets/sounds/heroes/falstad_base/falstad_attack_impact04.wav	3d89387ffbd30bdca70499922b9cec5c	23100
mods/heroes.stormmod/base.stormassets/assets/sounds/heroes/falstad_base/falstad_attack_launch01.wav	8b631fd1392969786c9ca5f36f1a99af	49212
mods/heroes.stormmod/base.stormassets/assets/sounds/heroes/falstad_base/falstad_attack_launch02.wav	965761e75ae0002809ad4936d7c4b4a8	48444
mods/heroes.stormmod/base.stormassets/assets/sounds/heroes/falstad_base/falstad_attack_launch03.wav	95ec5149d06b35b866dd988dc670cbf1	54332
mods/heroes.stormmod/base.stormassets/assets/sounds/heroes/falstad_base/falstad_attack_launch04.wav	18165ffa69f83622d66a7ad6a35e5440	62780
mods/heroes.stormmod/base.stormassets/assets/sounds/heroes/falstad_base/falstad_attack_launch05.wav	29216bdc7887d3f844e600d752b981fd	42300
mods/heroes.stormmod/base.stormassets/assets/sounds/heroes/falstad_base/falstad_attack_prelaunch_01.wav	7e06d6d8f3ce240a46c621fb677488ca	6204
mods/heroes.stormmod/base.stormassets/assets/sounds/heroes/falstad_base/falstad_attack_prelaunch_02.wav	104744fa720c64af3376e152663d7529	6204
mods/heroes.stormmod/base.stormassets/assets/sounds/heroes/falstad_base/falstad_attack_prelaunch_03.wav	47ac540af62e4ba985ecdb514bb0fff4	6460
mods/heroes.stormmod/base.stormassets/assets/sounds/heroes/falstad_base/falstad_attack_prelaunch_04.wav	f4a9e5f1778246be993dc4cd917062ea	6972
mods/heroes.stormmod/base.stormassets/assets/sounds/heroes/falstad_base/falstad_attack_prelaunch_05.wav	feb22e0ffd7af90327e23e197238f0be	5948
mods/heroes.stormmod/base.stormassets/assets/sounds/heroes/falstad_base/falstad_attack_whoosh01.wav	1c0cef89c214a439d7d3b6c61a62b0b0	13884
mods/heroes.stormmod/base.stormassets/assets/sounds/heroes/falstad_base/falstad_attack_whoosh02.wav	2e9e2452a8dbc914e49b8b919d88443e	12604
mods/heroes.stormmod/base.stormassets/assets/sounds/heroes/falstad_base/falstad_attack_whoosh03.wav	31685bd3ae0c68dbd55c836ba33074c0	14908
mods/heroes.stormmod/base.stormassets/assets/sounds/heroes/falstad_base/falstad_attack_whoosh04.wav	e18336021ce572fdc88a097d8e2b4305	14652
mods/heroes.stormmod/base.stormassets/assets/sounds/heroes/falstad_base/falstad_attack_whoosh05.wav	6d48ebe234b50089be226a0643bd72c9	15164
mods/heroes.stormmod/base.stormassets/assets/sounds/heroes/falstad_base/falstad_barrelroll_afterburn01.wav	9717149070c92e249dba05d341827b16	79420
mods/heroes.stormmod/base.stormassets/assets/sounds/heroes/falstad_base/falstad_barrelroll_afterburn_launch01.wav	d38b9a6a545e1b92ceeb3d2c48bcb576	49980
mods/heroes.stormmod/base.stormassets/assets/sounds/heroes/falstad_base/falstad_barrelroll_afterburn_launch02.wav	542389f9f79423fd1112a48bce74f870	59708
mods/heroes.stormmod/base.stormassets/assets/sounds/heroes/falstad_base/falstad_barrelroll_afterburn_launch03.wav	fefa4e1201535823e0cce9ea1b0e00af	59964
mods/heroes.stormmod/base.stormassets/assets/sounds/heroes/falstad_base/falstad_barrelroll_afterburn_launch04.wav	3aaf6054834e37a0481a15c0ebd36c6b	48956
mods/heroes.stormmod/base.stormassets/assets/sounds/heroes/falstad_base/falstad_barrelroll_afterburn_launch05.wav	4173c038a27199ee4788c04012b2ac58	48700
mods/heroes.stormmod/base.stormassets/assets/sounds/heroes/falstad_base/falstad_barrelroll_launch01.wav	fc9daa12538123397cdf0268b3f4daf4	45628
mods/heroes.stormmod/base.stormassets/assets/sounds/heroes/falstad_base/falstad_barrelroll_launch02.wav	56da76a9e8a48e486b87e1b22e415052	59452
mods/heroes.stormmod/base.stormassets/assets/sounds/heroes/falstad_base/falstad_barrelroll_launch03.wav	eac47b4680ca7710456230da44771371	43580
mods/heroes.stormmod/base.stormassets/assets/sounds/heroes/falstad_base/falstad_barrelroll_launch04.wav	6242c03f144d2fcbf650f90763ebbf99	47676
mods/heroes.stormmod/base.stormassets/assets/sounds/heroes/falstad_base/falstad_barrelroll_launch05.wav	ee2bcfbd9477ec43200d887f684cd4f6	46652
mods/heroes.stormmod/base.stormassets/assets/sounds/heroes/falstad_base/falstad_boomerang_explo01.wav	b13f08f6df726778b66313b0344bd092	48444
mods/heroes.stormmod/base.stormassets/assets/sounds/heroes/falstad_base/falstad_boomerang_explo02.wav	530020d599ed9e86f42ca8c2d696a272	52284
mods/heroes.stormmod/base.stormassets/assets/sounds/heroes/falstad_base/falstad_boomerang_explo03.wav	20efe72a0820b7ef8308e65f740b9b32	37692
mods/heroes.stormmod/base.stormassets/assets/sounds/heroes/falstad_base/falstad_griffon_flight_charge01.wav	0f03c2b2e27b9879ba8623f859fc0f07	60988
mods/heroes.stormmod/base.stormassets/assets/sounds/heroes/falstad_base/falstad_griffon_flight_fly01.wav	21db80fca34d1e82c0fd99e7466160b1	100924
mods/heroes.stormmod/base.stormassets/assets/sounds/heroes/falstad_base/falstad_griffon_land01.wav	c84ee543c2463183852a1efb7a0c55ab	45116
mods/heroes.stormmod/base.stormassets/assets/sounds/heroes/falstad_base/falstad_griffon_takeflight01.wav	03313c4f9bbddeccc21de6df315a982b	69948
mods/heroes.stormmod/base.stormassets/assets/sounds/heroes/falstad_base/falstad_griffon_vox_distant01.wav	35cff29419d0d10dbabfc4b261d66504	53564
mods/heroes.stormmod/base.stormassets/assets/sounds/heroes/falstad_base/falstad_griffon_vox_distant02.wav	3ae3e1fe0b819ab94454a73a55c3ef53	53308
mods/heroes.stormmod/base.stormassets/assets/sounds/heroes/falstad_base/falstad_griffon_vox_distant03.wav	a956b304e1f57b89c43bee01ce0a9a96	61756
mods/heroes.stormmod/base.stormassets/assets/sounds/heroes/falstad_base/falstad_griffon_vox_short01.wav	17df94755bb7f48c233e27da7600ec60	41276
mods/heroes.stormmod/base.stormassets/assets/sounds/heroes/falstad_base/falstad_griffon_vox_short02.wav	f2bd05eb09a0b7d52a3e88046138fddb	48956
mods/heroes.stormmod/base.stormassets/assets/sounds/heroes/falstad_base/falstad_griffon_vox_short03.wav	9bc47a0ebfaa3908e7ac40f8eb231f9d	35900
mods/heroes.stormmod/base.stormassets/assets/sounds/heroes/falstad_base/falstad_griffon_vox_short04.wav	0e3190ed8f4d47f2d11420951e66837c	34876
mods/heroes.stormmod/base.stormassets/assets/sounds/heroes/falstad_base/falstad_griffon_vox_short05.wav	ef0875289bcbe7ae2bcb56f1e2e5a38e	31036
mods/heroes.stormmod/base.stormassets/assets/sounds/heroes/falstad_base/falstad_griffon_vox_short06.wav	c84e4bc49b4a35f89e6db0e13397ad03	49468
mods/heroes.stormmod/base.stormassets/assets/sounds/heroes/falstad_base/falstad_griffon_vox_short07.wav	abd8d417563828343b71522441b4e02e	35388
mods/heroes.stormmod/base.stormassets/assets/sounds/heroes/falstad_base/falstad_griffon_vox_short08.wav	5748e2cf6001d6c9571c88ed78262fc4	30524
mods/heroes.stormmod/base.stormassets/assets/sounds/heroes/falstad_base/falstad_griffon_vox_short09.wav	17ba7aa002c0aef22eb394ff3cf7dac7	42556
mods/heroes.stormmod/base.stormassets/assets/sounds/heroes/falstad_base/falstad_griffon_wingflap01.wav	fd075026a06cc67d1733eeb197f8c712	29756
mods/heroes.stormmod/base.stormassets/assets/sounds/heroes/falstad_base/falstad_griffon_wingflap02.wav	de714d5585126d863c5d83f594d30356	27196
mods/heroes.stormmod/base.stormassets/assets/sounds/heroes/falstad_base/falstad_griffon_wingflap03.wav	aec89687d7aafbd47c629e2e29cf3bee	20796
mods/heroes.stormmod/base.stormassets/assets/sounds/heroes/falstad_base/falstad_griffon_wingflap04.wav	aefa54e0d260b32372e6566fe894bc6c	26172
mods/heroes.stormmod/base.stormassets/assets/sounds/heroes/falstad_base/falstad_griffon_wingflap05.wav	fef00c3adfb7a2dc990d2b534a02c79d	27196
mods/heroes.stormmod/base.stormassets/assets/sounds/heroes/falstad_base/falstad_griffon_wingflap_soar01.wav	b839852013c9f43fe614ea5bca375f11	56124
mods/heroes.stormmod/base.stormassets/assets/sounds/heroes/falstad_base/falstad_griffon_wingflap_soar02.wav	32b17e829c737202653645491bdc0e57	48188
mods/heroes.stormmod/base.stormassets/assets/sounds/heroes/falstad_base/falstad_hammerang_cast01.wav	a6ffe853441abad00bddb2ff2f07ea3d	25404
mods/heroes.stormmod/base.stormassets/assets/sounds/heroes/falstad_base/falstad_hammerang_cast02.wav	dc221e1ff0e32bad428839c538cf9c5e	49724
mods/heroes.stormmod/base.stormassets/assets/sounds/heroes/falstad_base/falstad_hammerang_cast03.wav	2ea445803aa205d62a46759a158483cb	22332
mods/heroes.stormmod/base.stormassets/assets/sounds/heroes/falstad_base/falstad_hammerang_cast04.wav	69bcca937eef8fe6f5b10636e0b5d101	21564
mods/heroes.stormmod/base.stormassets/assets/sounds/heroes/falstad_base/falstad_hammerang_cast05.wav	b64a0391b1acad3c56f1177a757c9223	26172
mods/heroes.stormmod/base.stormassets/assets/sounds/heroes/falstad_base/falstad_hammerang_catch01.wav	e616d77b4b65b72700dd87fad865e10f	25660
mods/heroes.stormmod/base.stormassets/assets/sounds/heroes/falstad_base/falstad_hammerang_impact05.wav	a3a370a2c30e918b96aeeba76a5889e0	23356
mods/heroes.stormmod/base.stormassets/assets/sounds/heroes/falstad_base/falstad_hammerang_impact06.wav	65f31ededec05bc21d365bd044619a88	24636
mods/heroes.stormmod/base.stormassets/assets/sounds/heroes/falstad_base/falstad_hammerang_impact07.wav	7043ea4469c00e37aeb9f07ed525dfe2	23612
mods/heroes.stormmod/base.stormassets/assets/sounds/heroes/falstad_base/falstad_hammerang_impact08.wav	988dd5bc44f52966e7575093c782f0af	25916
mods/heroes.stormmod/base.stormassets/assets/sounds/heroes/falstad_base/falstad_hammerang_loop01.wav	4e2dce3fc7acd6181c689ab35c2e3d4b	40764
mods/heroes.stormmod/base.stormassets/assets/sounds/heroes/falstad_base/falstad_hammerang_proj01.wav	42701a6607b824de48c641ad07f08104	49468
mods/heroes.stormmod/base.stormassets/assets/sounds/heroes/falstad_base/falstad_hammerang_proj02.wav	8a0ffbfda08ce4e079623ccfeb046608	59452
mods/heroes.stormmod/base.stormassets/assets/sounds/heroes/falstad_base/falstad_hammerang_proj03.wav	67c87384a427105046220d7dbed968df	48700
mods/heroes.stormmod/base.stormassets/assets/sounds/heroes/falstad_base/falstad_hammerang_proj04.wav	2241921a204da3add2fca1563c787e85	49468
mods/heroes.stormmod/base.stormassets/assets/sounds/heroes/falstad_base/falstad_hammerang_proj05.wav	e7060d84b099879273876bc0a0c6438c	64060
mods/heroes.stormmod/base.stormassets/assets/sounds/heroes/falstad_base/falstad_hammerang_whoosh01.wav	982a6d31da7c96834c7a9aec1d030754	31292
mods/heroes.stormmod/base.stormassets/assets/sounds/heroes/falstad_base/falstad_hammerang_whoosh03.wav	6433a8667c5935b07a039d3793755c10	29244
mods/heroes.stormmod/base.stormassets/assets/sounds/heroes/falstad_base/falstad_hammerang_whoosh05.wav	befc25384926ad471d0058c8b8d546d3	34364
mods/heroes.stormmod/base.stormassets/assets/sounds/heroes/falstad_base/falstad_hammerrang_impact01.wav	71b8173946b88ac3c1b2742068d27136	28988
mods/heroes.stormmod/base.stormassets/assets/sounds/heroes/falstad_base/falstad_hammerrang_impact02.wav	83440a4a162693bb5f19a47b0f614f77	20284
mods/heroes.stormmod/base.stormassets/assets/sounds/heroes/falstad_base/falstad_hammerrang_impact03.wav	fb60815e4fb6de597be8c05f1ad34361	30524
mods/heroes.stormmod/base.stormassets/assets/sounds/heroes/falstad_base/falstad_hammerrang_impact04.wav	c6352f39e23280967c9ee46d2a13c893	27708
mods/heroes.stormmod/base.stormassets/assets/sounds/heroes/falstad_base/falstad_hammerrang_retract01.wav	f6ab41d092c329abcb7ce57e3284903c	51260
mods/heroes.stormmod/base.stormassets/assets/sounds/heroes/falstad_base/falstad_hammerrang_retract02.wav	3a31907d42742ef58ce5b525f5ce2d1c	41532
mods/heroes.stormmod/base.stormassets/assets/sounds/heroes/falstad_base/falstad_hammerrang_retract03.wav	7bfa7765f88974b2bcfde82139382a8a	36412
mods/heroes.stormmod/base.stormassets/assets/sounds/heroes/falstad_base/falstad_hammerrang_retract04.wav	cff67ff116e04a9a5131e8b6c0e7bc05	41276
mods/heroes.stormmod/base.stormassets/assets/sounds/heroes/falstad_base/falstad_hammerrang_retract05.wav	3815d796f758a9a3e02035b490e4fd44	43580
mods/heroes.stormmod/base.stormassets/assets/sounds/heroes/falstad_base/falstad_lightningrod_cast01.wav	6662517530ae362230b615fa65274146	73788
mods/heroes.stormmod/base.stormassets/assets/sounds/heroes/falstad_base/falstad_lightningrod_cast02.wav	7f3960ff17cbe0ad9e023dcce255592f	91964
mods/heroes.stormmod/base.stormassets/assets/sounds/heroes/falstad_base/falstad_lightningrod_cast03.wav	a6650fe8d2998b8ec4cb359d3e33a97e	85564
mods/heroes.stormmod/base.stormassets/assets/sounds/heroes/falstad_base/falstad_lightningrod_cast04.wav	ea15668e6bbee962201467133089b35d	76348
mods/heroes.stormmod/base.stormassets/assets/sounds/heroes/falstad_base/falstad_mightygust_impact01.wav	e76438ba0c556f03450c798e789801b4	21820
mods/heroes.stormmod/base.stormassets/assets/sounds/heroes/falstad_base/falstad_mightygust_impact02.wav	2447da3e30e56343a6cc2892453103ee	26428
mods/heroes.stormmod/base.stormassets/assets/sounds/heroes/falstad_base/falstad_mightygust_impact03.wav	da69cc12f62e53e0d0cb68022056760d	25916
mods/heroes.stormmod/base.stormassets/assets/sounds/heroes/falstad_base/falstad_mightygust_impact04.wav	22136ee17f70cb41ca7e316c7cf83624	24380
mods/heroes.stormmod/base.stormassets/assets/sounds/heroes/falstad_base/falstad_mightygust_impact05.wav	e7138edd6c141d7ff51a8740d83b8fbc	25916
mods/heroes.stormmod/base.stormassets/assets/sounds/heroes/falstad_base/falstad_mightygust_impact06.wav	eb898d579f21cc73129f6c98ab1a33f9	27708
mods/heroes.stormmod/base.stormassets/assets/sounds/heroes/falstad_base/falstad_mightygust_impact07.wav	4fa9e582ee72032fbd24245c04a2ebb1	26428
mods/heroes.stormmod/base.stormassets/assets/sounds/heroes/falstad_base/falstad_mightygust_launch01.wav	0dab20b2ab94d6005038766fed41f48f	42300
mods/heroes.stormmod/base.stormassets/assets/sounds/heroes/falstad_base/falstad_mightygust_missile01.wav	6f766c2f590f491b0b5ffea82d3b4061	50492
mods/heroes.stormmod/base.stormassets/assets/sounds/heroes/falstad_base/falstad_mightygust_whoosh01.wav	c97b6e214252587c2bf4c03524be6ada	16188
mods/heroes.stormmod/base.stormassets/assets/sounds/heroes/falstad_base/falstad_mightygust_windtunnel_grow01.wav	6957d79ab0b058b9ea88e70c3063ef8b	125500
mods/heroes.stormmod/base.stormassets/assets/sounds/heroes/falstad_base/falstad_mightygust_windtunnel_gust01.wav	048ecd5235e0fd1640c7b3c97d247145	32060
mods/heroes.stormmod/base.stormassets/assets/sounds/heroes/falstad_base/falstad_mightygust_windtunnel_gust02.wav	721a23cccfa3c4f2717ab54a8c566874	41020
mods/heroes.stormmod/base.stormassets/assets/sounds/heroes/falstad_base/falstad_mightygust_windtunnel_gust03.wav	bb38aff340e29a5a9e24f6cc4bdf4c09	38972
mods/heroes.stormmod/base.stormassets/assets/sounds/heroes/falstad_base/falstad_mightygust_windtunnel_gust04.wav	59ff138cecd46ee72658f70d103ac30a	34876
mods/heroes.stormmod/base.stormassets/assets/sounds/heroes/falstad_base/falstad_mightygust_windtunnel_gust05.wav	b5b528804e97aa91c23fcf872766adaf	41788
mods/heroes.stormmod/base.stormassets/assets/sounds/heroes/falstad_base/falstad_mightygust_windtunnel_gust06.wav	773450dd311b6abdef0023e884dea336	40252
mods/heroes.stormmod/base.stormassets/assets/sounds/heroes/falstad_base/falstad_mightygust_windtunnel_gust07.wav	f91d0807e8cc62aa33ff4e0b38102b2b	43324
mods/heroes.stormmod/base.stormassets/assets/sounds/heroes/falstad_base/falstad_mightygust_windtunnel_impact01.wav	138b37af168c3c642699bce16dae0af4	16956
mods/heroes.stormmod/base.stormassets/assets/sounds/heroes/falstad_base/falstad_mightygust_windtunnel_impact02.wav	f35b19751bae8a175c143c355e7ca4b0	23356
mods/heroes.stormmod/base.stormassets/assets/sounds/heroes/falstad_base/falstad_mightygust_windtunnel_impact03.wav	b2a7bad1a4c47c9cd9d797954bf057d0	24636
mods/heroes.stormmod/base.stormassets/assets/sounds/heroes/falstad_base/falstad_mightygust_windtunnel_impact04.wav	371ff876b7098dcd59e24001d9ee1a7c	24892
mods/heroes.stormmod/base.stormassets/assets/sounds/heroes/falstad_base/falstad_mightygust_windtunnel_impact05.wav	f3294af6a7cf99f47b6f7174fc24d3f6	27196
mods/heroes.stormmod/base.stormassets/assets/sounds/heroes/falstad_base/falstad_shockandawe_launch01.wav	48c1d522f7d398288c5c8e425757a3d8	89404
mods/heroes.stormmod/base.stormassets/assets/sounds/heroes/falstad_base/falstad_shockandawe_prelaunch01.wav	42b1423e88ad834467a425102f6905a2	26172
mods/heroes.stormmod/base.stormassets/assets/sounds/heroes/falstad_base/falstad_swoop_launch01.wav	8fcd1ce1776b825354034fd20a84ab58	45372
mods/heroes.stormmod/base.stormassets/assets/sounds/heroes/falstad_base/falstad_swoop_launch02.wav	a8be95ec1c7514a00fb5ba32bf14a6bd	43068
mods/heroes.stormmod/base.stormassets/assets/sounds/heroes/falstad_base/falstad_swoop_launch03.wav	1f9aa6c7260c6d8e8da603388d1b2f93	44604
mods/heroes.stormmod/base.stormassets/assets/sounds/heroes/falstad_base/falstad_swoop_launch04.wav	fcad93d59b8d3a1e02caa0ffba9e25e9	50492
mods/heroes.stormmod/base.stormassets/assets/sounds/heroes/falstad_base/falstad_swoop_launch05.wav	64fe5f9ed5f53c7928b5f1962e50b2d5	49980
mods/heroes.stormmod/base.stormassets/assets/sounds/heroes/falstad_base/falstad_thunderstorm01.wav	6f5f9c0a69e2e02c57294626156b0d3a	52540
mods/heroes.stormmod/base.stormassets/assets/sounds/heroes/falstad_base/falstad_thunderstorm02.wav	6043f5b7c946396ba478ebbc5fb7230e	51772
mods/heroes.stormmod/base.stormassets/assets/sounds/heroes/falstad_base/falstad_thunderstorm03.wav	e5b0027ffce3c6d73d89ea34f15834d9	49468
mods/heroes.stormmod/base.stormassets/assets/sounds/heroes/falstad_base/falstad_thunderstorm04.wav	3130da2bcd85441ab196927754719bcf	48700
mods/heroes.stormmod/base.stormassets/assets/sounds/heroes/falstad_base/falstad_thunderstorm05.wav	812294d4a5f3174d49407bc8e3cd82fe	54844
mods/heroes.stormmod/base.stormassets/assets/sounds/heroes/falstad_base/falstad_thunderstorm06.wav	2578b499f5bd6d6c399faa87cc1d3098	52540
mods/heroes.stormmod/base.stormassets/assets/sounds/heroes/falstad_base/falstad_thunderstorm07.wav	1fcf346c95ec33d321b189e4900eb011	50236
mods/heroes.stormmod/base.stormassets/assets/sounds/heroes/falstad_base/falstad_thunderstorm08.wav	70c7112b8383ec93d66d34d3ec4982bd	48700
mods/heroes.stormmod/base.stormassets/assets/sounds/heroes/falstad_base/falstad_thunderstorm_launch01.wav	4234a8754b9ef5ba0be3cc64d736f0e3	25916
mods/heroes.stormmod/base.stormassets/assets/sounds/heroes/falstad_base/falstad_thunderstorm_launch02.wav	2dc241131a157f009c3071e0ebc96aa6	40508
mods/heroes.stormmod/base.stormassets/assets/sounds/heroes/falstad_base/falstad_thunderstorm_launch03.wav	6694c80d1b250b2dfa5eb03963869836	39996
mods/heroes.stormmod/base.stormassets/assets/sounds/heroes/falstad_base/falstad_thunderstorm_launch04.wav	db4a46e7f868541bee77f238e92410f7	42044
mods/heroes.stormmod/base.stormassets/assets/sounds/heroes/falstad_base/falstad_thunderstorm_launch05.wav	bbb9a861392c9df81ce62a1a868c30f8	19516
mods/heroes.stormmod/base.stormassets/assets/sounds/heroes/falstad_base/falstad_thunderstorm_launch06.wav	30df9b9f6472afdae37cc21f46163828	31036
mods/heroes.stormmod/base.stormassets/assets/sounds/heroes/falstad_base/falstad_thunderstorm_launch07.wav	cddd168b5fef00e78440b330dde90fc1	62780
mods/heroes.stormmod/base.stormassets/assets/sounds/heroes/falstad_base/falstad_thunderstorm_launch08.wav	308fdd5acdb13ccdad8c111cc3806a28	54844
mods/heroes.stormmod/base.stormassets/assets/sounds/heroes/falstad_base/falstad_thunderstorm_launch09.wav	74b037cfddd1b4ece38ba0b5112c8802	27452
mods/heroes.stormmod/base.stormassets/assets/sounds/heroes/falstad_base/falstad_wildhammer_impact01.wav	c2fc63354ca5fd2a943f2235266817f1	28732
mods/heroes.stormmod/base.stormassets/assets/sounds/heroes/falstad_base/falstad_wildhammer_impact02.wav	bfa9b7d37ac04c9ab7f9b122b52f25f9	29500
mods/heroes.stormmod/base.stormassets/assets/sounds/heroes/falstad_base/falstad_wildhammer_impact03.wav	0e52e7f89e9a407a3aa93b6862481f8d	24124
mods/heroes.stormmod/base.stormassets/assets/sounds/heroes/falstad_base/falstad_wildhammer_impact04.wav	52bb3b77d76ede4246b34a68f628d088	29244
mods/heroes.stormmod/base.stormassets/assets/sounds/heroes/falstad_buccaneer/falstad_buccaneer_anchorrod_launch_01.wav	fad0e833d79bc2aaec827e4bf4439b03	148540
mods/heroes.stormmod/base.stormassets/assets/sounds/heroes/falstad_buccaneer/falstad_buccaneer_anchorrod_launch_02.wav	a7b3e42a8a26906b8fcc7b7d4963a119	145980
mods/heroes.stormmod/base.stormassets/assets/sounds/heroes/falstad_buccaneer/falstad_buccaneer_anchorrod_launch_03.wav	4cb30aaeb3a02c05f334b7a0bf31a266	141372
mods/heroes.stormmod/base.stormassets/assets/sounds/heroes/falstad_buccaneer/falstad_buccaneer_attack_impact_01.wav	adc2b18c066b38b0b694e238dd41abe9	25404
mods/heroes.stormmod/base.stormassets/assets/sounds/heroes/falstad_buccaneer/falstad_buccaneer_attack_impact_02.wav	a7bdcf929852b22c39c81148bc0ff203	26940
mods/heroes.stormmod/base.stormassets/assets/sounds/heroes/falstad_buccaneer/falstad_buccaneer_attack_impact_03.wav	ad1200cf9d1df97a6d71228c5258de70	27196
mods/heroes.stormmod/base.stormassets/assets/sounds/heroes/falstad_buccaneer/falstad_buccaneer_attack_impact_04.wav	360a2bd7b301d680e9a8b845d3bc04dd	25660
mods/heroes.stormmod/base.stormassets/assets/sounds/heroes/falstad_buccaneer/falstad_buccaneer_attack_impact_05.wav	272323e199785c4a328ad51b1450e8e6	28732
mods/heroes.stormmod/base.stormassets/assets/sounds/heroes/falstad_buccaneer/falstad_buccaneer_attack_impact_06.wav	536bfbe0851b77907b16799a92d5f903	32060
mods/heroes.stormmod/base.stormassets/assets/sounds/heroes/falstad_buccaneer/falstad_buccaneer_attack_impact_07.wav	e852df6547608aebc7211776b3e1621f	26940
mods/heroes.stormmod/base.stormassets/assets/sounds/heroes/falstad_buccaneer/falstad_buccaneer_attack_impact_08.wav	f0d8b833fedd289a79c7d6825944da2a	30012
mods/heroes.stormmod/base.stormassets/assets/sounds/heroes/falstad_buccaneer/falstad_buccaneer_attack_impact_09.wav	ffcbc36528027acc38635f5c73c98bff	35900
mods/heroes.stormmod/base.stormassets/assets/sounds/heroes/falstad_buccaneer/falstad_buccaneer_attack_launch_01.wav	2d63c843bd262698273185f590ed18f8	12348
mods/heroes.stormmod/base.stormassets/assets/sounds/heroes/falstad_buccaneer/falstad_buccaneer_attack_launch_02.wav	b7846b11824f84fee9bf908c4953b716	17724
mods/heroes.stormmod/base.stormassets/assets/sounds/heroes/falstad_buccaneer/falstad_buccaneer_attack_launch_03.wav	641c085c01b6293ab0e83589486dc420	15420
mods/heroes.stormmod/base.stormassets/assets/sounds/heroes/falstad_buccaneer/falstad_buccaneer_attack_launch_04.wav	3fd72574d2f077db8e48e9c64b59a058	13628
mods/heroes.stormmod/base.stormassets/assets/sounds/heroes/falstad_buccaneer/falstad_buccaneer_attack_launch_05.wav	ee170ec498a13863812256cbfd12d67f	18236
mods/heroes.stormmod/base.stormassets/assets/sounds/heroes/falstad_buccaneer/falstad_buccaneer_attack_launch_06.wav	3105f5e8637d66acfaf5844c3c8a8a49	27964
mods/heroes.stormmod/base.stormassets/assets/sounds/heroes/falstad_buccaneer/falstad_buccaneer_attack_launch_07.wav	602c20b508f6f627e470bf98cd8f71e8	21564
mods/heroes.stormmod/base.stormassets/assets/sounds/heroes/falstad_buccaneer/falstad_buccaneer_attack_launch_08.wav	f3e12c242676e51d16f155b9b9570322	17980
mods/heroes.stormmod/base.stormassets/assets/sounds/heroes/falstad_buccaneer/falstad_buccaneer_dance_bounce_land_01.wav	c51b72eb215cc2ae6cbcdce4b2d3b084	34876
mods/heroes.stormmod/base.stormassets/assets/sounds/heroes/falstad_buccaneer/falstad_buccaneer_dance_bounce_land_02.wav	dc7d7b4680abaf38ab48737dfdcd949c	33340
mods/heroes.stormmod/base.stormassets/assets/sounds/heroes/falstad_buccaneer/falstad_buccaneer_dance_bounce_land_03.wav	f05fc8f3bf86b562d32750f6464a9376	31292
mods/heroes.stormmod/base.stormassets/assets/sounds/heroes/falstad_buccaneer/falstad_buccaneer_dance_bounce_whistle_01.wav	0cea2f98e52cd2dca501ce57f6c0e8c6	23612
mods/heroes.stormmod/base.stormassets/assets/sounds/heroes/falstad_buccaneer/falstad_buccaneer_dance_bounce_whistle_02.wav	8b6fade03dbe46b98a4d442af703cfbe	22588
mods/heroes.stormmod/base.stormassets/assets/sounds/heroes/falstad_buccaneer/falstad_buccaneer_dance_bounce_whistle_03.wav	7d1273af2207915721590a0d715f194a	26684
mods/heroes.stormmod/base.stormassets/assets/sounds/heroes/falstad_buccaneer/falstad_buccaneer_dance_bounce_wings_01.wav	5643702e2d7b8c38bca578b072097681	30780
mods/heroes.stormmod/base.stormassets/assets/sounds/heroes/falstad_buccaneer/falstad_buccaneer_dance_bounce_wings_02.wav	4f64a8498342a8c092d08d9bb4454478	42044
mods/heroes.stormmod/base.stormassets/assets/sounds/heroes/falstad_buccaneer/falstad_buccaneer_dance_bounce_wings_03.wav	fe781bff31da3e5779e5420b94d29e54	39996
mods/heroes.stormmod/base.stormassets/assets/sounds/heroes/falstad_buccaneer/falstad_buccaneer_dance_bounce_wings_04.wav	b205240fac8410903c9e07b70488c370	32316
mods/heroes.stormmod/base.stormassets/assets/sounds/heroes/falstad_buccaneer/falstad_buccaneer_dance_exerts_01.wav	e18be1db4bee3562de21db9afca29ddb	41020
mods/heroes.stormmod/base.stormassets/assets/sounds/heroes/falstad_buccaneer/falstad_buccaneer_dance_exerts_02.wav	ff357a46035ca80659e948b0d3a7d267	46652
mods/heroes.stormmod/base.stormassets/assets/sounds/heroes/falstad_buccaneer/falstad_buccaneer_dance_exerts_03.wav	fc27c2372f1b39ccb166b89449ba22c7	44604
mods/heroes.stormmod/base.stormassets/assets/sounds/heroes/falstad_buccaneer/falstad_buccaneer_dance_exerts_finish_01.wav	638914a66a842c76d85401e8d0db73be	74812
mods/heroes.stormmod/base.stormassets/assets/sounds/heroes/falstad_buccaneer/falstad_buccaneer_dance_fx_01.wav	b91ecf50869a746b6b709032158119a3	244284
mods/heroes.stormmod/base.stormassets/assets/sounds/heroes/falstad_buccaneer/falstad_buccaneer_dance_mx_01.wav	2b3e26cf23c5a44e77b80ba904eaae37	257596
mods/heroes.stormmod/base.stormassets/assets/sounds/heroes/falstad_buccaneer/falstad_buccaneer_dance_parrot_vox_01.wav	debff609c2de8b44a15a66b70996a270	19516
mods/heroes.stormmod/base.stormassets/assets/sounds/heroes/falstad_buccaneer/falstad_buccaneer_dance_parrot_vox_02.wav	5c060689a191c400c56450c6b61e3bb8	18492
mods/heroes.stormmod/base.stormassets/assets/sounds/heroes/falstad_buccaneer/falstad_buccaneer_dance_parrot_vox_03.wav	ca181ed2317ab885039f7219b59fb913	26684
mods/heroes.stormmod/base.stormassets/assets/sounds/heroes/falstad_buccaneer/falstad_buccaneer_dance_parrot_vox_04.wav	f7c4bd9ce043e3ab8e6db415e6b7a3d9	22588
mods/heroes.stormmod/base.stormassets/assets/sounds/heroes/falstad_buccaneer/falstad_buccaneer_dance_parrot_vox_05.wav	7425cf1cf7f28d187d815a1f566a84d8	28732
mods/heroes.stormmod/base.stormassets/assets/sounds/heroes/falstad_buccaneer/falstad_buccaneer_dance_parrot_vox_06.wav	f4e5fb8f6472d2b3869238fd9040430a	28220
mods/heroes.stormmod/base.stormassets/assets/sounds/heroes/falstad_buccaneer/falstad_buccaneer_hinterlandblast_parrot_vox_01.wav	c72594f86f2fe93cfb35741d2a24f06c	22076
mods/heroes.stormmod/base.stormassets/assets/sounds/heroes/falstad_buccaneer/falstad_buccaneer_hinterlandblast_parrot_vox_02.wav	bd9def538bf24a30b05d3acc3f9c1850	39484
mods/heroes.stormmod/base.stormassets/assets/sounds/heroes/falstad_buccaneer/falstad_buccaneer_takeflight_cannon_01.wav	8902877ef4aacf233eba41c9fa78494d	163388
mods/heroes.stormmod/base.stormassets/assets/sounds/heroes/falstad_buccaneer/falstad_buccaneer_takeflight_parrot_vox_01.wav	ae33b0710b0dbe0c75714fc5b856ad39	51516
mods/heroes.stormmod/base.stormassets/assets/sounds/heroes/falstad_buccaneer/falstad_buccaneer_takeflight_parrot_vox_end_01.wav	52590cc5e17f56fbc0ee582ab2e59227	14396
mods/heroes.stormmod/base.stormassets/assets/sounds/heroes/falstad_buccaneer/falstad_buccaneer_takeflight_precast_accordian_01.wav	8a4178e04286ad53f1b3138d1f03b58e	94268
mods/heroes.stormmod/base.stormassets/assets/sounds/heroes/falstad_buccaneer/falstad_buccaneer_takeflight_precast_parrot_banter_01.wav	40d2702a5c566c6152cec9a65aee604a	27452
mods/heroes.stormmod/base.stormassets/assets/sounds/heroes/falstad_buccaneer/falstad_buccaneer_takeflight_precast_whistle_01.wav	36216fa317d0d7574eefa50838396459	60988
mods/heroes.stormmod/base.stormassets/assets/sounds/heroes/falstad_buccaneer/falstad_buccaneer_taunt_mx_01.wav	d63f3ee24cf34b92776f7c796bc9b3c0	222780
