mods/heroes.stormmod/base.stormassets/assets/sounds/heroes/junkrat_base/junkrat_bombpack_pickup_02.wav	5ee36f58f5f2020e1ffeea9a15808513	10812
mods/heroes.stormmod/base.stormassets/assets/sounds/heroes/junkrat_base/junkrat_bombpack_pickup_03.wav	94b549af50f1d2140f153b20d14c14bf	10556
mods/heroes.stormmod/base.stormassets/assets/sounds/heroes/junkrat_base/junkrat_bombpack_pickup_04.wav	9388beb4b7e22053bbe48526be75e828	10300
mods/heroes.stormmod/base.stormassets/assets/sounds/heroes/junkrat_base/junkrat_bombpack_pickup_05.wav	540fa607dedc3089402f09fc4b872827	10812
mods/heroes.stormmod/base.stormassets/assets/sounds/heroes/junkrat_base/junkrat_concussionmine_arm_01.wav	da6ce2369bccf99b06576388d9304904	43068
mods/heroes.stormmod/base.stormassets/assets/sounds/heroes/junkrat_base/junkrat_concussionmine_cast_01.wav	519790e4613bb41336cce86b866b16e3	25660
mods/heroes.stormmod/base.stormassets/assets/sounds/heroes/junkrat_base/junkrat_concussionmine_cast_02.wav	6371ef619d4864f7205be3f48183f11a	25660
mods/heroes.stormmod/base.stormassets/assets/sounds/heroes/junkrat_base/junkrat_concussionmine_cast_03.wav	a3d991ae94f41b3ee9848eda061b69b7	26172
mods/heroes.stormmod/base.stormassets/assets/sounds/heroes/junkrat_base/junkrat_concussionmine_cast_04.wav	c849a84b6fbf01d0371eb8e244e8bb96	26172
mods/heroes.stormmod/base.stormassets/assets/sounds/heroes/junkrat_base/junkrat_concussionmine_cast_05.wav	43c55d2e662e0050404b1f07567898b1	25660
mods/heroes.stormmod/base.stormassets/assets/sounds/heroes/junkrat_base/junkrat_concussionmine_explode_01.wav	2d2397dc641e53a88ec5950bc98e88c4	83516
mods/heroes.stormmod/base.stormassets/assets/sounds/heroes/junkrat_base/junkrat_concussionmine_explode_02.wav	5d86fc8b9fc92e06c49e2512b4b0161c	98364
mods/heroes.stormmod/base.stormassets/assets/sounds/heroes/junkrat_base/junkrat_concussionmine_explode_03.wav	3b0ed20db9e6c0d80d4b0e0361455821	97340
mods/heroes.stormmod/base.stormassets/assets/sounds/heroes/junkrat_base/junkrat_concussionmine_explode_04.wav	6434c46a9fd75d3c310c256dc3493b33	96828
mods/heroes.stormmod/base.stormassets/assets/sounds/heroes/junkrat_base/junkrat_concussionmine_explode_05.wav	0cd12edad5b2436bf983a3a422c39ac0	90684
mods/heroes.stormmod/base.stormassets/assets/sounds/heroes/junkrat_base/junkrat_concussionmine_impactground_01.wav	b56f87b3c94353435c4e473ffea54d7f	42044
mods/heroes.stormmod/base.stormassets/assets/sounds/heroes/junkrat_base/junkrat_concussionmine_impactground_02.wav	a3053978eeba77de8101774254605185	42556
mods/heroes.stormmod/base.stormassets/assets/sounds/heroes/junkrat_base/junkrat_concussionmine_impactground_03.wav	9c8ee68800ba855e9aaa7b4020ff451d	42556
mods/heroes.stormmod/base.stormassets/assets/sounds/heroes/junkrat_base/junkrat_concussionmine_impactground_04.wav	e3515f4e5b978cf31b7f32998070a4aa	42044
mods/heroes.stormmod/base.stormassets/assets/sounds/heroes/junkrat_base/junkrat_concussionmine_impactground_05.wav	101d481b8408caf863a7bf6dbed151b3	42044
mods/heroes.stormmod/base.stormassets/assets/sounds/heroes/junkrat_base/junkrat_concussionmine_selfjump_01.wav	cb28c5048b4136806d535afbf2221ab9	53820
mods/heroes.stormmod/base.stormassets/assets/sounds/heroes/junkrat_base/junkrat_concussionmine_selfjump_02.wav	d1fe38a37b482f90006d6bf73fde3fde	68668
mods/heroes.stormmod/base.stormassets/assets/sounds/heroes/junkrat_base/junkrat_dance_01.wav	94c36d5b7d345e0aa95f7364d3de3e10	141372
mods/heroes.stormmod/base.stormassets/assets/sounds/heroes/junkrat_base/junkrat_fraglauncher_cooldown_01.wav	06f4ddc0aad9120036396cca7fe0c887	47676
mods/heroes.stormmod/base.stormassets/assets/sounds/heroes/junkrat_base/junkrat_fraglauncher_explosion_01.wav	fd39ac0e3b1db0719d65a2333385a56b	120892
mods/heroes.stormmod/base.stormassets/assets/sounds/heroes/junkrat_base/junkrat_fraglauncher_explosion_02.wav	01a163453625ef8a237e8b0335eed927	135228
mods/heroes.stormmod/base.stormassets/assets/sounds/heroes/junkrat_base/junkrat_fraglauncher_explosion_03.wav	ebd356648087111d28b22bc552e6ed2c	116284
mods/heroes.stormmod/base.stormassets/assets/sounds/heroes/junkrat_base/junkrat_fraglauncher_explosion_04.wav	470534ba454d7cbed19692b0661ac5e7	137276
mods/heroes.stormmod/base.stormassets/assets/sounds/heroes/junkrat_base/junkrat_fraglauncher_explosion_05.wav	4cc2a67f773cccb08c9fd2ed72cf02a2	121404
mods/heroes.stormmod/base.stormassets/assets/sounds/heroes/junkrat_base/junkrat_fraglauncher_explosion_06.wav	237c8d3a15337234451a3d70726b78a7	121404
mods/heroes.stormmod/base.stormassets/assets/sounds/heroes/junkrat_base/junkrat_fraglauncher_explosion_07.wav	c75925a02b5291a023f3b67776878af7	138300
mods/heroes.stormmod/base.stormassets/assets/sounds/heroes/junkrat_base/junkrat_fraglauncher_explosion_08.wav	6df5a0ebfa42f6ba0948c2659aff80d5	123452
mods/heroes.stormmod/base.stormassets/assets/sounds/heroes/junkrat_base/junkrat_fraglauncher_explosion_09.wav	7f713d2380580bff4ecb875a6bb0cc5a	161340
mods/heroes.stormmod/base.stormassets/assets/sounds/heroes/junkrat_base/junkrat_fraglauncher_grenade_land_01.wav	a462edffd7d3677318a237ffc2692d0d	20540
mods/heroes.stormmod/base.stormassets/assets/sounds/heroes/junkrat_base/junkrat_fraglauncher_grenade_land_02.wav	b3b38369d56aafe878545e46c7fa2392	15676
mods/heroes.stormmod/base.stormassets/assets/sounds/heroes/junkrat_base/junkrat_fraglauncher_grenade_land_03.wav	7203f2c49d3987e6637d1b69232fc9aa	12348
mods/heroes.stormmod/base.stormassets/assets/sounds/heroes/junkrat_base/junkrat_fraglauncher_grenade_land_04.wav	aa80061ab3ccb9b93fa64c17c3ee5e4a	17212
mods/heroes.stormmod/base.stormassets/assets/sounds/heroes/junkrat_base/junkrat_fraglauncher_grenade_land_05.wav	73995cf9fac280cc46a7610ee8df1df5	18492
mods/heroes.stormmod/base.stormassets/assets/sounds/heroes/junkrat_base/junkrat_fraglauncher_grenade_land_06.wav	7d3190408a2e9b9ed146ba4ea4227844	19260
mods/heroes.stormmod/base.stormassets/assets/sounds/heroes/junkrat_base/junkrat_fraglauncher_grenade_ricochet_01.wav	0e527826dd1ac8d5ec7af385d3674234	25148
mods/heroes.stormmod/base.stormassets/assets/sounds/heroes/junkrat_base/junkrat_fraglauncher_grenade_ricochet_02.wav	337fb6e16cb8c7e8cd9f30dd9e074886	18492
mods/heroes.stormmod/base.stormassets/assets/sounds/heroes/junkrat_base/junkrat_fraglauncher_grenade_ricochet_03.wav	f72e4d06940fcb28cd9a2708323f2028	21564
mods/heroes.stormmod/base.stormassets/assets/sounds/heroes/junkrat_base/junkrat_fraglauncher_grenade_ricochet_04.wav	5ad67dbae1fee02d2d7cc41b36df7743	20028
mods/heroes.stormmod/base.stormassets/assets/sounds/heroes/junkrat_base/junkrat_fraglauncher_grenade_ricochet_05.wav	db8af0a57ae7a498f5af9e6e20859f19	19772
mods/heroes.stormmod/base.stormassets/assets/sounds/heroes/junkrat_base/junkrat_fraglauncher_launch_01.wav	11e69974cbd2b7a17906cc8df52dbd75	91708
mods/heroes.stormmod/base.stormassets/assets/sounds/heroes/junkrat_base/junkrat_fraglauncher_launch_02.wav	964670d307c747dba2d680dd13a1941f	86588
mods/heroes.stormmod/base.stormassets/assets/sounds/heroes/junkrat_base/junkrat_fraglauncher_launch_03.wav	c24e065732627722fe9c8692d9fb07ee	83004
mods/heroes.stormmod/base.stormassets/assets/sounds/heroes/junkrat_base/junkrat_fraglauncher_launch_04.wav	e6a1d473c92f518ccf8c08f3571a0257	105020
mods/heroes.stormmod/base.stormassets/assets/sounds/heroes/junkrat_base/junkrat_fraglauncher_launch_05.wav	0eb8e8a19aee73b4a90940d620a6cc9b	84540
mods/heroes.stormmod/base.stormassets/assets/sounds/heroes/junkrat_base/junkrat_fs_land_01.wav	f15e8ea106285da7fa17cb882975b19c	11836
mods/heroes.stormmod/base.stormassets/assets/sounds/heroes/junkrat_base/junkrat_fs_land_02.wav	809cb4e09b21e9b5aa5feb54824b29af	10044
mods/heroes.stormmod/base.stormassets/assets/sounds/heroes/junkrat_base/junkrat_fs_land_03.wav	3eeb4f7e5313a5df5880e2e61ce7156e	9276
mods/heroes.stormmod/base.stormassets/assets/sounds/heroes/junkrat_base/junkrat_fs_land_04.wav	64c6f776ef5e91040e05bdccdfab00f9	10044
mods/heroes.stormmod/base.stormassets/assets/sounds/heroes/junkrat_base/junkrat_fs_land_05.wav	e6ae10db2174bc886bab6525dd4100b7	10044
mods/heroes.stormmod/base.stormassets/assets/sounds/heroes/junkrat_base/junkrat_fs_land_06.wav	edbcf9f240cfaa125452555fead70c57	9532
mods/heroes.stormmod/base.stormassets/assets/sounds/heroes/junkrat_base/junkrat_fs_left_01.wav	0195a28a33b2fb3b440af41820dee370	12348
mods/heroes.stormmod/base.stormassets/assets/sounds/heroes/junkrat_base/junkrat_fs_left_02.wav	3e2667e7547b52672767fb0c9fc9cf57	7484
mods/heroes.stormmod/base.stormassets/assets/sounds/heroes/junkrat_base/junkrat_fs_left_03.wav	a9d63cdfca029a8bad448b768364b638	9020
mods/heroes.stormmod/base.stormassets/assets/sounds/heroes/junkrat_base/junkrat_fs_left_04.wav	f6c0ea3a81c61924000e54c7d7855370	11836
mods/heroes.stormmod/base.stormassets/assets/sounds/heroes/junkrat_base/junkrat_fs_left_05.wav	0c82cdb8adcf41ca01e891af2d980ae1	10812
mods/heroes.stormmod/base.stormassets/assets/sounds/heroes/junkrat_base/junkrat_fs_left_06.wav	027c4a5bb2c9fc3658ec454b8eb74031	12092
mods/heroes.stormmod/base.stormassets/assets/sounds/heroes/junkrat_base/junkrat_fs_left_07.wav	bc66686ead6e83471a694b347d8a1db8	8764
mods/heroes.stormmod/base.stormassets/assets/sounds/heroes/junkrat_base/junkrat_fs_left_08.wav	c9de8e8dd7dd2b537614c32fc9b033eb	13116
mods/heroes.stormmod/base.stormassets/assets/sounds/heroes/junkrat_base/junkrat_fs_left_09.wav	da3fbf63f487436fc16209b476b138a5	10300
mods/heroes.stormmod/base.stormassets/assets/sounds/heroes/junkrat_base/junkrat_fs_left_10.wav	0959df2ebc80b7478a912720d212d8ce	12348
mods/heroes.stormmod/base.stormassets/assets/sounds/heroes/junkrat_base/junkrat_fs_right_01.wav	5fedd765427408cc695db629a4edaed8	17212
mods/heroes.stormmod/base.stormassets/assets/sounds/heroes/junkrat_base/junkrat_fs_right_02.wav	2d2881e3fc771cc403f17110109a5be0	17212
mods/heroes.stormmod/base.stormassets/assets/sounds/heroes/junkrat_base/junkrat_fs_right_03.wav	51eed2626ce09c1923ebe044a93829e2	3388
mods/heroes.stormmod/base.stormassets/assets/sounds/heroes/junkrat_base/junkrat_fs_right_04.wav	b2a8bd16b5f7e603919e2843b0de70d6	10812
mods/heroes.stormmod/base.stormassets/assets/sounds/heroes/junkrat_base/junkrat_fs_right_05.wav	252edb2f1c0b313b0d20e0344a8da177	10044
mods/heroes.stormmod/base.stormassets/assets/sounds/heroes/junkrat_base/junkrat_fs_right_06.wav	a795eaa60709f5ba4a8db49f8e74e804	17212
mods/heroes.stormmod/base.stormassets/assets/sounds/heroes/junkrat_base/junkrat_fs_right_07.wav	023f2464b674f5386b7daa60508da1bd	14396
mods/heroes.stormmod/base.stormassets/assets/sounds/heroes/junkrat_base/junkrat_fs_right_08.wav	3ae291eac79971e9103da3ec9d960b6a	10812
mods/heroes.stormmod/base.stormassets/assets/sounds/heroes/junkrat_base/junkrat_fs_right_09.wav	ad06d2852c805d011985dfdb7332c2fb	10300
mods/heroes.stormmod/base.stormassets/assets/sounds/heroes/junkrat_base/junkrat_fs_right_10.wav	967e5b0c94ebbf2611d87152a4758861	17468
mods/heroes.stormmod/base.stormassets/assets/sounds/heroes/junkrat_base/junkrat_grenade_bounce_01.wav	486463d5675ab0163d5bcda64c8964e8	20028
mods/heroes.stormmod/base.stormassets/assets/sounds/heroes/junkrat_base/junkrat_grenade_bounce_02.wav	20a6a38f52d2d221fa428cb1d21d6dd3	20540
mods/heroes.stormmod/base.stormassets/assets/sounds/heroes/junkrat_base/junkrat_grenade_bounce_03.wav	61a8b5bb686daead3a5fe3543f0cebe0	24636
mods/heroes.stormmod/base.stormassets/assets/sounds/heroes/junkrat_base/junkrat_grenade_bounce_04.wav	3484332bf6b4873a0d4ee968546411e0	23100
mods/heroes.stormmod/base.stormassets/assets/sounds/heroes/junkrat_base/junkrat_grenade_bounce_05.wav	9e8588ed5f85d6d09d9050ef52ecec40	24124
mods/heroes.stormmod/base.stormassets/assets/sounds/heroes/junkrat_base/junkrat_grenade_bounce_06.wav	a87a0b63540ed3650d8c282deec5dca8	25660
mods/heroes.stormmod/base.stormassets/assets/sounds/heroes/junkrat_base/junkrat_grenade_bounce_07.wav	d1f4b86a04d7f6acc1b851f73e935af7	54332
mods/heroes.stormmod/base.stormassets/assets/sounds/heroes/junkrat_base/junkrat_grenade_bounce_08.wav	b58453b705d7772d830277da9c238826	20540
mods/heroes.stormmod/base.stormassets/assets/sounds/heroes/junkrat_base/junkrat_grenade_bounce_09.wav	39cbe75d26caa786c07f967ebbe570b8	19004
mods/heroes.stormmod/base.stormassets/assets/sounds/heroes/junkrat_base/junkrat_grenade_countdown_01.wav	f6a92963f489be553cb9c8f87ed2103f	192572
mods/heroes.stormmod/base.stormassets/assets/sounds/heroes/junkrat_base/junkrat_grenade_ding_01.wav	e5cbb8fa6afeca554f507835b03002b7	40508
mods/heroes.stormmod/base.stormassets/assets/sounds/heroes/junkrat_base/junkrat_grenade_ding_02.wav	6f15968d12c029f282745945f6e5a477	53308
mods/heroes.stormmod/base.stormassets/assets/sounds/heroes/junkrat_base/junkrat_grenade_ding_03.wav	dde9513104e044b657ab71e4ae4a902e	43068
mods/heroes.stormmod/base.stormassets/assets/sounds/heroes/junkrat_base/junkrat_grenade_whizby_loop_01.wav	7ec26f9d4686e1a6e99fdc8efdd32cf3	132924
mods/heroes.stormmod/base.stormassets/assets/sounds/heroes/junkrat_base/junkrat_hearth_01.wav	a3a2fa1dd0f06a2bb18c98b0372b4994	171324
mods/heroes.stormmod/base.stormassets/assets/sounds/heroes/junkrat_base/junkrat_partinggift_laugh_01.wav	c20d4ff7e453081dbf7c03ff8e7b54f4	116284
mods/heroes.stormmod/base.stormassets/assets/sounds/heroes/junkrat_base/junkrat_partinggift_laugh_02.wav	39909c4a2e9b31a08802b72bc1120d76	137788
mods/heroes.stormmod/base.stormassets/assets/sounds/heroes/junkrat_base/junkrat_partinggift_laugh_03.wav	3de52b2cc6b0a62e0dc36c2e57298956	118844
mods/heroes.stormmod/base.stormassets/assets/sounds/heroes/junkrat_base/junkrat_partinggift_laugh_04.wav	48db6d7375db4523a05334a9c462d7d7	98876
mods/heroes.stormmod/base.stormassets/assets/sounds/heroes/junkrat_base/junkrat_partinggift_laugh_05.wav	9e13625382e1b0250cb6480fa03ac944	137788
mods/heroes.stormmod/base.stormassets/assets/sounds/heroes/junkrat_base/junkrat_partinggift_laugh_06.wav	9dddd7bacafdab4cfae09fddb18071f1	90172
mods/heroes.stormmod/base.stormassets/assets/sounds/heroes/junkrat_base/junkrat_partinggift_sfx_01.wav	70e24d155a83f98c9e28198b28637472	78396
mods/heroes.stormmod/base.stormassets/assets/sounds/heroes/junkrat_base/junkrat_partinggift_sfx_02.wav	81606c2febc61cc80d97f7fda31ea862	69180
mods/heroes.stormmod/base.stormassets/assets/sounds/heroes/junkrat_base/junkrat_partinggift_sfx_03.wav	3d0f5980cea089ddcc0e1f1ff3da52db	60476
mods/heroes.stormmod/base.stormassets/assets/sounds/heroes/junkrat_base/junkrat_partinggift_sfx_04.wav	85ca529dc58dc4f927cb84b906377f6b	89660
mods/heroes.stormmod/base.stormassets/assets/sounds/heroes/junkrat_base/junkrat_riptire_early_death_01.wav	28e06b34410164a8ed75802e61fc58e4	143420
mods/heroes.stormmod/base.stormassets/assets/sounds/heroes/junkrat_base/junkrat_riptire_early_death_02.wav	e3d3e544423231ba52abb40b476d3535	153148
mods/heroes.stormmod/base.stormassets/assets/sounds/heroes/junkrat_base/junkrat_riptire_early_death_03.wav	8b64ac90aad6302872c9c93707fc0c17	144444
mods/heroes.stormmod/base.stormassets/assets/sounds/heroes/junkrat_base/junkrat_riptire_early_death_04.wav	8ddae7915acfa68e8f746317eae35032	148028
mods/heroes.stormmod/base.stormassets/assets/sounds/heroes/junkrat_base/junkrat_riptire_early_death_05.wav	6deaac910455dcd1ed94a339a405767b	151100
mods/heroes.stormmod/base.stormassets/assets/sounds/heroes/junkrat_base/junkrat_riptire_explo_01.wav	c09c3b0e4201c3622ec1ea3a19c86e3c	95804
mods/heroes.stormmod/base.stormassets/assets/sounds/heroes/junkrat_base/junkrat_riptire_explo_02.wav	bd647f921fcef655bb3ae2f1f44164e6	104508
mods/heroes.stormmod/base.stormassets/assets/sounds/heroes/junkrat_base/junkrat_riptire_explo_03.wav	0b8c3f253d03883a00c62df029ca647d	96828
mods/heroes.stormmod/base.stormassets/assets/sounds/heroes/junkrat_base/junkrat_riptire_explo_04.wav	57b19ffe3552430b140651a350863b87	107068
mods/heroes.stormmod/base.stormassets/assets/sounds/heroes/junkrat_base/junkrat_riptire_jump_01.wav	ea503cea50887cc3f123b8ca096850b8	107580
mods/heroes.stormmod/base.stormassets/assets/sounds/heroes/junkrat_base/junkrat_riptire_jump_02.wav	61fc622f8252cb8133558ea76b8bb1be	122428
mods/heroes.stormmod/base.stormassets/assets/sounds/heroes/junkrat_base/junkrat_riptire_jump_03.wav	e6bba1cc9433f487fe9fae77220f603b	124988
mods/heroes.stormmod/base.stormassets/assets/sounds/heroes/junkrat_base/junkrat_riptire_jump_04.wav	322d0c597c64f44e7db4c19b8287d56d	101948
mods/heroes.stormmod/base.stormassets/assets/sounds/heroes/junkrat_base/junkrat_riptire_jump_05.wav	01c60f95627d48a38f113f401c909c58	103996
mods/heroes.stormmod/base.stormassets/assets/sounds/heroes/junkrat_base/junkrat_riptire_land_01.wav	8b3a18a9c6225c912c208b4bfd79f4c8	45628
mods/heroes.stormmod/base.stormassets/assets/sounds/heroes/junkrat_base/junkrat_riptire_land_02.wav	cef3b2b1574450964a3232c945c1f542	40508
mods/heroes.stormmod/base.stormassets/assets/sounds/heroes/junkrat_base/junkrat_riptire_land_03.wav	14ac88e739d4f6c2fe7dd5c23a912830	41532
mods/heroes.stormmod/base.stormassets/assets/sounds/heroes/junkrat_base/junkrat_riptire_land_04.wav	8ef724dbcfa91fe731baca6bdb12d7e5	48700
mods/heroes.stormmod/base.stormassets/assets/sounds/heroes/junkrat_base/junkrat_riptire_land_05.wav	caaf6362a373f5130326651a3393fe18	44604
mods/heroes.stormmod/base.stormassets/assets/sounds/heroes/junkrat_base/junkrat_riptire_launch1_01.wav	26fbbe297f61b99b9b7e7a9bfa321cba	198716
mods/heroes.stormmod/base.stormassets/assets/sounds/heroes/junkrat_base/junkrat_riptire_launch1_02.wav	e6dadbf31fcbd1761727073a045e7893	198716
mods/heroes.stormmod/base.stormassets/assets/sounds/heroes/junkrat_base/junkrat_riptire_loop_steady_01.wav	ab976be016469192d8e1ea665a313dd4	387644
mods/heroes.stormmod/base.stormassets/assets/sounds/heroes/junkrat_base/junkrat_riptire_moveloop_start_oneshot_01.wav	eaabe82433971b8989f24a87ca51b963	123452
mods/heroes.stormmod/base.stormassets/assets/sounds/heroes/junkrat_base/junkrat_riptire_moveloop_start_oneshot_02.wav	dd73ebe3dfe8aeca3efcc90b80c11596	123964
mods/heroes.stormmod/base.stormassets/assets/sounds/heroes/junkrat_base/junkrat_riptire_moveloop_start_oneshot_03.wav	15ac35e6da10e31ae8c2e2bae1bfeb0f	121916
mods/heroes.stormmod/base.stormassets/assets/sounds/heroes/junkrat_base/junkrat_riptire_moveloop_start_oneshot_04.wav	3b69a57332f687abce7c8d0cf6d9942a	124988
mods/heroes.stormmod/base.stormassets/assets/sounds/heroes/junkrat_base/junkrat_riptire_moveloop_start_oneshot_05.wav	fef3af7bb59f7a53f11db5184da7527a	119868
mods/heroes.stormmod/base.stormassets/assets/sounds/heroes/junkrat_base/junkrat_riptire_moveloop_start_oneshot_06.wav	01ec6ee2d973600143e3c02740ea2a80	119868
mods/heroes.stormmod/base.stormassets/assets/sounds/heroes/junkrat_base/junkrat_riptire_shifts_01.wav	e4deb1da2aa007a7a20f954c0f42858c	181820
mods/heroes.stormmod/base.stormassets/assets/sounds/heroes/junkrat_base/junkrat_riptire_shifts_02.wav	f6faa1e4abda1a5d738b6dcd410c268a	184892
mods/heroes.stormmod/base.stormassets/assets/sounds/heroes/junkrat_base/junkrat_riptire_shifts_03.wav	68e0506cb034d8ff7f19d4b5b5481d12	175676
mods/heroes.stormmod/base.stormassets/assets/sounds/heroes/junkrat_base/junkrat_riptire_shifts_04.wav	177967fc5f8ca5fca344e33c4d03bdea	190524
mods/heroes.stormmod/base.stormassets/assets/sounds/heroes/junkrat_base/junkrat_riptire_shifts_05.wav	81f07a5d62c892ade79365c9d8aad717	198716
mods/heroes.stormmod/base.stormassets/assets/sounds/heroes/junkrat_base/junkrat_riptire_shifts_06.wav	e3954005c395adab279258bdc5a5618d	192572
mods/heroes.stormmod/base.stormassets/assets/sounds/heroes/junkrat_base/junkrat_rocketride_death_overlay_01.wav	c26fdeb8ec980ddb6cb80634b39544aa	268860
mods/heroes.stormmod/base.stormassets/assets/sounds/heroes/junkrat_base/junkrat_rocketride_junk_debris_01.wav	f3e047f080fb9d3ad52321354f13e8e3	193084
mods/heroes.stormmod/base.stormassets/assets/sounds/heroes/junkrat_base/junkrat_rocketride_launch_ally_01.wav	e73b7e5ed4cdb7c6db9dca6df7953ae8	529980
mods/heroes.stormmod/base.stormassets/assets/sounds/heroes/junkrat_base/junkrat_rocketride_launch_enemy_and_self_01.wav	ad223c88ce3d1aedc5cc9f6759fe8a8b	536124
mods/heroes.stormmod/base.stormassets/assets/sounds/heroes/junkrat_base/junkrat_rocketride_respawn_01.wav	65c15b8124066f1580f9d940cd8d28de	154172
mods/heroes.stormmod/base.stormassets/assets/sounds/heroes/junkrat_base/junkrat_spreadvolley_cast_01.wav	3d8e441a0aedda9ebdb066854a29e78b	36412
mods/heroes.stormmod/base.stormassets/assets/sounds/heroes/junkrat_base/junkrat_steeltrap_break_nonvictim_01.wav	adee43b818e95e0dbe62902d91a32e40	84284
mods/heroes.stormmod/base.stormassets/assets/sounds/heroes/junkrat_base/junkrat_steeltrap_break_nonvictim_02.wav	cb1947a97ad3a0b89b4005d7a4241a3d	81212
mods/heroes.stormmod/base.stormassets/assets/sounds/heroes/junkrat_base/junkrat_steeltrap_break_nonvictim_03.wav	9483165351eb24e91fabbd9362328f2c	84284
mods/heroes.stormmod/base.stormassets/assets/sounds/heroes/junkrat_base/junkrat_steeltrap_break_nonvictim_04.wav	84eb3501e678898dcd8eeac80d4a3ff4	75836
mods/heroes.stormmod/base.stormassets/assets/sounds/heroes/junkrat_base/junkrat_steeltrap_break_nonvictim_05.wav	a7698176ef0826c594ddee799f2ad65d	81212
mods/heroes.stormmod/base.stormassets/assets/sounds/heroes/junkrat_base/junkrat_steeltrap_chatteringteeth_impact_01.wav	10c3e22e6c7462601b50de3a70867166	58940
mods/heroes.stormmod/base.stormassets/assets/sounds/heroes/junkrat_base/junkrat_steeltrap_chatteringteeth_impact_02.wav	d842281d97eeb20059ead7d3dc927630	55356
mods/heroes.stormmod/base.stormassets/assets/sounds/heroes/junkrat_base/junkrat_steeltrap_chatteringteeth_impact_03.wav	6bf9820a6bf15f8e7c6e35c0536717a7	57404
mods/heroes.stormmod/base.stormassets/assets/sounds/heroes/junkrat_base/junkrat_steeltrap_chatteringteeth_impact_04.wav	08f9db895c72093e7b359271c228fb4a	54076
mods/heroes.stormmod/base.stormassets/assets/sounds/heroes/junkrat_base/junkrat_steeltrap_chatteringteeth_move_01.wav	183d12b459434120639f3061a84645fc	100924
mods/heroes.stormmod/base.stormassets/assets/sounds/heroes/junkrat_base/junkrat_steeltrap_land_01.wav	582c44bf12fac2087f876189da26da35	30780
mods/heroes.stormmod/base.stormassets/assets/sounds/heroes/junkrat_base/junkrat_steeltrap_land_02.wav	201a0a80509fc511577a386d517b7b89	29756
mods/heroes.stormmod/base.stormassets/assets/sounds/heroes/junkrat_base/junkrat_steeltrap_land_03.wav	1137e7e273ea9389f1a7917e7ed3b7fe	57916
mods/heroes.stormmod/base.stormassets/assets/sounds/heroes/junkrat_base/junkrat_steeltrap_land_04.wav	a9cda630a042b7cd6887046ec50b8eb4	25660
mods/heroes.stormmod/base.stormassets/assets/sounds/heroes/junkrat_base/junkrat_steeltrap_land_05.wav	6368975100f48595772d7c5e852ff441	26172
mods/heroes.stormmod/base.stormassets/assets/sounds/heroes/junkrat_base/junkrat_steeltrap_missile_01.wav	7054d77b0c50dcd30bda7726b500a099	34364
mods/heroes.stormmod/base.stormassets/assets/sounds/heroes/junkrat_base/junkrat_steeltrap_player_notification_snare01.wav	20a4f335d595c60600ef121230b3b075	45116
mods/heroes.stormmod/base.stormassets/assets/sounds/heroes/junkrat_base/junkrat_steeltrap_player_notification_snare02.wav	112aa76d9c982957e21f591fb3c039d4	44604
mods/heroes.stormmod/base.stormassets/assets/sounds/heroes/junkrat_base/junkrat_steeltrap_player_notification_snare03.wav	9b82085ed6ead27e9c8a5043b1611911	45116
mods/heroes.stormmod/base.stormassets/assets/sounds/heroes/junkrat_base/junkrat_steeltrap_snare_nonvictim_01.wav	67230b7457966322a5f1a72df6838930	117820
mods/heroes.stormmod/base.stormassets/assets/sounds/heroes/junkrat_base/junkrat_steeltrap_snare_nonvictim_02.wav	05d30edfe3b1b245150fd0b6960d1fee	139580
mods/heroes.stormmod/base.stormassets/assets/sounds/heroes/junkrat_base/junkrat_steeltrap_snareandbreak_01.wav	e3c1f49b6ef6cca044aea5e3167ac04e	130108
mods/heroes.stormmod/base.stormassets/assets/sounds/heroes/junkrat_base/junkrat_steeltrap_snareandbreak_02.wav	1c4ba363bbecd6a82ae8574665e5f366	134460
mods/heroes.stormmod/base.stormassets/assets/sounds/heroes/junkrat_base/junkrat_steeltrap_victim_trapped_01.wav	537fd270faabdd2b32751a54fb1fc807	200252
mods/heroes.stormmod/base.stormassets/assets/sounds/heroes/junkrat_base/junkrat_steeltrap_victim_trapped_02.wav	ac3e568393aa152dc111818bdb9adb1f	234044
mods/heroes.stormmod/base.stormassets/assets/sounds/heroes/junkrat_base/junkrat_steeltrap_victim_trapped_03.wav	98988af5e0066995b3e09564354fde4b	287292
mods/heroes.stormmod/base.stormassets/assets/sounds/heroes/junkrat_base/junkrat_steeltrap_victim_trapped_04.wav	6099436edd187364a4cd9aba134d3aaa	283708
mods/heroes.stormmod/base.stormassets/assets/sounds/heroes/junkrat_base/junkrat_taunt_01.wav	7360cd189873e63e63132a967cfc1cfb	72508
mods/heroes.stormmod/base.stormassets/assets/sounds/heroes/junkrat_sapper/junkrat_sapper_fs_land_01.wav	e58141bee8dfa31ad25fda3257247bf8	11068
mods/heroes.stormmod/base.stormassets/assets/sounds/heroes/junkrat_sapper/junkrat_sapper_fs_land_02.wav	fc557af6be6fca0d0a86c3d63038ddb4	9276
mods/heroes.stormmod/base.stormassets/assets/sounds/heroes/junkrat_sapper/junkrat_sapper_fs_land_03.wav	800e1277e2b45705865ba8da3e82ef93	8764
mods/heroes.stormmod/base.stormassets/assets/sounds/heroes/junkrat_sapper/junkrat_sapper_fs_land_04.wav	7fb03808e9ce5b51c90bb39694afed95	9276
mods/heroes.stormmod/base.stormassets/assets/sounds/heroes/junkrat_sapper/junkrat_sapper_fs_land_05.wav	6d77304ed205524bf18f50a2c212998d	9276
mods/heroes.stormmod/base.stormassets/assets/sounds/heroes/junkrat_sapper/junkrat_sapper_fs_land_06.wav	8799aea0dbd600f2de5789719a3a6f1e	8764
mods/heroes.stormmod/base.stormassets/assets/sounds/heroes/junkrat_sapper/junkrat_sapper_fs_left_01.wav	c5de26f4ab0106c31b8f9358134d4996	11580
mods/heroes.stormmod/base.stormassets/assets/sounds/heroes/junkrat_sapper/junkrat_sapper_fs_left_02.wav	4a91a129add8bb9db19ec582f8309d87	6716
mods/heroes.stormmod/base.stormassets/assets/sounds/heroes/junkrat_sapper/junkrat_sapper_fs_left_03.wav	bb79b7baa890b8f6add59e7d13900e8a	8508
mods/heroes.stormmod/base.stormassets/assets/sounds/heroes/junkrat_sapper/junkrat_sapper_fs_left_04.wav	acabd3d281f9b0305c4542dc494b7541	11068
mods/heroes.stormmod/base.stormassets/assets/sounds/heroes/junkrat_sapper/junkrat_sapper_fs_left_05.wav	5a43d5ac0fb3edafa217af95fc951b8e	10044
mods/heroes.stormmod/base.stormassets/assets/sounds/heroes/junkrat_sapper/junkrat_sapper_fs_left_06.wav	b03996323f01a2ec1ac167bf3378b0fb	11068
mods/heroes.stormmod/base.stormassets/assets/sounds/heroes/junkrat_sapper/junkrat_sapper_fs_left_07.wav	3f29dbc2702b7c673685c68dece0f506	8252
mods/heroes.stormmod/base.stormassets/assets/sounds/heroes/junkrat_sapper/junkrat_sapper_fs_left_08.wav	0d845a84d2ced1c149f73abcb5975548	12092
mods/heroes.stormmod/base.stormassets/assets/sounds/heroes/junkrat_sapper/junkrat_sapper_fs_left_09.wav	dd9c9caf15f636fbd01f385304045ff7	9532
mods/heroes.stormmod/base.stormassets/assets/sounds/heroes/junkrat_sapper/junkrat_sapper_fs_left_10.wav	c092dcdff39789b2a49f78125146b3f9	11324
mods/heroes.stormmod/base.stormassets/assets/sounds/heroes/junkrat_sapper/junkrat_sapper_fs_right_01.wav	c2ef0fef36c1cb916b3a6f927a3a82b4	15932
mods/heroes.stormmod/base.stormassets/assets/sounds/heroes/junkrat_sapper/junkrat_sapper_fs_right_02.wav	90e8a7e0a8fa4a4d23888a7123f2b633	15932
mods/heroes.stormmod/base.stormassets/assets/sounds/heroes/junkrat_sapper/junkrat_sapper_fs_right_03.wav	6346b03e3c0b1c590bb289397be0bcbe	3132
mods/heroes.stormmod/base.stormassets/assets/sounds/heroes/junkrat_sapper/junkrat_sapper_fs_right_04.wav	352854dcc045a44ebe2c14c2ea650349	10044
mods/heroes.stormmod/base.stormassets/assets/sounds/heroes/junkrat_sapper/junkrat_sapper_fs_right_05.wav	d635ddb656ae803920629a71cb4f48f6	9276
mods/heroes.stormmod/base.stormassets/assets/sounds/heroes/junkrat_sapper/junkrat_sapper_fs_right_06.wav	7ce2802396599499de5994b06910c391	15676
mods/heroes.stormmod/base.stormassets/assets/sounds/heroes/junkrat_sapper/junkrat_sapper_fs_right_07.wav	59c40161bc284d773ddd1cb8508841e8	13116
mods/heroes.stormmod/base.stormassets/assets/sounds/heroes/junkrat_sapper/junkrat_sapper_fs_right_08.wav	3e84dfbce74f8b317b01a96569ef2fd2	10044
mods/heroes.stormmod/base.stormassets/assets/sounds/heroes/junkrat_sapper/junkrat_sapper_fs_right_09.wav	4b7968e803371d6385607abad30c3efc	9532
mods/heroes.stormmod/base.stormassets/assets/sounds/heroes/junkrat_sapper/junkrat_sapper_fs_right_10.wav	e55c542c0b4551b4f49b96f70df28658	16188
mods/heroes.stormmod/base.stormassets/assets/sounds/heroes/junkrat_sapper/junkrat_sapper_hearth_launch_01.wav	6b3e75bfa3fc2b388701f7c8262148d0	325180
