mods/heroes.stormmod/enus.stormassets/localizeddata/sounds/vo/brightwing_ai_attack00.ogg	1e54543449881aabed6d8c042fab1fab	51814
mods/heroes.stormmod/enus.stormassets/localizeddata/sounds/vo/brightwing_ai_attack01.ogg	93fcde74ab70f47f33cc006571644748	64757
mods/heroes.stormmod/enus.stormassets/localizeddata/sounds/vo/brightwing_ai_attack02.ogg	a0c295f08ba1e4d7519bae27c5c0c2d8	57002
mods/heroes.stormmod/enus.stormassets/localizeddata/sounds/vo/brightwing_ai_caution00.ogg	c7fcd64b1967160fa8becb8a4561730c	60689
mods/heroes.stormmod/enus.stormassets/localizeddata/sounds/vo/brightwing_ai_goodjob00.ogg	2472657bab68932943ea23dfde53a4d4	50559
mods/heroes.stormmod/enus.stormassets/localizeddata/sounds/vo/brightwing_ai_goodjob01.ogg	8c1e01641f8cc524530f622edbcd90cc	43065
mods/heroes.stormmod/enus.stormassets/localizeddata/sounds/vo/brightwing_ai_goodjob02.ogg	bdac39e3f76a8b90a53ae4be2ac5e298	38793
mods/heroes.stormmod/enus.stormassets/localizeddata/sounds/vo/brightwing_ai_heal00.ogg	575bee95c3731e2992f504d4a7d3cbd0	50981
mods/heroes.stormmod/enus.stormassets/localizeddata/sounds/vo/brightwing_ai_heal01.ogg	45a2a664da534f56e06e8aa63969933e	63422
mods/heroes.stormmod/enus.stormassets/localizeddata/sounds/vo/brightwing_ai_retreat00.ogg	f5f9bfee91f8f83b79e81c3455ead597	62686
mods/heroes.stormmod/enus.stormassets/localizeddata/sounds/vo/brightwing_ai_retreat01.ogg	8be204b9ef8aa92f01363eda3c9bd387	53776
mods/heroes.stormmod/enus.stormassets/localizeddata/sounds/vo/brightwing_ai_uhoh00.ogg	8b646d7fbaf3f9d7f3717c6eeb4f4333	26316
mods/heroes.stormmod/enus.stormassets/localizeddata/sounds/vo/brightwing_ai_uhoh01.ogg	cc747c0a8982dbc6e916ab3afaa7c6be	31760
mods/heroes.stormmod/enus.stormassets/localizeddata/sounds/vo/brightwing_ai_uhoh02.ogg	399690512ba277fd34feeeeb2b7c0ecb	38022
mods/heroes.stormmod/enus.stormassets/localizeddata/sounds/vo/brightwing_attack00.ogg	0c59da6c386c0ec87012e83d89cc2d80	44934
mods/heroes.stormmod/enus.stormassets/localizeddata/sounds/vo/brightwing_attack01.ogg	956577cea5e86fda794be6ea38cec380	29212
mods/heroes.stormmod/enus.stormassets/localizeddata/sounds/vo/brightwing_attack02.ogg	a3e9c9b7eb0a547b0647a7db647fd59e	38124
mods/heroes.stormmod/enus.stormassets/localizeddata/sounds/vo/brightwing_attack03.ogg	fc7a8206a8ddedc039a8a2c75e7d97bd	20740
mods/heroes.stormmod/enus.stormassets/localizeddata/sounds/vo/brightwing_attack04.ogg	49f1e855b96fdda84ffc080f302408e3	33122
mods/heroes.stormmod/enus.stormassets/localizeddata/sounds/vo/brightwing_attack05.ogg	7748cccbdb985b40c5a065686d48d152	27982
mods/heroes.stormmod/enus.stormassets/localizeddata/sounds/vo/brightwing_attack06.ogg	6919de2407a115dbc1bc4323d99806eb	40444
mods/heroes.stormmod/enus.stormassets/localizeddata/sounds/vo/brightwing_celebrate00.ogg	8061aa5e9e4cd94782651fe3e141b4c4	30453
mods/heroes.stormmod/enus.stormassets/localizeddata/sounds/vo/brightwing_celebrate01.ogg	4056fac2331a75ca5c3f81644eb1626f	52555
mods/heroes.stormmod/enus.stormassets/localizeddata/sounds/vo/brightwing_death03.wav	44854a243697117b72ecb3435bcf1233	55612
mods/heroes.stormmod/enus.stormassets/localizeddata/sounds/vo/brightwing_death04.wav	d1560d9a78ec7d9d9f0d3409204e62b6	57916
mods/heroes.stormmod/enus.stormassets/localizeddata/sounds/vo/brightwing_death05.wav	a89ad40b47324cb07587fd401aebc074	100412
mods/heroes.stormmod/enus.stormassets/localizeddata/sounds/vo/brightwing_death06.wav	a7a1202b454278f0eff226f168d022e7	63036
mods/heroes.stormmod/enus.stormassets/localizeddata/sounds/vo/brightwing_death07.wav	74408b1266ca5eb0e854eb9007b45505	60988
mods/heroes.stormmod/enus.stormassets/localizeddata/sounds/vo/brightwing_death08.wav	0c1acff7662ec3a79dbdedf2a9d47581	73788
mods/heroes.stormmod/enus.stormassets/localizeddata/sounds/vo/brightwing_death09.wav	4e7f93f5585efdbe6c2dabcc73133766	58172
mods/heroes.stormmod/enus.stormassets/localizeddata/sounds/vo/brightwing_death10.wav	2b564facacfa09c410874d90c0743125	64060
mods/heroes.stormmod/enus.stormassets/localizeddata/sounds/vo/brightwing_healed00.ogg	1c8a1f84da2c4eb04be58299cdc135c2	27834
mods/heroes.stormmod/enus.stormassets/localizeddata/sounds/vo/brightwing_healed01.ogg	209dfa6981cd30d7d4135f02f900b3ba	45731
mods/heroes.stormmod/enus.stormassets/localizeddata/sounds/vo/brightwing_healed02.ogg	79810567433bf20e092d6e0bd03ca004	49272
mods/heroes.stormmod/enus.stormassets/localizeddata/sounds/vo/brightwing_introagree00.ogg	abd8e73536d6db8f0424af68b7ae07a8	42281
mods/heroes.stormmod/enus.stormassets/localizeddata/sounds/vo/brightwing_introagree01.ogg	8373ae4eec81578e75332099ff5257b4	31365
mods/heroes.stormmod/enus.stormassets/localizeddata/sounds/vo/brightwing_introagree02.ogg	00f1477face824ea20dac16ee9bb7a31	54037
mods/heroes.stormmod/enus.stormassets/localizeddata/sounds/vo/brightwing_introboast00.ogg	effcc94b6c7bf0adffafa0e3d95ada56	53552
mods/heroes.stormmod/enus.stormassets/localizeddata/sounds/vo/brightwing_introboast01.ogg	f97ba4438c12eb777699f04c15ff6b86	41083
mods/heroes.stormmod/enus.stormassets/localizeddata/sounds/vo/brightwing_introquestion00.ogg	bdcb75e363bd3dd2e750deb0ebde4b9e	54037
mods/heroes.stormmod/enus.stormassets/localizeddata/sounds/vo/brightwing_introquestion01.ogg	cfbcc121454a04481c5a2b091ffabdfc	32481
mods/heroes.stormmod/enus.stormassets/localizeddata/sounds/vo/brightwing_introquestion_abathur00.ogg	12d40284c067f8743bf0cafa5f8ce0a9	49363
mods/heroes.stormmod/enus.stormassets/localizeddata/sounds/vo/brightwing_introquestion_best00.ogg	fcf961e9f12d6e9d989987d42883f326	44437
mods/heroes.stormmod/enus.stormassets/localizeddata/sounds/vo/brightwing_introquestion_etc00.ogg	c7ac24a35daa18bde70bfb7c71973016	67742
mods/heroes.stormmod/enus.stormassets/localizeddata/sounds/vo/brightwing_introquestion_friend00.ogg	92af736228f96996f6028e1293f2d00b	43119
mods/heroes.stormmod/enus.stormassets/localizeddata/sounds/vo/brightwing_introquestion_illidan00.ogg	80b34c40ade66d00c42b8cf42c500fce	50244
mods/heroes.stormmod/enus.stormassets/localizeddata/sounds/vo/brightwing_introquestion_malfurion00.ogg	1bc5809e3213660e81bd5195cde42b84	65341
mods/heroes.stormmod/enus.stormassets/localizeddata/sounds/vo/brightwing_introquestion_nova00.ogg	7c109db1967d9d7dbff7815623e4c59a	46190
mods/heroes.stormmod/enus.stormassets/localizeddata/sounds/vo/brightwing_introquestion_ready00.ogg	f366f2c3bf84c848d679397fa814d142	26623
mods/heroes.stormmod/enus.stormassets/localizeddata/sounds/vo/brightwing_introrespond00.ogg	e6d34049adc555e822c34e3f4ad62735	35364
mods/heroes.stormmod/enus.stormassets/localizeddata/sounds/vo/brightwing_introrespond01.ogg	e4c396aaa83fb6eb54b779fa566654b8	41430
mods/heroes.stormmod/enus.stormassets/localizeddata/sounds/vo/brightwing_introrespond02.ogg	ac771d4df3701295e449a091200c2e2f	35218
mods/heroes.stormmod/enus.stormassets/localizeddata/sounds/vo/brightwing_introresponse_abathur00.ogg	963425dcb6b47d365a8e20a715315e46	87762
mods/heroes.stormmod/enus.stormassets/localizeddata/sounds/vo/brightwing_introresponse_agree00.ogg	08a47250ae75729b7a0046405472b32d	34193
mods/heroes.stormmod/enus.stormassets/localizeddata/sounds/vo/brightwing_introresponse_confident00.ogg	0fa6c0daca6f3e0f1b8651c42ec2175f	34161
mods/heroes.stormmod/enus.stormassets/localizeddata/sounds/vo/brightwing_introresponse_etc00.ogg	c2b014441a91367418d0923e42a3abf3	55120
mods/heroes.stormmod/enus.stormassets/localizeddata/sounds/vo/brightwing_introresponse_fight00.ogg	e89ee6c3f3fb04fe5aecc5b261cb0116	43799
mods/heroes.stormmod/enus.stormassets/localizeddata/sounds/vo/brightwing_introresponse_help00.ogg	e324f864f31ac345a5a44272b978c751	25852
mods/heroes.stormmod/enus.stormassets/localizeddata/sounds/vo/brightwing_introresponse_illidan00.ogg	d4ed0b4c6938d7ce86e3908da1098682	72742
mods/heroes.stormmod/enus.stormassets/localizeddata/sounds/vo/brightwing_introresponse_malfurion00.ogg	006c2be01de313bb87dcbbccff0cbdfb	59300
mods/heroes.stormmod/enus.stormassets/localizeddata/sounds/vo/brightwing_introresponse_nova00.ogg	3ac8224cd8792af126129865f9b71bbb	72816
mods/heroes.stormmod/enus.stormassets/localizeddata/sounds/vo/brightwing_introresponse_together00.ogg	3b7c9f42c8eab07580d67969dd7e7bae	29518
mods/heroes.stormmod/enus.stormassets/localizeddata/sounds/vo/brightwing_introresponse_yes00.ogg	781f7e0384baebb5e62e510b83f047c9	28261
mods/heroes.stormmod/enus.stormassets/localizeddata/sounds/vo/brightwing_kill00.ogg	282cc212d69c3c4c3fc1bebf3710bc1e	53297
mods/heroes.stormmod/enus.stormassets/localizeddata/sounds/vo/brightwing_kill01.ogg	2adb29e8b2d0909cd069fd09636d2a9e	41920
mods/heroes.stormmod/enus.stormassets/localizeddata/sounds/vo/brightwing_kill02.ogg	ec3c80a630a5c2f1e943ad5f006b8d15	54326
mods/heroes.stormmod/enus.stormassets/localizeddata/sounds/vo/brightwing_kill03.ogg	e01a6d4de2d3e181a91bec63ed0945b3	53318
mods/heroes.stormmod/enus.stormassets/localizeddata/sounds/vo/brightwing_kill04.ogg	3ec633c3b21533671e657eb6a7ade01b	49110
mods/heroes.stormmod/enus.stormassets/localizeddata/sounds/vo/brightwing_killabathur00.ogg	8383210f5618386d4bfc2e71d375c7a3	65603
mods/heroes.stormmod/enus.stormassets/localizeddata/sounds/vo/brightwing_killanubarak00.ogg	2187d79d5507606d70140bbcf648b509	69749
mods/heroes.stormmod/enus.stormassets/localizeddata/sounds/vo/brightwing_killdeathwing00.ogg	abf4a16c3efd3f8615f418a3b8bf30fc	34970
mods/heroes.stormmod/enus.stormassets/localizeddata/sounds/vo/brightwing_killdiablo00.ogg	5f3cd5b892a28fec3371cb62862fc667	47700
mods/heroes.stormmod/enus.stormassets/localizeddata/sounds/vo/brightwing_killetc00.ogg	648d8890fabcd5b94f2d9444cfe617c1	52166
mods/heroes.stormmod/enus.stormassets/localizeddata/sounds/vo/brightwing_killleoric00.ogg	6397d55bbc10d5af1bf9f8845ec7a235	69884
mods/heroes.stormmod/enus.stormassets/localizeddata/sounds/vo/brightwing_killmalfurion00.ogg	6671a207bb5ba402726a22cc1d68a8a7	72819
mods/heroes.stormmod/enus.stormassets/localizeddata/sounds/vo/brightwing_killprotoss00.ogg	091d6c33f6620799be16f7d1a2552f48	75197
mods/heroes.stormmod/enus.stormassets/localizeddata/sounds/vo/brightwing_killspreeend00.ogg	a8c9edbf77f617e16288b189e2a8c6e9	67145
mods/heroes.stormmod/enus.stormassets/localizeddata/sounds/vo/brightwing_killstitches00.ogg	beba03f15cc02f3b358ddd8956e6c7ae	62119
mods/heroes.stormmod/enus.stormassets/localizeddata/sounds/vo/brightwing_laugh00.ogg	2b0005e4986c7a8ec4adc8b02ecc1536	26044
mods/heroes.stormmod/enus.stormassets/localizeddata/sounds/vo/brightwing_lowlifeheal00.ogg	1029176276c68736c329f3bdd8ff2b25	61104
mods/heroes.stormmod/enus.stormassets/localizeddata/sounds/vo/brightwing_lowlifeheal01.ogg	418db2a17dd16ba2f40c2fe52400bf75	48560
mods/heroes.stormmod/enus.stormassets/localizeddata/sounds/vo/brightwing_lowlifeheal02.ogg	6c3fde574785b043eca66e1b309eabbf	54691
mods/heroes.stormmod/enus.stormassets/localizeddata/sounds/vo/brightwing_lowmana00.ogg	ae1f095e9e8181b96c1a307a6c27c784	34375
mods/heroes.stormmod/enus.stormassets/localizeddata/sounds/vo/brightwing_lowmana01.ogg	23b72ac9c98c639fe71694e4be0f9f6d	29623
mods/heroes.stormmod/enus.stormassets/localizeddata/sounds/vo/brightwing_lowmana02.ogg	30dc8acd1d1887a4e0a024baf042639f	45251
mods/heroes.stormmod/enus.stormassets/localizeddata/sounds/vo/brightwing_matchend00.ogg	438f946b2e4e06cb3dd8e90ae967c455	29344
mods/heroes.stormmod/enus.stormassets/localizeddata/sounds/vo/brightwing_matchend01.ogg	6040869648a8703f64a6373ef27533b4	32376
mods/heroes.stormmod/enus.stormassets/localizeddata/sounds/vo/brightwing_no00.ogg	18e1f942a9bd4cb18a8eed5c13dce5b4	31594
mods/heroes.stormmod/enus.stormassets/localizeddata/sounds/vo/brightwing_no01.ogg	ac680a6c3aadc6a55f2b5caec079b342	41542
mods/heroes.stormmod/enus.stormassets/localizeddata/sounds/vo/brightwing_no02.ogg	70a23ec21e6793711cba1c2edb4a0e34	24409
mods/heroes.stormmod/enus.stormassets/localizeddata/sounds/vo/brightwing_ping_assisthero00.ogg	38777b3904d8da77141718d83d5ac02b	29276
mods/heroes.stormmod/enus.stormassets/localizeddata/sounds/vo/brightwing_ping_assistme00.ogg	2ebfd303ce7481c2db31f4fb73240363	21702
mods/heroes.stormmod/enus.stormassets/localizeddata/sounds/vo/brightwing_ping_assistme01.ogg	a6ab6e89a5f2c60dceba676815048c09	47999
mods/heroes.stormmod/enus.stormassets/localizeddata/sounds/vo/brightwing_ping_attackcastle00.ogg	783b7b757609402bec88d306a57661bd	49273
mods/heroes.stormmod/enus.stormassets/localizeddata/sounds/vo/brightwing_ping_attackmerc00.ogg	34927ab7e03228db11cd319d64b6044f	67327
mods/heroes.stormmod/enus.stormassets/localizeddata/sounds/vo/brightwing_ping_attackoutpost00.ogg	e1fdf9abe4bdfd8962cca32775c1a4dc	42567
mods/heroes.stormmod/enus.stormassets/localizeddata/sounds/vo/brightwing_ping_attacktower00.ogg	7edd43629871cafbfd077bd42e3e3026	43635
mods/heroes.stormmod/enus.stormassets/localizeddata/sounds/vo/brightwing_ping_defendcastle00.ogg	788c7ba2a0e38e11e7efe82ea0205e08	42461
mods/heroes.stormmod/enus.stormassets/localizeddata/sounds/vo/brightwing_ping_defendoutpost00.ogg	fcb1a8d2cea2e3787783787a08652d9e	44621
mods/heroes.stormmod/enus.stormassets/localizeddata/sounds/vo/brightwing_ping_defendtower00.ogg	06ee5fef4059105136b972324e8c0759	38234
mods/heroes.stormmod/enus.stormassets/localizeddata/sounds/vo/brightwing_ping_killhero00.ogg	7ad7875a0da2fae046c1cc2b1a6416b4	54751
mods/heroes.stormmod/enus.stormassets/localizeddata/sounds/vo/brightwing_pissed00.ogg	78e1d8d005669dc80b212c25a9340f3f	29465
mods/heroes.stormmod/enus.stormassets/localizeddata/sounds/vo/brightwing_pissed01.ogg	f263089946f8f711b278684bd28c740a	34454
mods/heroes.stormmod/enus.stormassets/localizeddata/sounds/vo/brightwing_pissed02.ogg	74853bccc3e2595e8a4a4c76000f03a9	88997
mods/heroes.stormmod/enus.stormassets/localizeddata/sounds/vo/brightwing_pissed03.ogg	421bb1edd990508d48af6955e06ebabb	123626
mods/heroes.stormmod/enus.stormassets/localizeddata/sounds/vo/brightwing_pissed05.ogg	49753c083d31d0cbf9a0a28860971281	62632
mods/heroes.stormmod/enus.stormassets/localizeddata/sounds/vo/brightwing_pissed06.ogg	f2fe408541180b2f0972740a3fe32350	96762
mods/heroes.stormmod/enus.stormassets/localizeddata/sounds/vo/brightwing_pissed07.ogg	3ee46283ca073637f8adfbcbb1408665	51086
mods/heroes.stormmod/enus.stormassets/localizeddata/sounds/vo/brightwing_pissed08.ogg	f6c529742787905dda76fcfd36a84941	117792
mods/heroes.stormmod/enus.stormassets/localizeddata/sounds/vo/brightwing_pissed09.ogg	382f9c0b539635130d092dade2cf048a	70933
mods/heroes.stormmod/enus.stormassets/localizeddata/sounds/vo/brightwing_pissed10.ogg	07960f8b5e40716449bbd94e1dc08270	86493
mods/heroes.stormmod/enus.stormassets/localizeddata/sounds/vo/brightwing_pissed11.ogg	be5010ad73f38d4cdb0be9fe3337eb5c	72771
mods/heroes.stormmod/enus.stormassets/localizeddata/sounds/vo/brightwing_pissed12.ogg	c233a991c21e146d781386d9c068c3cd	81126
mods/heroes.stormmod/enus.stormassets/localizeddata/sounds/vo/brightwing_pissed13.ogg	457b7d4ca4008a5ec789c11a7bdfa380	82606
mods/heroes.stormmod/enus.stormassets/localizeddata/sounds/vo/brightwing_resurrected00.ogg	4f4226e53e22647a60e69eb85cc9e419	40972
mods/heroes.stormmod/enus.stormassets/localizeddata/sounds/vo/brightwing_resurrected01.ogg	14c99e50075e03220c7c421f2f6a96d9	44834
mods/heroes.stormmod/enus.stormassets/localizeddata/sounds/vo/brightwing_revive00.ogg	c0aef2525c190346de3ed4968111be06	60779
mods/heroes.stormmod/enus.stormassets/localizeddata/sounds/vo/brightwing_revive01.ogg	0a49f4fe84b883512de6e3e9382bcdaf	42171
mods/heroes.stormmod/enus.stormassets/localizeddata/sounds/vo/brightwing_revive02.ogg	46fe9b6a7d206263bdc26ec135cd4701	30936
mods/heroes.stormmod/enus.stormassets/localizeddata/sounds/vo/brightwing_spec00.ogg	ee824000120e957e8ae46c93b08f0019	23427
mods/heroes.stormmod/enus.stormassets/localizeddata/sounds/vo/brightwing_spec01.ogg	ccec2e5a73c394b105deddbbac5b0f85	27684
mods/heroes.stormmod/enus.stormassets/localizeddata/sounds/vo/brightwing_spec02.ogg	b2202ea7e769e4086bae038798e2fbb4	37181
mods/heroes.stormmod/enus.stormassets/localizeddata/sounds/vo/brightwing_spec03.ogg	250f1a40b7306403ddeb497b528e8f9d	30661
mods/heroes.stormmod/enus.stormassets/localizeddata/sounds/vo/brightwing_spec04.ogg	4ce8d84edfb090800ce87a56eb51c6c3	42063
mods/heroes.stormmod/enus.stormassets/localizeddata/sounds/vo/brightwing_taunt00.ogg	a39ae647fdf8c10f423670b72ee518be	22278
mods/heroes.stormmod/enus.stormassets/localizeddata/sounds/vo/brightwing_taunt01.ogg	684d53ca822afa30e476740a2e663dc9	86773
mods/heroes.stormmod/enus.stormassets/localizeddata/sounds/vo/brightwing_taunt02.ogg	1bcb92b783c4640fd273f8f60ffe4b0e	90964
mods/heroes.stormmod/enus.stormassets/localizeddata/sounds/vo/brightwing_teamkilled00.ogg	dc230e52ac6b8667b7561c4d5373bc85	67375
mods/heroes.stormmod/enus.stormassets/localizeddata/sounds/vo/brightwing_ui_exlocked00.ogg	81bf6c289f0003b23d1f5a68b60783e3	50994
mods/heroes.stormmod/enus.stormassets/localizeddata/sounds/vo/brightwing_ui_expurchased00.ogg	916b60b2b797e534e85de64f8b3a8d6f	47693
mods/heroes.stormmod/enus.stormassets/localizeddata/sounds/vo/brightwing_ui_gift00.ogg	48846cd42991ac5bc62710dbb2660f4d	43369
mods/heroes.stormmod/enus.stormassets/localizeddata/sounds/vo/brightwing_ui_lockin00.ogg	091084a4dda8107e986925f3c21ceca7	26275
mods/heroes.stormmod/enus.stormassets/localizeddata/sounds/vo/brightwing_ui_purchase00.ogg	1832a53c0795cff33a1f070e79bfcff1	66713
mods/heroes.stormmod/enus.stormassets/localizeddata/sounds/vo/brightwing_ui_trial00.ogg	bffecb2bb2f9a2067a357e50dd0add94	49883
mods/heroes.stormmod/enus.stormassets/localizeddata/sounds/vo/brightwing_ui_trial01.ogg	6663c60aebc2cc1c18044ee4f9ea944e	58492
mods/heroes.stormmod/enus.stormassets/localizeddata/sounds/vo/brightwing_ui_waitlocked00.ogg	b63321f8e2f884fcc7a71fd467106e05	55547
mods/heroes.stormmod/enus.stormassets/localizeddata/sounds/vo/brightwing_ui_waitlocked01.ogg	b525ef88ef1d3dc0861efd207fd73ccb	73235
mods/heroes.stormmod/enus.stormassets/localizeddata/sounds/vo/brightwing_ui_waitpurchased00.ogg	32889e04a5153bf3b3bb80c38d7364af	85554
mods/heroes.stormmod/enus.stormassets/localizeddata/sounds/vo/brightwing_ui_waitpurchased01.ogg	917f647b3d2d455ea809aace985c28da	108066
mods/heroes.stormmod/enus.stormassets/localizeddata/sounds/vo/brightwing_ultimate1used00.ogg	848b330ae15c505d348e1fd69c1f50e0	31749
mods/heroes.stormmod/enus.stormassets/localizeddata/sounds/vo/brightwing_ultimate1used01.ogg	8f76202e08f9e401c1a5821b557d3c0f	39295
mods/heroes.stormmod/enus.stormassets/localizeddata/sounds/vo/brightwing_ultimate2used00.ogg	8a363e4339f3309da84f24cef3f08363	39987
mods/heroes.stormmod/enus.stormassets/localizeddata/sounds/vo/brightwing_ultimate2used01.ogg	aba154c4d6139ff1023f562686721175	44029
mods/heroes.stormmod/enus.stormassets/localizeddata/sounds/vo/brightwing_voicelinefive00.ogg	4581a0a520caba747d7f539965a815ad	22963
mods/heroes.stormmod/enus.stormassets/localizeddata/sounds/vo/brightwing_voicelinefour00.ogg	bdd977dbc1917da34ea92c0a4ef7e657	20506
mods/heroes.stormmod/enus.stormassets/localizeddata/sounds/vo/brightwing_voicelineone00.ogg	c5cd6d665cf318ebf1b7487af9b1046f	21638
mods/heroes.stormmod/enus.stormassets/localizeddata/sounds/vo/brightwing_voicelinethree00.ogg	6040869648a8703f64a6373ef27533b4	32376
mods/heroes.stormmod/enus.stormassets/localizeddata/sounds/vo/brightwing_voicelinetwo00.ogg	686da193f7428b1683489ba2db49212c	33411
mods/heroes.stormmod/enus.stormassets/localizeddata/sounds/vo/brightwing_vox_attack01.ogg	f92948b9857e48c80f79a0cbcb3bf620	18510
mods/heroes.stormmod/enus.stormassets/localizeddata/sounds/vo/brightwing_vox_attack02.ogg	9cfa50d51a473ee6eaab56667590ee23	20996
mods/heroes.stormmod/enus.stormassets/localizeddata/sounds/vo/brightwing_vox_attack04.ogg	493b26b66227ad3a13a9a394e84bc0d3	23011
mods/heroes.stormmod/enus.stormassets/localizeddata/sounds/vo/brightwing_vox_attack06.ogg	7012d34d92dbe2d4ec86c7e042fc0c2b	20112
mods/heroes.stormmod/enus.stormassets/localizeddata/sounds/vo/brightwing_vox_attack07.ogg	568b460fbec42cef0f756e0d7c89ad2e	19276
mods/heroes.stormmod/enus.stormassets/localizeddata/sounds/vo/brightwing_vox_attack08.ogg	6865bb1ae1a3b6fbfad48f0026cbe075	27815
mods/heroes.stormmod/enus.stormassets/localizeddata/sounds/vo/brightwing_vox_attack09.ogg	0ac3c5f9636eebe6a2e292eff5bf2c19	27540
mods/heroes.stormmod/enus.stormassets/localizeddata/sounds/vo/brightwing_vox_attack10.ogg	3ce1c10ea43057d4c0524ae9a7b7ac55	17915
mods/heroes.stormmod/enus.stormassets/localizeddata/sounds/vo/brightwing_vox_casting01.ogg	06d5342703b92a0a8f335cfd3615f5eb	17935
mods/heroes.stormmod/enus.stormassets/localizeddata/sounds/vo/brightwing_vox_casting02.ogg	969093eb53e816989e7219c40351942a	49601
mods/heroes.stormmod/enus.stormassets/localizeddata/sounds/vo/brightwing_vox_casting03.ogg	417da06f09df0f019727692debe69312	19661
mods/heroes.stormmod/enus.stormassets/localizeddata/sounds/vo/brightwing_vox_casting04.ogg	f9b294aaf3ec60c75fe759013726d1e1	17932
mods/heroes.stormmod/enus.stormassets/localizeddata/sounds/vo/brightwing_vox_casting05.ogg	71142e498e24c0512e1b5aab139870b4	17649
mods/heroes.stormmod/enus.stormassets/localizeddata/sounds/vo/brightwing_vox_casting06.ogg	356113c13bd7147c857801b1b11be025	17090
mods/heroes.stormmod/enus.stormassets/localizeddata/sounds/vo/brightwing_vox_casting07.ogg	4043026bc3b4bc39b805b30b2ea92791	16410
mods/heroes.stormmod/enus.stormassets/localizeddata/sounds/vo/brightwing_vox_casting08.ogg	c6edc8ddf106cef5734c50fa2131b51a	15656
mods/heroes.stormmod/enus.stormassets/localizeddata/sounds/vo/brightwing_vox_casting09.ogg	9c1ce844cc4e1420e15994e61f601ff1	22207
mods/heroes.stormmod/enus.stormassets/localizeddata/sounds/vo/brightwing_vox_casting10.ogg	6f3ea99488d836ef51c660e84e923497	21631
mods/heroes.stormmod/enus.stormassets/localizeddata/sounds/vo/brightwing_vox_cheer00.ogg	a5055bcd48529c08df2a05221eadda4a	33784
mods/heroes.stormmod/enus.stormassets/localizeddata/sounds/vo/brightwing_vox_gethit01.ogg	06ff87a96e93b3c87e41d1bfc8050571	16022
mods/heroes.stormmod/enus.stormassets/localizeddata/sounds/vo/brightwing_vox_gethit02.ogg	6e77c12909ca38ebc515de48589f61a0	19053
mods/heroes.stormmod/enus.stormassets/localizeddata/sounds/vo/brightwing_vox_gethit03.ogg	19f0bd45afa839fbb5c7d8b91459b033	17029
mods/heroes.stormmod/enus.stormassets/localizeddata/sounds/vo/brightwing_vox_gethit04.ogg	dbef88d59e5a0ac309b6d4dc35299fe9	28877
mods/heroes.stormmod/enus.stormassets/localizeddata/sounds/vo/brightwing_vox_gethit05.ogg	46ba59da34ecd4892df928611ebd4caf	23020
mods/heroes.stormmod/enus.stormassets/localizeddata/sounds/vo/brightwing_vox_gethit06.ogg	4da057b6ca13c46d3963ecb72a519ab4	21126
mods/heroes.stormmod/enus.stormassets/localizeddata/sounds/vo/brightwing_vox_gethit07.ogg	670b4be26fc3f9e465ca798c5ce14c34	24721
mods/heroes.stormmod/enus.stormassets/localizeddata/sounds/vo/brightwing_vox_gethit08.ogg	4c8b86cbfc34e289e1b1aec2f681f683	19303
mods/heroes.stormmod/enus.stormassets/localizeddata/sounds/vo/brightwing_vox_gethit09.ogg	813c1dac761cd2251f651ccc4a94d0d4	21692
mods/heroes.stormmod/enus.stormassets/localizeddata/sounds/vo/brightwing_vox_gethit10.ogg	20785690d8c05ddc09322c6659c6579d	16438
mods/heroes.stormmod/enus.stormassets/localizeddata/sounds/vo/brightwing_vox_pulled01.ogg	f4a13524f0150f561d73ceb5d0a22d97	21339
mods/heroes.stormmod/enus.stormassets/localizeddata/sounds/vo/brightwing_vox_pulled02.ogg	08a35891bee94a1001edc92f130049c7	20740
mods/heroes.stormmod/enus.stormassets/localizeddata/sounds/vo/brightwing_vox_pulled04.ogg	10f483267d4fa5b5ac998ebf384e8a08	31976
mods/heroes.stormmod/enus.stormassets/localizeddata/sounds/vo/brightwing_vox_pulled05.ogg	b86ef034daf01380aa534d7fb802c030	24523
mods/heroes.stormmod/enus.stormassets/localizeddata/sounds/vo/brightwing_vox_pulled06.ogg	302a8b450028716353bff4cb9626cee1	26734
mods/heroes.stormmod/enus.stormassets/localizeddata/sounds/vo/brightwing_vox_pulled07.ogg	9d8757efb094da66efd3a7078966d5b7	22792
mods/heroes.stormmod/enus.stormassets/localizeddata/sounds/vo/brightwing_vox_pulled08.ogg	cecf011ae16624f836ec1c59f78cf411	26740
mods/heroes.stormmod/enus.stormassets/localizeddata/sounds/vo/brightwing_worthit00.ogg	79287ae2f4ef569811729e75ea5237bd	38149
mods/heroes.stormmod/enus.stormassets/localizeddata/sounds/vo/brightwing_worthit01.ogg	fb5975a66fce74bae838d71c8807726c	36141
mods/heroes.stormmod/enus.stormassets/localizeddata/sounds/vo/brightwing_yes00.ogg	c938f48ebe54ea765744cf96f0808ea5	26684
mods/heroes.stormmod/enus.stormassets/localizeddata/sounds/vo/brightwing_yes01.ogg	4fa7010c63bc77c98009534de4ba1739	25571
mods/heroes.stormmod/enus.stormassets/localizeddata/sounds/vo/brightwing_yes02.ogg	9d9952a0f0bb70b13da75fecc41cc52e	47879
mods/heroes.stormmod/enus.stormassets/localizeddata/sounds/vo/brightwing_yes03.ogg	5a2ffb142b7394f1227672970f7e6803	33047
mods/heroes.stormmod/enus.stormassets/localizeddata/sounds/vo/brightwing_yes04.ogg	b3fd36b917b50a86932146c685c59f12	16822
mods/heroes.stormmod/enus.stormassets/localizeddata/sounds/vo/brightwing_yes05.ogg	46866bdb076add68111a1fa654b011be	39260
mods/heroes.stormmod/enus.stormassets/localizeddata/sounds/vo/brightwing_yes06.ogg	9ffd0dabb7b07791a2bcedbdf53709fd	30456
mods/heroes.stormmod/enus.stormassets/localizeddata/sounds/vo/brightwing_yes07.ogg	e485c0921840721b28af114d4b47bd35	33632
mods/heroes.stormmod/enus.stormassets/localizeddata/sounds/vo/brightwing_yes08.ogg	5d5304d87836355cb500f93527a82f9d	36809
mods/heroes.stormmod/enus.stormassets/localizeddata/sounds/vo/brightwinga_castleattack_blue00.ogg	9b687461e93b9bb168c1ab9cc5bb4801	52262
mods/heroes.stormmod/enus.stormassets/localizeddata/sounds/vo/brightwinga_castleattack_red00.ogg	801e640cff509c6269824e8e0a8a5398	52915
mods/heroes.stormmod/enus.stormassets/localizeddata/sounds/vo/brightwinga_castleattackally00.ogg	d8f0d4529684ec5f641ac4bd11cf6431	59052
mods/heroes.stormmod/enus.stormassets/localizeddata/sounds/vo/brightwinga_castleattackally01.ogg	03deb7e4d19af9667878d5a843bc4a42	55773
mods/heroes.stormmod/enus.stormassets/localizeddata/sounds/vo/brightwinga_countdown10sec00.ogg	682f6a31ff2aa933a636292b74ce1854	30146
mods/heroes.stormmod/enus.stormassets/localizeddata/sounds/vo/brightwinga_countdown1sec00.ogg	2eb6d6f9ac1b6131fce1a18fa639746f	22229
mods/heroes.stormmod/enus.stormassets/localizeddata/sounds/vo/brightwinga_countdown2sec00.ogg	17c497adf0719cae1bba0792441018dc	21040
mods/heroes.stormmod/enus.stormassets/localizeddata/sounds/vo/brightwinga_countdown3sec00.ogg	8fb3d5623817ab72f0f78524ad3576f2	21179
mods/heroes.stormmod/enus.stormassets/localizeddata/sounds/vo/brightwinga_countdown4sec00.ogg	0a3c475a5972299349a5ca5bd9e78914	21340
mods/heroes.stormmod/enus.stormassets/localizeddata/sounds/vo/brightwinga_countdown5sec00.ogg	9a5ba059af3de0d20f11cac59f45d160	19839
mods/heroes.stormmod/enus.stormassets/localizeddata/sounds/vo/brightwinga_countdownremain00.ogg	a76393650cb67b4ec3c1686fad212f11	41491
mods/heroes.stormmod/enus.stormassets/localizeddata/sounds/vo/brightwinga_doublekill00.ogg	123bba98758864cc235754db12d4d964	22770
mods/heroes.stormmod/enus.stormassets/localizeddata/sounds/vo/brightwinga_doublekill01.ogg	8f5a3bcac0656b13fde25ec2089bdd7c	24443
mods/heroes.stormmod/enus.stormassets/localizeddata/sounds/vo/brightwinga_doublekill02.ogg	fa3cefdd4701a13c0470890e5e819862	27087
mods/heroes.stormmod/enus.stormassets/localizeddata/sounds/vo/brightwinga_ending_blue00.ogg	64652b8f2b8bc6f5eba5af18c3caa1c0	33414
mods/heroes.stormmod/enus.stormassets/localizeddata/sounds/vo/brightwinga_ending_red00.ogg	8e1c147c7eaba8fa51b0447421e4be77	33116
mods/heroes.stormmod/enus.stormassets/localizeddata/sounds/vo/brightwinga_endinglose00.ogg	cd65eb2769c1448e4d80e4a5e8b2c164	20814
mods/heroes.stormmod/enus.stormassets/localizeddata/sounds/vo/brightwinga_endinglose01.ogg	9880183c4679bebdbb26cea88ac80acc	67154
mods/heroes.stormmod/enus.stormassets/localizeddata/sounds/vo/brightwinga_endinglose02.ogg	a0ea6bc8a02fa1d0adcbae3abfc63ec2	53435
mods/heroes.stormmod/enus.stormassets/localizeddata/sounds/vo/brightwinga_endingwin00.ogg	468b2e053f6a2e0ca2d3e1276790da11	38968
mods/heroes.stormmod/enus.stormassets/localizeddata/sounds/vo/brightwinga_endingwin01.ogg	f580aea3459a524605cb40e5b8e72488	85580
mods/heroes.stormmod/enus.stormassets/localizeddata/sounds/vo/brightwinga_endingwin02.ogg	80c90096dda6ac252f5c3f47d6a9dbf7	62395
mods/heroes.stormmod/enus.stormassets/localizeddata/sounds/vo/brightwinga_firstblood_blue00.ogg	c1a9ee7715afce0c51c6b13afc50aa80	38624
mods/heroes.stormmod/enus.stormassets/localizeddata/sounds/vo/brightwinga_firstblood_red00.ogg	fabb364fec3352697b5bf6333cc0ed98	42828
mods/heroes.stormmod/enus.stormassets/localizeddata/sounds/vo/brightwinga_firstbloodally00.ogg	8f45fb85b2dfa0ddadace444c8d359fb	50798
mods/heroes.stormmod/enus.stormassets/localizeddata/sounds/vo/brightwinga_fourkill00.ogg	fc1fd30163a15103f6cba0adfa7ee259	20053
mods/heroes.stormmod/enus.stormassets/localizeddata/sounds/vo/brightwinga_gamestart00.ogg	17c58a741845d71b126c934b5be77f2d	43667
mods/heroes.stormmod/enus.stormassets/localizeddata/sounds/vo/brightwinga_gamestart01.ogg	650d43271e3afe0849e287a8d3a5fe4a	57768
mods/heroes.stormmod/enus.stormassets/localizeddata/sounds/vo/brightwinga_gamestart02.ogg	ddbcbe223d1224ff59a737d4de80b68a	40197
mods/heroes.stormmod/enus.stormassets/localizeddata/sounds/vo/brightwinga_gravestomp00.ogg	e2c67d045eea6c46f31c08bfd1de8279	31389
mods/heroes.stormmod/enus.stormassets/localizeddata/sounds/vo/brightwinga_gravestomp_observer00.ogg	c2c9661ee822be8ad443bf2405f8aa53	26713
mods/heroes.stormmod/enus.stormassets/localizeddata/sounds/vo/brightwinga_herokill00.ogg	cd0aaa3f7594fc032014cd985ceb084a	62966
mods/heroes.stormmod/enus.stormassets/localizeddata/sounds/vo/brightwinga_herokill01.ogg	2064e7e987c53e9e9bdbfbe390c0b378	50861
mods/heroes.stormmod/enus.stormassets/localizeddata/sounds/vo/brightwinga_herokill02.ogg	78a32c859564efaa5e2be037ba6d5948	39882
mods/heroes.stormmod/enus.stormassets/localizeddata/sounds/vo/brightwinga_heroselect00.ogg	741228a39a1d78e86f024a378ece07b3	64337
mods/heroes.stormmod/enus.stormassets/localizeddata/sounds/vo/brightwinga_heroselect_observer00.ogg	59273ebff3300c06ebc98833a28ba3ac	82270
mods/heroes.stormmod/enus.stormassets/localizeddata/sounds/vo/brightwinga_heroselectplayer00.ogg	d6cc7d3c8229301f8d0187680e427bcc	85753
mods/heroes.stormmod/enus.stormassets/localizeddata/sounds/vo/brightwinga_heroselectplayer01.ogg	9cce8551f23be20def7f2d1ee8c17594	145183
mods/heroes.stormmod/enus.stormassets/localizeddata/sounds/vo/brightwinga_heroselectplayer02.ogg	506e3f3bb8999919a0c63dcb4c474e79	121824
mods/heroes.stormmod/enus.stormassets/localizeddata/sounds/vo/brightwinga_heroslain00.ogg	e3a6facd355abdce4bc0e8ad2b7a0b42	58392
mods/heroes.stormmod/enus.stormassets/localizeddata/sounds/vo/brightwinga_heroslain01.ogg	b2af96fc423b64c3d0a2f85250516164	74507
mods/heroes.stormmod/enus.stormassets/localizeddata/sounds/vo/brightwinga_heroslain02.ogg	fcecddfc4da99dfb2b767efb74e13a00	57089
mods/heroes.stormmod/enus.stormassets/localizeddata/sounds/vo/brightwinga_heroslain03.ogg	3b868eb30e2cb11cfd666bdf3470b99d	91988
mods/heroes.stormmod/enus.stormassets/localizeddata/sounds/vo/brightwinga_kill_observer00.ogg	5e71307db3110f0a59ebb51fc2f2991c	24028
mods/heroes.stormmod/enus.stormassets/localizeddata/sounds/vo/brightwinga_megakill00.ogg	a0b830cbccf3187a64c5dd29b2a966e5	81133
mods/heroes.stormmod/enus.stormassets/localizeddata/sounds/vo/brightwinga_outpostdestroy00.ogg	26e27a85993bec092fb2952a2cadfe7d	45029
mods/heroes.stormmod/enus.stormassets/localizeddata/sounds/vo/brightwinga_outpostdestroy01.ogg	1e44177255c738c8ead3049f03cb25f4	63862
mods/heroes.stormmod/enus.stormassets/localizeddata/sounds/vo/brightwinga_outpostdestroy02.ogg	c67aa60f9cec11b2a3fcaafe6a867608	34654
mods/heroes.stormmod/enus.stormassets/localizeddata/sounds/vo/brightwinga_outpostdestroy03.ogg	ad4c7e3f24080f38fc00bf237274cb39	71384
mods/heroes.stormmod/enus.stormassets/localizeddata/sounds/vo/brightwinga_outpostdestroy_blue00.ogg	f1892c3cbba06dc82c63297ef57760e4	45827
mods/heroes.stormmod/enus.stormassets/localizeddata/sounds/vo/brightwinga_outpostdestroy_red00.ogg	c9f6e5461a26bb8599f7341ba2b047a5	46127
mods/heroes.stormmod/enus.stormassets/localizeddata/sounds/vo/brightwinga_outpostlost00.ogg	617e65acbcda5b9ac38c268e9a7889b9	53883
mods/heroes.stormmod/enus.stormassets/localizeddata/sounds/vo/brightwinga_outpostlost01.ogg	b7b94b683a8f0cef4c1958c74e15086a	49755
mods/heroes.stormmod/enus.stormassets/localizeddata/sounds/vo/brightwinga_outpostlost02.ogg	0a7bbbd5f6f02bb54285c3ac5104e72b	45599
mods/heroes.stormmod/enus.stormassets/localizeddata/sounds/vo/brightwinga_outpostlost03.ogg	520e78c5da3b2ee3b939cb067d87de31	54247
mods/heroes.stormmod/enus.stormassets/localizeddata/sounds/vo/brightwinga_playerabandon00.ogg	b87b462585391992a7664e2ffab49f7f	100415
mods/heroes.stormmod/enus.stormassets/localizeddata/sounds/vo/brightwinga_playerrejoin00.ogg	4a619f9ede93852f643216ee64d6217e	84209
mods/heroes.stormmod/enus.stormassets/localizeddata/sounds/vo/brightwinga_revive00.ogg	bc5cea86ac31887a633d11accfc978cb	28546
mods/heroes.stormmod/enus.stormassets/localizeddata/sounds/vo/brightwinga_revive_observer00.ogg	631d7978d9b36bec1b729b5b63c6ced9	27690
mods/heroes.stormmod/enus.stormassets/localizeddata/sounds/vo/brightwinga_spreeend00.ogg	2d0c70c157eb4f73b6b515462071c5c3	61254
mods/heroes.stormmod/enus.stormassets/localizeddata/sounds/vo/brightwinga_spreeend_ally00.ogg	2b3f75f09ad29cbd85e5aacba744e6dc	52550
mods/heroes.stormmod/enus.stormassets/localizeddata/sounds/vo/brightwinga_spreefirstupgrade00.ogg	c258d35b302983ba0ce5f32220b2043e	23895
mods/heroes.stormmod/enus.stormassets/localizeddata/sounds/vo/brightwinga_spreemax00.ogg	a3f9fbaa60b6374b658e0d4bd5cb7af7	40752
mods/heroes.stormmod/enus.stormassets/localizeddata/sounds/vo/brightwinga_spreesecondupgrade00.ogg	5e15697ad4726f713c3bb46e52c5d232	26348
mods/heroes.stormmod/enus.stormassets/localizeddata/sounds/vo/brightwinga_spreestart00.ogg	b0bfc50ccc183c2f3683aeeea179273d	41732
mods/heroes.stormmod/enus.stormassets/localizeddata/sounds/vo/brightwinga_spreethirdupgrade00.ogg	fe19a177dda43f2944b4ff32a424469e	28169
mods/heroes.stormmod/enus.stormassets/localizeddata/sounds/vo/brightwinga_talentunlock00.ogg	0d502e21d911798de206024bbefd76fc	26782
mods/heroes.stormmod/enus.stormassets/localizeddata/sounds/vo/brightwinga_talentunlock01.ogg	ff677b0eaefe4dd126e41fa9ab22237c	28379
mods/heroes.stormmod/enus.stormassets/localizeddata/sounds/vo/brightwinga_talentunlock02.ogg	3c60e3895ff2c1a64e3d3f0b510a7879	32580
mods/heroes.stormmod/enus.stormassets/localizeddata/sounds/vo/brightwinga_teamkill00.ogg	3844cc0234881d03a3849aa1a0625c53	61740
mods/heroes.stormmod/enus.stormassets/localizeddata/sounds/vo/brightwinga_teamkill_blue00.ogg	b5d2974c15238f17c7a6f5c607f3ee2d	51308
mods/heroes.stormmod/enus.stormassets/localizeddata/sounds/vo/brightwinga_teamkill_red00.ogg	504171fc092aa1d2fbd3771a9d64f014	54523
mods/heroes.stormmod/enus.stormassets/localizeddata/sounds/vo/brightwinga_triplekill00.ogg	21818e6bdad69ab6298be0b5a84d6611	19869
mods/heroes.stormmod/enus.stormassets/localizeddata/sounds/vo/brightwinga_triplekill01.ogg	54f831986f79bba92c725bb9c37c6033	19916
mods/heroes.stormmod/enus.stormassets/localizeddata/sounds/vo/brightwinga_triplekill02.ogg	2933786c31824085a502128c742e4a56	18836
mods/heroes.stormmod/enus.stormassets/localizeddata/sounds/vo/brightwingmonkey_ai_attack00.ogg	00b7785531b31b457619dda92d72bff3	24396
mods/heroes.stormmod/enus.stormassets/localizeddata/sounds/vo/brightwingmonkey_ai_attack01.ogg	a76d08e11592ca285c490b470d74429c	28932
mods/heroes.stormmod/enus.stormassets/localizeddata/sounds/vo/brightwingmonkey_ai_attack02.ogg	1c26a1faf105d0b24a0e0ce3f8a442b4	28078
mods/heroes.stormmod/enus.stormassets/localizeddata/sounds/vo/brightwingmonkey_ai_caution00.ogg	e2d82b1dde0c46121e9c53fb18be4e4a	25703
mods/heroes.stormmod/enus.stormassets/localizeddata/sounds/vo/brightwingmonkey_ai_goodjob00.ogg	8f8fb1cc10598159f2c0a241675b2c1d	27808
mods/heroes.stormmod/enus.stormassets/localizeddata/sounds/vo/brightwingmonkey_ai_goodjob01.ogg	bb8844e605a1fd87241b0937fd16032a	30691
mods/heroes.stormmod/enus.stormassets/localizeddata/sounds/vo/brightwingmonkey_ai_goodjob02.ogg	e42646dc84968665e625e4e2b2ef2502	30502
mods/heroes.stormmod/enus.stormassets/localizeddata/sounds/vo/brightwingmonkey_ai_heal00.ogg	2f5581daa42a0e689276f1883b995e75	20857
mods/heroes.stormmod/enus.stormassets/localizeddata/sounds/vo/brightwingmonkey_ai_heal01.ogg	c7cf21bb9f1006e1731a361b2c7a806c	32864
mods/heroes.stormmod/enus.stormassets/localizeddata/sounds/vo/brightwingmonkey_ai_retreat00.ogg	08ff9c7b98ad57370b5c20a381fe434d	25126
mods/heroes.stormmod/enus.stormassets/localizeddata/sounds/vo/brightwingmonkey_ai_retreat01.ogg	4c88cb08d53f021ef392089624d439b4	32493
mods/heroes.stormmod/enus.stormassets/localizeddata/sounds/vo/brightwingmonkey_ai_uhoh00.ogg	4f8669f02c2ca4a983262d82eb4ae25b	21924
mods/heroes.stormmod/enus.stormassets/localizeddata/sounds/vo/brightwingmonkey_ai_uhoh01.ogg	e655a5cbdd728c640513520a621661d3	20791
mods/heroes.stormmod/enus.stormassets/localizeddata/sounds/vo/brightwingmonkey_ai_uhoh02.ogg	990770f088740e5c5d07fac4551da4de	26136
mods/heroes.stormmod/enus.stormassets/localizeddata/sounds/vo/brightwingmonkey_attack00.ogg	fe72cf13fafabe3d46efe0d4e1d914dc	31295
mods/heroes.stormmod/enus.stormassets/localizeddata/sounds/vo/brightwingmonkey_attack01.ogg	8774f9c5c67374af3330c22eb6a0c106	36370
mods/heroes.stormmod/enus.stormassets/localizeddata/sounds/vo/brightwingmonkey_attack02.ogg	f03c80c1d123b69635b0237d8896cedc	30438
mods/heroes.stormmod/enus.stormassets/localizeddata/sounds/vo/brightwingmonkey_attack03.ogg	b25fee635dbf82f6b12467fa0f0fd218	34303
mods/heroes.stormmod/enus.stormassets/localizeddata/sounds/vo/brightwingmonkey_attack04.ogg	acdbe25e6e05b9271f9ad45d63ac338a	26247
mods/heroes.stormmod/enus.stormassets/localizeddata/sounds/vo/brightwingmonkey_attack05.ogg	0290c5209c8a9bdc5e74ad9c66932cde	29640
mods/heroes.stormmod/enus.stormassets/localizeddata/sounds/vo/brightwingmonkey_attack06.ogg	ed88d363129b19a9bfe2f801c4fd6938	29192
mods/heroes.stormmod/enus.stormassets/localizeddata/sounds/vo/brightwingmonkey_celebrate00.ogg	ed6c5cd63dfd7a66470f6742351de59f	18402
mods/heroes.stormmod/enus.stormassets/localizeddata/sounds/vo/brightwingmonkey_celebrate01.ogg	c5f14d5b0ee6fa37d123a46c76da4cb9	20368
mods/heroes.stormmod/enus.stormassets/localizeddata/sounds/vo/brightwingmonkey_comeback00.ogg	23d4f9f1982483ee686a786e4344adcc	37188
mods/heroes.stormmod/enus.stormassets/localizeddata/sounds/vo/brightwingmonkey_death00.wav	1ba7016c1f924b11c5c75bce8b274bc2	47676
mods/heroes.stormmod/enus.stormassets/localizeddata/sounds/vo/brightwingmonkey_death01.wav	9761d047422eaa71b21cd0f6a2859c59	54588
mods/heroes.stormmod/enus.stormassets/localizeddata/sounds/vo/brightwingmonkey_death02.wav	f9f59ec4ecaace34280993704a56c2b5	50492
mods/heroes.stormmod/enus.stormassets/localizeddata/sounds/vo/brightwingmonkey_death03.wav	56293ad8cf0d60a5d98ca7b9a3e16979	55356
mods/heroes.stormmod/enus.stormassets/localizeddata/sounds/vo/brightwingmonkey_healed00.ogg	82e57d00f9af5f455733109533b60c90	25872
mods/heroes.stormmod/enus.stormassets/localizeddata/sounds/vo/brightwingmonkey_healed01.ogg	185cfa8f7cd2efb8017fdfa126ee59e7	28757
mods/heroes.stormmod/enus.stormassets/localizeddata/sounds/vo/brightwingmonkey_healed02.ogg	9e14f9e30141a2ea04fa9a12fb5383d6	29775
mods/heroes.stormmod/enus.stormassets/localizeddata/sounds/vo/brightwingmonkey_introagree00.ogg	42def34c454f5c342930a951ec038277	17139
mods/heroes.stormmod/enus.stormassets/localizeddata/sounds/vo/brightwingmonkey_introagree01.ogg	1a2df5d057baa0a6d08af568240784e4	18741
mods/heroes.stormmod/enus.stormassets/localizeddata/sounds/vo/brightwingmonkey_introagree02.ogg	9dc51c16389adf340a45e2ab27dbd638	27299
mods/heroes.stormmod/enus.stormassets/localizeddata/sounds/vo/brightwingmonkey_introboast00.ogg	5951a11f28ce19426879e528a12ff63a	35677
mods/heroes.stormmod/enus.stormassets/localizeddata/sounds/vo/brightwingmonkey_introquestion00.ogg	cb9896a2f168e2bcfb599cb57258894b	18447
mods/heroes.stormmod/enus.stormassets/localizeddata/sounds/vo/brightwingmonkey_introquestion_best00.ogg	f1ee36ee9613aceaef5092690317f167	36807
mods/heroes.stormmod/enus.stormassets/localizeddata/sounds/vo/brightwingmonkey_introquestion_friend00.ogg	a727567e84bcce165c0a5bf086c425d2	18424
mods/heroes.stormmod/enus.stormassets/localizeddata/sounds/vo/brightwingmonkey_introrespond00.ogg	348105f9eb3d01a1cb0f90f8dd532b9b	18535
mods/heroes.stormmod/enus.stormassets/localizeddata/sounds/vo/brightwingmonkey_introrespond01.ogg	05cb53d7d0949af5a7bc6a1f28171ca5	20654
mods/heroes.stormmod/enus.stormassets/localizeddata/sounds/vo/brightwingmonkey_introrespond02.ogg	866e5bff016ab7f6a6e76cc2f649dd73	26175
mods/heroes.stormmod/enus.stormassets/localizeddata/sounds/vo/brightwingmonkey_introresponse_agree00.ogg	0465acd52dadae99fd244b252d7594b4	17816
mods/heroes.stormmod/enus.stormassets/localizeddata/sounds/vo/brightwingmonkey_introresponse_confident00.ogg	c82afe95118408cb71fab5c7536e7dd4	20857
mods/heroes.stormmod/enus.stormassets/localizeddata/sounds/vo/brightwingmonkey_introresponse_fight00.ogg	3bd907b1fa6e4eb424f2f38282b19a77	27974
mods/heroes.stormmod/enus.stormassets/localizeddata/sounds/vo/brightwingmonkey_introresponse_help00.ogg	dd842279b34e663d770fcf19dc920f01	18551
mods/heroes.stormmod/enus.stormassets/localizeddata/sounds/vo/brightwingmonkey_introresponse_together00.ogg	9a0fed190e5e6dca4a1915dc34120723	27239
mods/heroes.stormmod/enus.stormassets/localizeddata/sounds/vo/brightwingmonkey_introresponse_yes00.ogg	8c9e95ed8c87fae200010e8ceb6779a7	19220
mods/heroes.stormmod/enus.stormassets/localizeddata/sounds/vo/brightwingmonkey_kill00.ogg	520cde166c1bb8ef0abdfa2cbaac35d6	26328
mods/heroes.stormmod/enus.stormassets/localizeddata/sounds/vo/brightwingmonkey_kill01.ogg	dba4bd971b69244f07a400faf6f62f70	27548
mods/heroes.stormmod/enus.stormassets/localizeddata/sounds/vo/brightwingmonkey_kill02.ogg	31d34657a6e0fe1a11c9e62d55800d40	31842
mods/heroes.stormmod/enus.stormassets/localizeddata/sounds/vo/brightwingmonkey_kill03.ogg	60fdab3dbad75ce754c2d9af973ac0e8	20290
mods/heroes.stormmod/enus.stormassets/localizeddata/sounds/vo/brightwingmonkey_kill04.ogg	778bf3fd7a10c00047a3654afddf2d99	21844
mods/heroes.stormmod/enus.stormassets/localizeddata/sounds/vo/brightwingmonkey_killspreeend00.ogg	8f25cc2c6f1ea37d0be652732736fed6	26253
mods/heroes.stormmod/enus.stormassets/localizeddata/sounds/vo/brightwingmonkey_laugh00.ogg	1a9d00cdd7b53a3de49969f2f7297591	23509
mods/heroes.stormmod/enus.stormassets/localizeddata/sounds/vo/brightwingmonkey_laugh01.ogg	991d993c8208e5bf789579f8bd5786ae	23134
mods/heroes.stormmod/enus.stormassets/localizeddata/sounds/vo/brightwingmonkey_laugh02.ogg	e7f0d83d712c9a232c2301f4d73146de	27208
mods/heroes.stormmod/enus.stormassets/localizeddata/sounds/vo/brightwingmonkey_laugh03.ogg	510388e07b58c7ecd6cb369e914baa0b	18594
mods/heroes.stormmod/enus.stormassets/localizeddata/sounds/vo/brightwingmonkey_laugh04.ogg	3ac37c1a95487e857337b6081cbbb580	22809
mods/heroes.stormmod/enus.stormassets/localizeddata/sounds/vo/brightwingmonkey_laugh05.ogg	aa67577929153ff42560b1cce42f890e	27302
mods/heroes.stormmod/enus.stormassets/localizeddata/sounds/vo/brightwingmonkey_lowlifeheal00.ogg	d99be7b54d2c162a4cbbfdffc105f451	31939
mods/heroes.stormmod/enus.stormassets/localizeddata/sounds/vo/brightwingmonkey_lowlifeheal01.ogg	4b2427227898f8cec2014d16b97fd5f4	27888
mods/heroes.stormmod/enus.stormassets/localizeddata/sounds/vo/brightwingmonkey_lowlifeheal02.ogg	71f229b49cc05b6fe95c72f67e94d48d	31127
mods/heroes.stormmod/enus.stormassets/localizeddata/sounds/vo/brightwingmonkey_lowmana00.ogg	59cc81092e132bf9e369f3af470eda3a	23775
mods/heroes.stormmod/enus.stormassets/localizeddata/sounds/vo/brightwingmonkey_lowmana01.ogg	8f708302e75705ab4e277ba48a4fa0cc	27012
mods/heroes.stormmod/enus.stormassets/localizeddata/sounds/vo/brightwingmonkey_lowmana02.ogg	8c6b701a04f13bf5bb1ea61eb0690fd5	30334
mods/heroes.stormmod/enus.stormassets/localizeddata/sounds/vo/brightwingmonkey_no00.ogg	a3c193664906d8314d3af13325ea490f	13650
mods/heroes.stormmod/enus.stormassets/localizeddata/sounds/vo/brightwingmonkey_no01.ogg	299ba57f76ad1ace5406a7b3499f9688	19116
mods/heroes.stormmod/enus.stormassets/localizeddata/sounds/vo/brightwingmonkey_no02.ogg	365eb11c6e1defb93532bd2a9a36d751	26827
mods/heroes.stormmod/enus.stormassets/localizeddata/sounds/vo/brightwingmonkey_ping_attack00.ogg	337e3235a650b270ca74d6c557990e16	25730
mods/heroes.stormmod/enus.stormassets/localizeddata/sounds/vo/brightwingmonkey_ping_attack01.ogg	dcf4132282e5b907d2c0b1918602813f	25199
mods/heroes.stormmod/enus.stormassets/localizeddata/sounds/vo/brightwingmonkey_ping_attack02.ogg	ce34c53776ceb132bc88434dd0fad050	25039
mods/heroes.stormmod/enus.stormassets/localizeddata/sounds/vo/brightwingmonkey_ping_attack03.ogg	af3b6871986b05aa6772115bf6c2b330	16774
mods/heroes.stormmod/enus.stormassets/localizeddata/sounds/vo/brightwingmonkey_ping_defendthing00.ogg	48e4601e1888bffc5e8d4580f1bc4af9	24928
mods/heroes.stormmod/enus.stormassets/localizeddata/sounds/vo/brightwingmonkey_ping_defendthing01.ogg	c063a3a502811ce05446fdb5359cbc78	26899
mods/heroes.stormmod/enus.stormassets/localizeddata/sounds/vo/brightwingmonkey_ping_defendthing02.ogg	8c51c7cd011f9cd60d05245524a94330	28108
mods/heroes.stormmod/enus.stormassets/localizeddata/sounds/vo/brightwingmonkey_ping_defendthing03.ogg	bef5caa1ece118442112dbe84aa9b9ef	21208
mods/heroes.stormmod/enus.stormassets/localizeddata/sounds/vo/brightwingmonkey_pissed00.ogg	67ab71220f7fb43b571f1131110ec016	10744
mods/heroes.stormmod/enus.stormassets/localizeddata/sounds/vo/brightwingmonkey_pissed01.ogg	c3ec4ab18ee90b61c48f69cde2df27ee	15003
mods/heroes.stormmod/enus.stormassets/localizeddata/sounds/vo/brightwingmonkey_pissed02.ogg	b048e22926e8752c58e6994366587eb2	22345
mods/heroes.stormmod/enus.stormassets/localizeddata/sounds/vo/brightwingmonkey_pissed03.ogg	89cfa68feafdf7ba4d3f25f2b08577d7	20435
mods/heroes.stormmod/enus.stormassets/localizeddata/sounds/vo/brightwingmonkey_pissed04.ogg	bd2b361f84fccbd8f7e5d7a213f0c7ac	39738
mods/heroes.stormmod/enus.stormassets/localizeddata/sounds/vo/brightwingmonkey_pissed05.ogg	ed701fc20e32de3c93963c5470faf307	31692
mods/heroes.stormmod/enus.stormassets/localizeddata/sounds/vo/brightwingmonkey_pissed06.ogg	0105e704cb51f44332ebee3f1400481b	41682
mods/heroes.stormmod/enus.stormassets/localizeddata/sounds/vo/brightwingmonkey_pissed07.ogg	b8a8261de3d8fbcc8564f0adb8422afa	21154
mods/heroes.stormmod/enus.stormassets/localizeddata/sounds/vo/brightwingmonkey_resurrected00.ogg	56c7b5c9e2216b98086b59bf1960f55b	29823
mods/heroes.stormmod/enus.stormassets/localizeddata/sounds/vo/brightwingmonkey_resurrected01.ogg	3f29624f1edaf33863431e0bf1bb87cd	31850
mods/heroes.stormmod/enus.stormassets/localizeddata/sounds/vo/brightwingmonkey_revive00.ogg	db12ca62385b5adadea451509352f844	45811
mods/heroes.stormmod/enus.stormassets/localizeddata/sounds/vo/brightwingmonkey_revive01.ogg	b70beb6712b3d13435d7340ceeb456f8	20303
mods/heroes.stormmod/enus.stormassets/localizeddata/sounds/vo/brightwingmonkey_revive02.ogg	b1e9c065283dca00691aacb4dc4090dc	24915
mods/heroes.stormmod/enus.stormassets/localizeddata/sounds/vo/brightwingmonkey_social_hello00.ogg	5ca3070ccda0cc009ae7fd9d20c5f73a	22506
mods/heroes.stormmod/enus.stormassets/localizeddata/sounds/vo/brightwingmonkey_spec00.ogg	bd386be0f2f3450fc424590e3a2e035c	22443
mods/heroes.stormmod/enus.stormassets/localizeddata/sounds/vo/brightwingmonkey_spec01.ogg	3c02dd94f3d4e1dfbcaf0f12fc9e993d	24717
mods/heroes.stormmod/enus.stormassets/localizeddata/sounds/vo/brightwingmonkey_spec02.ogg	7fb4fdc7107925072e48aa4d2fde6e7f	20961
mods/heroes.stormmod/enus.stormassets/localizeddata/sounds/vo/brightwingmonkey_spec03.ogg	c8d6667e3b82c21968c94cd8b4f0d27e	21422
mods/heroes.stormmod/enus.stormassets/localizeddata/sounds/vo/brightwingmonkey_spec04.ogg	8253f5f42ab329ada3a6a09e25da162a	31060
mods/heroes.stormmod/enus.stormassets/localizeddata/sounds/vo/brightwingmonkey_taunt00.ogg	c9c45957cd2b1047d89a3a31c8d988f3	28387
mods/heroes.stormmod/enus.stormassets/localizeddata/sounds/vo/brightwingmonkey_taunt01.ogg	470362e018982e664ea26395931435cf	29788
mods/heroes.stormmod/enus.stormassets/localizeddata/sounds/vo/brightwingmonkey_taunt02.ogg	0ee0e5a06605ad3bbff803d76239bbb2	25279
mods/heroes.stormmod/enus.stormassets/localizeddata/sounds/vo/brightwingmonkey_teamkilled00.ogg	267d6162abf92e3959519e576adad6f0	42912
mods/heroes.stormmod/enus.stormassets/localizeddata/sounds/vo/brightwingmonkey_ui_exlocked00.ogg	5ea52880b08f0dd6b9bee8aa69e16e43	14543
mods/heroes.stormmod/enus.stormassets/localizeddata/sounds/vo/brightwingmonkey_ui_expurchased00.ogg	173ae6ffd831034a675d4f9442c29d7e	27894
mods/heroes.stormmod/enus.stormassets/localizeddata/sounds/vo/brightwingmonkey_ui_gift00.ogg	7247fd5bbd59daa65f020ea1fcffc7b4	18862
mods/heroes.stormmod/enus.stormassets/localizeddata/sounds/vo/brightwingmonkey_ui_lockin00.ogg	9a6914e8c9acb8fb8c4f39906cf12771	22468
mods/heroes.stormmod/enus.stormassets/localizeddata/sounds/vo/brightwingmonkey_ui_purchase00.ogg	69924f1ac7d56da0fcb669a51e0a93cd	26047
mods/heroes.stormmod/enus.stormassets/localizeddata/sounds/vo/brightwingmonkey_ui_trial00.ogg	a320595335eb17f278cff2c66ccf208f	21057
mods/heroes.stormmod/enus.stormassets/localizeddata/sounds/vo/brightwingmonkey_ui_trial01.ogg	074d0997697c2a45b4951756a29670e6	32965
mods/heroes.stormmod/enus.stormassets/localizeddata/sounds/vo/brightwingmonkey_ui_waitlocked00.ogg	f16eebcccbdb7a0792b3924f72c5857e	33733
mods/heroes.stormmod/enus.stormassets/localizeddata/sounds/vo/brightwingmonkey_ui_waitlocked01.ogg	d3378429b0ca196e8807955685f9d656	42004
mods/heroes.stormmod/enus.stormassets/localizeddata/sounds/vo/brightwingmonkey_ui_waitpurchased00.ogg	52aded03d63f6dad297b661c62e98094	30055
mods/heroes.stormmod/enus.stormassets/localizeddata/sounds/vo/brightwingmonkey_ui_waitpurchased01.ogg	e766f53a244cc0fcc1e5036b079dacb0	33495
mods/heroes.stormmod/enus.stormassets/localizeddata/sounds/vo/brightwingmonkey_ultimate1used00.ogg	22edb3ed4e86e4e10061d16ec0de2ed5	31875
mods/heroes.stormmod/enus.stormassets/localizeddata/sounds/vo/brightwingmonkey_ultimate1used01.ogg	6325cc6a92c83eca95b101102564dad0	31132
mods/heroes.stormmod/enus.stormassets/localizeddata/sounds/vo/brightwingmonkey_ultimate1used02.ogg	622c2c3abd2cf55145f24aa1f0dfaff2	34700
mods/heroes.stormmod/enus.stormassets/localizeddata/sounds/vo/brightwingmonkey_ultimate1used03.ogg	42dc07b3b58bb86562d61b75b66abdf6	35255
mods/heroes.stormmod/enus.stormassets/localizeddata/sounds/vo/brightwingmonkey_ultimate1used04.ogg	2f60413cdb7e4fddbf78659134bf1414	36744
mods/heroes.stormmod/enus.stormassets/localizeddata/sounds/vo/brightwingmonkey_ultimate2used00.ogg	cac3485f3beb119c9ab48813b1b59b75	27277
mods/heroes.stormmod/enus.stormassets/localizeddata/sounds/vo/brightwingmonkey_ultimate2used01.ogg	43d83cf705f7f68eb10424c4ec560b3d	28182
mods/heroes.stormmod/enus.stormassets/localizeddata/sounds/vo/brightwingmonkey_ultimate2used02.ogg	83500b8e12b3165f9915caf7e4441649	28683
mods/heroes.stormmod/enus.stormassets/localizeddata/sounds/vo/brightwingmonkey_ultimate2used03.ogg	994b850a27fe720be0be5fd9b44fa273	29605
mods/heroes.stormmod/enus.stormassets/localizeddata/sounds/vo/brightwingmonkey_ultimate2used04.ogg	3c80736d7dce4a7ef52e6b5882b2e1fb	27705
mods/heroes.stormmod/enus.stormassets/localizeddata/sounds/vo/brightwingmonkey_ultimate2used05.ogg	761e4efc2e8ad50a22dc8ed555029fd4	27952
mods/heroes.stormmod/enus.stormassets/localizeddata/sounds/vo/brightwingmonkey_ultimate2used06.ogg	c5b7368577a4280f09e1abcece91b927	25886
mods/heroes.stormmod/enus.stormassets/localizeddata/sounds/vo/brightwingmonkey_voicelinefive00.ogg	96b6caa0c73944be6b83e831c48ffc59	18896
mods/heroes.stormmod/enus.stormassets/localizeddata/sounds/vo/brightwingmonkey_voicelinefour00.ogg	aac1b36f2a5340e0d99d4dec284cf172	21180
mods/heroes.stormmod/enus.stormassets/localizeddata/sounds/vo/brightwingmonkey_voicelineone00.ogg	aaa37f3fef36bd7e1676f4df10415269	32375
mods/heroes.stormmod/enus.stormassets/localizeddata/sounds/vo/brightwingmonkey_voicelinethree00.ogg	2a684a5c39ad1954b8e28338afa496a9	31504
mods/heroes.stormmod/enus.stormassets/localizeddata/sounds/vo/brightwingmonkey_voicelinetwo00.ogg	c82afe95118408cb71fab5c7536e7dd4	20857
mods/heroes.stormmod/enus.stormassets/localizeddata/sounds/vo/brightwingmonkey_vox_attack01.ogg	cee7f1cdf715d12dc47c9709ac0c6010	7319
mods/heroes.stormmod/enus.stormassets/localizeddata/sounds/vo/brightwingmonkey_vox_attack02.ogg	526014e51303716fbe943747934e530f	7580
mods/heroes.stormmod/enus.stormassets/localizeddata/sounds/vo/brightwingmonkey_vox_attack03.ogg	48e44fe408072f85ae4ad50ebbeb64ef	7553
mods/heroes.stormmod/enus.stormassets/localizeddata/sounds/vo/brightwingmonkey_vox_attack04.ogg	851824456bf829401b7fba13f3142c96	8307
mods/heroes.stormmod/enus.stormassets/localizeddata/sounds/vo/brightwingmonkey_vox_attack05.ogg	2b95d68d7a5a7f7f9995a6d5221a535c	7959
mods/heroes.stormmod/enus.stormassets/localizeddata/sounds/vo/brightwingmonkey_vox_attack06.ogg	67bd30a12536bb860037f58fc8bfbd76	8325
mods/heroes.stormmod/enus.stormassets/localizeddata/sounds/vo/brightwingmonkey_vox_attack07.ogg	8f8b6d0ee773c88f103a80d37a64a293	8350
mods/heroes.stormmod/enus.stormassets/localizeddata/sounds/vo/brightwingmonkey_vox_attack08.ogg	8d4e6394f662a8f6e60b3db7c2828437	10353
mods/heroes.stormmod/enus.stormassets/localizeddata/sounds/vo/brightwingmonkey_vox_attack09.ogg	35d520488e08c27a7356b55fd31aa064	10027
mods/heroes.stormmod/enus.stormassets/localizeddata/sounds/vo/brightwingmonkey_vox_attack10.ogg	b8f1ff93dda61a04371abf41cdea0c8e	10934
mods/heroes.stormmod/enus.stormassets/localizeddata/sounds/vo/brightwingmonkey_vox_castinga01.ogg	05a046ccbe719ffa3b9bf5c7dcdb3d0a	13182
mods/heroes.stormmod/enus.stormassets/localizeddata/sounds/vo/brightwingmonkey_vox_castinga02.ogg	be669906c73f778dcb4f1645cfdbc096	10071
mods/heroes.stormmod/enus.stormassets/localizeddata/sounds/vo/brightwingmonkey_vox_castinga03.ogg	d0bdf529746a2128aaaac72d7157b90f	13052
mods/heroes.stormmod/enus.stormassets/localizeddata/sounds/vo/brightwingmonkey_vox_castinga04.ogg	ee6c1be35c265e65c9df2e42270bcfc0	11694
mods/heroes.stormmod/enus.stormassets/localizeddata/sounds/vo/brightwingmonkey_vox_castinga05.ogg	312f928c5cba548b796baa51d05314da	11333
mods/heroes.stormmod/enus.stormassets/localizeddata/sounds/vo/brightwingmonkey_vox_castinga06.ogg	33ceac89eedfaff61fd09c8a41d7660e	11766
mods/heroes.stormmod/enus.stormassets/localizeddata/sounds/vo/brightwingmonkey_vox_castinga07.ogg	598a5fb208fd0626cf37a2f8bb629b2f	17899
mods/heroes.stormmod/enus.stormassets/localizeddata/sounds/vo/brightwingmonkey_vox_castinga08.ogg	5474d362197e204fa843b64fd32f2058	20679
mods/heroes.stormmod/enus.stormassets/localizeddata/sounds/vo/brightwingmonkey_vox_castinga09.ogg	840bdc0071eaed6c337b368a68edc295	19092
mods/heroes.stormmod/enus.stormassets/localizeddata/sounds/vo/brightwingmonkey_vox_castinga10.ogg	4b2e69aa3018a8ae419b14d36c9c8c52	22399
mods/heroes.stormmod/enus.stormassets/localizeddata/sounds/vo/brightwingmonkey_vox_castingb01.ogg	2d9c44c6c8a474a014d34c36ce0c4067	14715
mods/heroes.stormmod/enus.stormassets/localizeddata/sounds/vo/brightwingmonkey_vox_castingb02.ogg	3eb7773d45d601fd0392bc96da543e18	13929
mods/heroes.stormmod/enus.stormassets/localizeddata/sounds/vo/brightwingmonkey_vox_castingb03.ogg	85b890e9c0ba940243ac8c9d18cacdd0	15945
mods/heroes.stormmod/enus.stormassets/localizeddata/sounds/vo/brightwingmonkey_vox_castingb04.ogg	850d22984c293b40abb3fb46054a47a0	10795
mods/heroes.stormmod/enus.stormassets/localizeddata/sounds/vo/brightwingmonkey_vox_castingb05.ogg	76050bd3ae5ee66eb7e47060d6375fcc	12805
mods/heroes.stormmod/enus.stormassets/localizeddata/sounds/vo/brightwingmonkey_vox_castingb06.ogg	ea65ff750e9621d9594f8bc040e36e83	10892
mods/heroes.stormmod/enus.stormassets/localizeddata/sounds/vo/brightwingmonkey_vox_castingb07.ogg	23fba5261cb5612e31542e3b70ebedf2	10045
mods/heroes.stormmod/enus.stormassets/localizeddata/sounds/vo/brightwingmonkey_vox_castingb08.ogg	814ab62ae5853cb3941505a28fff1f75	10429
mods/heroes.stormmod/enus.stormassets/localizeddata/sounds/vo/brightwingmonkey_vox_castingb09.ogg	ae5ac4b5d2c08bc34add59a7c4782104	10583
mods/heroes.stormmod/enus.stormassets/localizeddata/sounds/vo/brightwingmonkey_vox_castingb10.ogg	6584430166f15e323fe080de7b14ddca	10727
mods/heroes.stormmod/enus.stormassets/localizeddata/sounds/vo/brightwingmonkey_vox_castingb301.ogg	f71ef0b978d237d57c85b3c977527957	11967
mods/heroes.stormmod/enus.stormassets/localizeddata/sounds/vo/brightwingmonkey_vox_castingb302.ogg	40ca2d0bfb686b038d790619dc317892	12674
mods/heroes.stormmod/enus.stormassets/localizeddata/sounds/vo/brightwingmonkey_vox_castingb303.ogg	3d439f32b0ff9df07be8e22fd9fb7141	13027
mods/heroes.stormmod/enus.stormassets/localizeddata/sounds/vo/brightwingmonkey_vox_castingb304.ogg	8a9a8f1781b298cd945f5e24ceae5a3f	13329
mods/heroes.stormmod/enus.stormassets/localizeddata/sounds/vo/brightwingmonkey_vox_castingb305.ogg	005a6f3bad9ec17128607f81f27602de	10828
mods/heroes.stormmod/enus.stormassets/localizeddata/sounds/vo/brightwingmonkey_vox_castingb306.ogg	3c1198b60b83c0d68e2691f71c39999a	12166
mods/heroes.stormmod/enus.stormassets/localizeddata/sounds/vo/brightwingmonkey_vox_castingb307.ogg	905c0027ee68027f11deee94f11b685f	11748
mods/heroes.stormmod/enus.stormassets/localizeddata/sounds/vo/brightwingmonkey_vox_castingb308.ogg	ceed3fe89c560a96f5715171e262ff6b	14174
mods/heroes.stormmod/enus.stormassets/localizeddata/sounds/vo/brightwingmonkey_vox_castingb309.ogg	d6cf2d166a125f40786e0b02fab75a31	10699
mods/heroes.stormmod/enus.stormassets/localizeddata/sounds/vo/brightwingmonkey_vox_castingb310.ogg	7988c2ec74ead8c48b2fabb2a2fc751f	12091
mods/heroes.stormmod/enus.stormassets/localizeddata/sounds/vo/brightwingmonkey_vox_castingc01.ogg	f27439330a16c184bf3c89b0baa0042d	22306
mods/heroes.stormmod/enus.stormassets/localizeddata/sounds/vo/brightwingmonkey_vox_castingc02.ogg	66e1e17c20851f20205ed98734016e3e	14353
mods/heroes.stormmod/enus.stormassets/localizeddata/sounds/vo/brightwingmonkey_vox_castingc03.ogg	8bc78de34b3b8144ee45e51cd92d0854	15971
mods/heroes.stormmod/enus.stormassets/localizeddata/sounds/vo/brightwingmonkey_vox_castingc04.ogg	e1f6e5fde1012de3b6b9df788eefc8e8	12582
mods/heroes.stormmod/enus.stormassets/localizeddata/sounds/vo/brightwingmonkey_vox_castingc05.ogg	95e7b1cea59829104749bcb41cdd0cca	20149
mods/heroes.stormmod/enus.stormassets/localizeddata/sounds/vo/brightwingmonkey_vox_castingc06.ogg	ee1697c8693210e24c3b82abe3025c9d	18376
mods/heroes.stormmod/enus.stormassets/localizeddata/sounds/vo/brightwingmonkey_vox_cheer00.ogg	aea43a8e515e2c47d6e6931eed7a34f6	30851
mods/heroes.stormmod/enus.stormassets/localizeddata/sounds/vo/brightwingmonkey_vox_cheer01.ogg	e4bee111f61428a68ea22f87482a03f6	29165
mods/heroes.stormmod/enus.stormassets/localizeddata/sounds/vo/brightwingmonkey_vox_cheer02.ogg	f165e2b22636fb3c1a7fe6ba6ff3427e	37160
mods/heroes.stormmod/enus.stormassets/localizeddata/sounds/vo/brightwingmonkey_vox_cheer03.ogg	3920f245d20d33bd94a4e9b0af0761c2	23290
mods/heroes.stormmod/enus.stormassets/localizeddata/sounds/vo/brightwingmonkey_vox_cheer04.ogg	833e9d094da6d17109fb42ddf14992f4	25746
mods/heroes.stormmod/enus.stormassets/localizeddata/sounds/vo/brightwingmonkey_vox_cheer05.ogg	3ef49a83d2f1fddce379b9b86e7eb0d8	30016
mods/heroes.stormmod/enus.stormassets/localizeddata/sounds/vo/brightwingmonkey_vox_gethitlarge01.ogg	0b41967aaf61dc739c1f7dfca0074b62	10249
mods/heroes.stormmod/enus.stormassets/localizeddata/sounds/vo/brightwingmonkey_vox_gethitlarge02.ogg	fcfec176760d5bbba6b832ffd98213b3	13593
mods/heroes.stormmod/enus.stormassets/localizeddata/sounds/vo/brightwingmonkey_vox_gethitlarge03.ogg	9f1cfa144751455b8c4abba4e68c93a8	16561
mods/heroes.stormmod/enus.stormassets/localizeddata/sounds/vo/brightwingmonkey_vox_gethitlarge04.ogg	a25d26c485fe249da15f48b304977e55	14017
mods/heroes.stormmod/enus.stormassets/localizeddata/sounds/vo/brightwingmonkey_vox_gethitlarge05.ogg	c5afe289267e53e9e5ca9e1e18837480	15035
mods/heroes.stormmod/enus.stormassets/localizeddata/sounds/vo/brightwingmonkey_vox_gethitlarge06.ogg	58614fdded07e8de567459c2ed52c8a4	13375
mods/heroes.stormmod/enus.stormassets/localizeddata/sounds/vo/brightwingmonkey_vox_gethitlarge07.ogg	9cba8e1933c56506168bddb51a16c4e6	13591
mods/heroes.stormmod/enus.stormassets/localizeddata/sounds/vo/brightwingmonkey_vox_gethitlarge08.ogg	8d72d3f80342376f595a86b44eabcd54	14585
mods/heroes.stormmod/enus.stormassets/localizeddata/sounds/vo/brightwingmonkey_vox_gethitlarge09.ogg	ed83daebc75adf80c366c50553930e48	13293
mods/heroes.stormmod/enus.stormassets/localizeddata/sounds/vo/brightwingmonkey_vox_gethitlarge10.ogg	2fca7a90dbcd1bd3b7c5cf298ac35b4a	12859
mods/heroes.stormmod/enus.stormassets/localizeddata/sounds/vo/brightwingmonkey_vox_gethitlarge11.ogg	126debb2bd4d98ffdb6aefed0857c14c	12875
mods/heroes.stormmod/enus.stormassets/localizeddata/sounds/vo/brightwingmonkey_vox_gethitlarge12.ogg	cb714f78069c4bae1b7b30de9a5203ef	14703
mods/heroes.stormmod/enus.stormassets/localizeddata/sounds/vo/brightwingmonkey_vox_gethitsmall01.ogg	246459c1fcf31378725be45cfc07234f	11491
mods/heroes.stormmod/enus.stormassets/localizeddata/sounds/vo/brightwingmonkey_vox_gethitsmall02.ogg	1e2ba825e23054a73a33feb682e1513d	10463
mods/heroes.stormmod/enus.stormassets/localizeddata/sounds/vo/brightwingmonkey_vox_gethitsmall03.ogg	24c7bafa5850007d18339c24d057a6d6	13794
mods/heroes.stormmod/enus.stormassets/localizeddata/sounds/vo/brightwingmonkey_vox_gethitsmall04.ogg	e30fe6c3d7e24112d8a7997f1651909e	9333
mods/heroes.stormmod/enus.stormassets/localizeddata/sounds/vo/brightwingmonkey_vox_gethitsmall05.ogg	dd5876ab8572c8a3dac332c7802e9e95	9041
mods/heroes.stormmod/enus.stormassets/localizeddata/sounds/vo/brightwingmonkey_vox_gethitsmall06.ogg	58c97981c38ca8eb636e69211a67717b	10780
mods/heroes.stormmod/enus.stormassets/localizeddata/sounds/vo/brightwingmonkey_vox_gethitsmall07.ogg	5bb113ab8ee84302addc2abab9e922cf	11467
mods/heroes.stormmod/enus.stormassets/localizeddata/sounds/vo/brightwingmonkey_vox_gethitsmall08.ogg	a02ad288e809380d4c9b79ccd64debfc	10291
mods/heroes.stormmod/enus.stormassets/localizeddata/sounds/vo/brightwingmonkey_vox_gethitsmall09.ogg	d8c6ec2ff9ae3b2245936a88902910bf	13629
mods/heroes.stormmod/enus.stormassets/localizeddata/sounds/vo/brightwingmonkey_vox_gethitsmall10.ogg	50c5d1c9f5fb34f58d88e1099d57d1ad	10411
mods/heroes.stormmod/enus.stormassets/localizeddata/sounds/vo/brightwingmonkey_vox_idle01.ogg	6408f37bf7c209b9086618c0cba8fa26	44270
mods/heroes.stormmod/enus.stormassets/localizeddata/sounds/vo/brightwingmonkey_vox_idle02.ogg	86b6c6a708a23a7c7de4e64d55f441c7	33456
mods/heroes.stormmod/enus.stormassets/localizeddata/sounds/vo/brightwingmonkey_vox_idle03.ogg	f207a1aebfdba72d3b829d948b9d803f	37866
mods/heroes.stormmod/enus.stormassets/localizeddata/sounds/vo/brightwingmonkey_vox_idle04.ogg	60809ea852d0b89422dfe5e0cf1dae52	35999
mods/heroes.stormmod/enus.stormassets/localizeddata/sounds/vo/brightwingmonkey_vox_idle05.ogg	dc9c79383b9c756cf5e3cf17e9b37c89	18659
mods/heroes.stormmod/enus.stormassets/localizeddata/sounds/vo/brightwingmonkey_vox_idle06.ogg	0d75bce920306c39c5680f0d2005a50f	32274
mods/heroes.stormmod/enus.stormassets/localizeddata/sounds/vo/brightwingmonkey_vox_idle07.ogg	a36bbc44dc67637499c88a15def666f9	42375
mods/heroes.stormmod/enus.stormassets/localizeddata/sounds/vo/brightwingmonkey_vox_idle08.ogg	ad239c4b936bbf8aabf71da2621bd19c	35019
mods/heroes.stormmod/enus.stormassets/localizeddata/sounds/vo/brightwingmonkey_vox_idle09.ogg	a50d490f396c38d238f0a88ad6834f21	43179
mods/heroes.stormmod/enus.stormassets/localizeddata/sounds/vo/brightwingmonkey_vox_idle10.ogg	62298d0a9855fdcab3c99fd0b4c1c53f	27952
mods/heroes.stormmod/enus.stormassets/localizeddata/sounds/vo/brightwingmonkey_vox_idle11.ogg	d37024be5c114b1963d7184bea3a6224	27154
mods/heroes.stormmod/enus.stormassets/localizeddata/sounds/vo/brightwingmonkey_vox_idle12.ogg	b687af60065ed272d1bb5fdb8f7d4a13	32126
mods/heroes.stormmod/enus.stormassets/localizeddata/sounds/vo/brightwingmonkey_vox_idle13.ogg	db6d23ed01f27b9125cf6e2951725815	46066
mods/heroes.stormmod/enus.stormassets/localizeddata/sounds/vo/brightwingmonkey_vox_idle14.ogg	a2b0c32abec58a44bd7b742fc2ae55d4	9448
mods/heroes.stormmod/enus.stormassets/localizeddata/sounds/vo/brightwingmonkey_vox_pulled01.ogg	73ab1ddf4e18505466685e02db431916	8403
mods/heroes.stormmod/enus.stormassets/localizeddata/sounds/vo/brightwingmonkey_vox_pulled02.ogg	73203cbe0d7024c294fb03e385c71e2d	10073
mods/heroes.stormmod/enus.stormassets/localizeddata/sounds/vo/brightwingmonkey_vox_pulled03.ogg	9705b352db3d45d09ca5315df7d1764e	8881
mods/heroes.stormmod/enus.stormassets/localizeddata/sounds/vo/brightwingmonkey_vox_pulled04.ogg	1c94ab37bf1ea7c31b1d672b891bf84c	7635
mods/heroes.stormmod/enus.stormassets/localizeddata/sounds/vo/brightwingmonkey_vox_pulled05.ogg	f9716c1326cb9be0ef5eeeb912852661	6840
mods/heroes.stormmod/enus.stormassets/localizeddata/sounds/vo/brightwingmonkey_vox_pulled06.ogg	73b15ca261ae701e73043c6734f5a175	9703
mods/heroes.stormmod/enus.stormassets/localizeddata/sounds/vo/brightwingmonkey_yes00.ogg	012ee7a01366256862f13617c05ded2b	11652
mods/heroes.stormmod/enus.stormassets/localizeddata/sounds/vo/brightwingmonkey_yes01.ogg	ec78f36919db0a39c111abc4b703362c	14616
mods/heroes.stormmod/enus.stormassets/localizeddata/sounds/vo/brightwingmonkey_yes02.ogg	fdd3d9d5793385527f05e3572bd6305f	11471
mods/heroes.stormmod/enus.stormassets/localizeddata/sounds/vo/brightwingmonkey_yes03.ogg	a7b1909fead50edb76a4067f5838ec50	17983
mods/heroes.stormmod/enus.stormassets/localizeddata/sounds/vo/brightwingmonkey_yes04.ogg	bb9f40d8e3de54bd8f8e9433f3e7bb9a	19260
mods/heroes.stormmod/enus.stormassets/localizeddata/sounds/vo/brightwingmonkey_yes05.ogg	5aa20a4c0b460ad8ec9003665aa9379f	22507
mods/heroes.stormmod/enus.stormassets/localizeddata/sounds/vo/brightwingmonkey_yes06.ogg	6be55c052f40691576ead14157298c42	24662
mods/heroes.stormmod/enus.stormassets/localizeddata/sounds/vo/brightwingmonkey_yes07.ogg	e13c2ad5ed0bb33a0af25ac486e22c79	32426
mods/heroes.stormmod/enus.stormassets/localizeddata/sounds/vo/brightwingmonkey_yes09.ogg	409aae730ee942cd7390aae257758ed9	24061
