mods/heroes.stormmod/enus.stormassets/localizeddata/sounds/vo/etc_ai_attack00.fxe	72b8e54225653436ee93b617c585feb7	2161
mods/heroes.stormmod/enus.stormassets/localizeddata/sounds/vo/etc_ai_attack00.ogg	8d21a57fe7c580bb5402045b4a95dd94	39679
mods/heroes.stormmod/enus.stormassets/localizeddata/sounds/vo/etc_ai_attack01.fxe	8aade08cb6dddceba0795c9ff6717899	1297
mods/heroes.stormmod/enus.stormassets/localizeddata/sounds/vo/etc_ai_attack01.ogg	89e8327001da0d46e6ffdcb71ed991a1	25511
mods/heroes.stormmod/enus.stormassets/localizeddata/sounds/vo/etc_ai_attack02.fxe	12aa9d3bfaf55a97038941e4ff3f4709	2833
mods/heroes.stormmod/enus.stormassets/localizeddata/sounds/vo/etc_ai_attack02.ogg	62f1bbfbdfacb57bc269d2da6ec81891	44114
mods/heroes.stormmod/enus.stormassets/localizeddata/sounds/vo/etc_ai_caution00.fxe	51b7bd1a61c115bce4e6695a38830bfa	2674
mods/heroes.stormmod/enus.stormassets/localizeddata/sounds/vo/etc_ai_caution00.ogg	260ad4b8d4c21538301bdc4caad77b55	37904
mods/heroes.stormmod/enus.stormassets/localizeddata/sounds/vo/etc_ai_goodjob00.fxe	612855156eb761eaf133f7670007f072	1970
mods/heroes.stormmod/enus.stormassets/localizeddata/sounds/vo/etc_ai_goodjob00.ogg	bfad7faf92a401c54925e2728303fa7f	30131
mods/heroes.stormmod/enus.stormassets/localizeddata/sounds/vo/etc_ai_goodjob01.fxe	d4951070bb1b5f211e093c335c7e86f1	2082
mods/heroes.stormmod/enus.stormassets/localizeddata/sounds/vo/etc_ai_goodjob01.ogg	dc78a235d5f3e56cf4402b1d979355a2	30385
mods/heroes.stormmod/enus.stormassets/localizeddata/sounds/vo/etc_ai_goodjob02.fxe	eac2da01048a4239d190fceea203f809	1314
mods/heroes.stormmod/enus.stormassets/localizeddata/sounds/vo/etc_ai_goodjob02.ogg	eca96c86f37d047d0fa6df1843f53ea8	23732
mods/heroes.stormmod/enus.stormassets/localizeddata/sounds/vo/etc_ai_heal00.fxe	b267326ef08f02a85a827b464a1615ac	3023
mods/heroes.stormmod/enus.stormassets/localizeddata/sounds/vo/etc_ai_heal00.ogg	022ad2942e1bd92c12db65829cd96552	44949
mods/heroes.stormmod/enus.stormassets/localizeddata/sounds/vo/etc_ai_heal01.fxe	d186ca498e5fd0033b69b82d3f9be56c	3615
mods/heroes.stormmod/enus.stormassets/localizeddata/sounds/vo/etc_ai_heal01.ogg	f5c52b46c60801f8632c3f85d16f672f	54098
mods/heroes.stormmod/enus.stormassets/localizeddata/sounds/vo/etc_ai_retreat00.fxe	c75c3a885b05985fc17656f6b9252523	1698
mods/heroes.stormmod/enus.stormassets/localizeddata/sounds/vo/etc_ai_retreat00.ogg	ecf7c4cc3fcbb0bc33f96115b9f959ff	19806
mods/heroes.stormmod/enus.stormassets/localizeddata/sounds/vo/etc_ai_retreat01.fxe	cf8149343bd4a4d2ccc2795bf765b38a	1266
mods/heroes.stormmod/enus.stormassets/localizeddata/sounds/vo/etc_ai_retreat01.ogg	5b4c68ad20b96f6f6a4943f7fc2da86a	19431
mods/heroes.stormmod/enus.stormassets/localizeddata/sounds/vo/etc_ai_uhoh00.fxe	ef29b6b7e3cb4db1e0f35c00a292ddde	1679
mods/heroes.stormmod/enus.stormassets/localizeddata/sounds/vo/etc_ai_uhoh00.ogg	29c13c55a7d23642abc739413476a36b	25028
mods/heroes.stormmod/enus.stormassets/localizeddata/sounds/vo/etc_ai_uhoh01_alt.fxe	df0fb1969a5740564d7de1c64422295b	1139
mods/heroes.stormmod/enus.stormassets/localizeddata/sounds/vo/etc_ai_uhoh01_alt.ogg	71d79aa8e4fe52bc7177e406729f5ab4	22491
mods/heroes.stormmod/enus.stormassets/localizeddata/sounds/vo/etc_ai_uhoh02_alt.fxe	892ba061f4246105b75371e36ef44faf	1779
mods/heroes.stormmod/enus.stormassets/localizeddata/sounds/vo/etc_ai_uhoh02_alt.ogg	f9e141f7b97e495723dcdd6830a4fb52	21642
mods/heroes.stormmod/enus.stormassets/localizeddata/sounds/vo/etc_attack00.fxe	9151aa701698cb1d508d5bea503058a4	1390
mods/heroes.stormmod/enus.stormassets/localizeddata/sounds/vo/etc_attack00.ogg	f34831433d3dde11db434894ed9f4079	22086
mods/heroes.stormmod/enus.stormassets/localizeddata/sounds/vo/etc_attack01.fxe	5ff4681b96f67dcf8c4ac3d330d41032	1950
mods/heroes.stormmod/enus.stormassets/localizeddata/sounds/vo/etc_attack01.ogg	0b9ad3c92dff95cad197bbe8242aeb91	31499
mods/heroes.stormmod/enus.stormassets/localizeddata/sounds/vo/etc_attack02.fxe	fd1e6254db22ba098f3f6cd195a6f6f7	1310
mods/heroes.stormmod/enus.stormassets/localizeddata/sounds/vo/etc_attack02.ogg	7f1d18358735c3339186d28ceda8411e	24686
mods/heroes.stormmod/enus.stormassets/localizeddata/sounds/vo/etc_attack03.fxe	6b98de75b921f0c1ea999305c4e7ce86	1854
mods/heroes.stormmod/enus.stormassets/localizeddata/sounds/vo/etc_attack03.ogg	a6e96d0513467074dbb2278f7a462cb5	28674
mods/heroes.stormmod/enus.stormassets/localizeddata/sounds/vo/etc_attack04.fxe	ab3c73cee7947fbbae8986e47a5565ca	1102
mods/heroes.stormmod/enus.stormassets/localizeddata/sounds/vo/etc_attack04.ogg	fd9e4c929058cde2c131af38687ad23d	21487
mods/heroes.stormmod/enus.stormassets/localizeddata/sounds/vo/etc_attack05.fxe	004a015c5b84d929a2739c3330ae7d9a	1342
mods/heroes.stormmod/enus.stormassets/localizeddata/sounds/vo/etc_attack05.ogg	6db390655cf6b8b80fed42c90680e72e	22818
mods/heroes.stormmod/enus.stormassets/localizeddata/sounds/vo/etc_attack06.fxe	2d2d7859b0b350a08004eaf3b8800461	1694
mods/heroes.stormmod/enus.stormassets/localizeddata/sounds/vo/etc_attack06.ogg	11fb65ce81a9b257b1aac3a1b346e6e2	29183
mods/heroes.stormmod/enus.stormassets/localizeddata/sounds/vo/etc_comeback00.fxe	3a47880455a3ea91e4c2cd8a256784c4	2560
mods/heroes.stormmod/enus.stormassets/localizeddata/sounds/vo/etc_comeback00.ogg	85049a9357c879190430eb2ced173f9f	43625
mods/heroes.stormmod/enus.stormassets/localizeddata/sounds/vo/etc_death00.fxe	0771d827420e22a9306a6bc64d69f00a	1245
mods/heroes.stormmod/enus.stormassets/localizeddata/sounds/vo/etc_death00.wav	fbf550a919be477e04b936aa59fb2cbd	53308
mods/heroes.stormmod/enus.stormassets/localizeddata/sounds/vo/etc_death01.fxe	cadbb06f850ada6fe1cc9b952d507a12	1357
mods/heroes.stormmod/enus.stormassets/localizeddata/sounds/vo/etc_death01.wav	049b0f01510439b9017c22cf8cb1901e	42812
mods/heroes.stormmod/enus.stormassets/localizeddata/sounds/vo/etc_death02.fxe	848601840f3f4cc3ea2c178590aa9a40	1485
mods/heroes.stormmod/enus.stormassets/localizeddata/sounds/vo/etc_death02.wav	951cdee3781835638dc2092cae77eb6f	43068
mods/heroes.stormmod/enus.stormassets/localizeddata/sounds/vo/etc_death03.wav	c032905099d5e26ad586df9339a30c2f	52540
mods/heroes.stormmod/enus.stormassets/localizeddata/sounds/vo/etc_death04.wav	1822b53fa09b558627d684ceb36329eb	50748
mods/heroes.stormmod/enus.stormassets/localizeddata/sounds/vo/etc_death05.wav	5814165e56998694afc148aa7e378f27	46908
mods/heroes.stormmod/enus.stormassets/localizeddata/sounds/vo/etc_healed00.fxe	b37f7bf8fc305d31737071f459f0e892	1470
mods/heroes.stormmod/enus.stormassets/localizeddata/sounds/vo/etc_healed00.ogg	9dcd1d038de9207e790fdbcaf1c2a7cc	25659
mods/heroes.stormmod/enus.stormassets/localizeddata/sounds/vo/etc_healed01.fxe	0afd253efb56c42e083d818af3199a9e	2318
mods/heroes.stormmod/enus.stormassets/localizeddata/sounds/vo/etc_healed01.ogg	52afa32eb52cd7809980b906f38f172f	37910
mods/heroes.stormmod/enus.stormassets/localizeddata/sounds/vo/etc_healed02.fxe	4e4d84583f08398b06420850c58317c2	2302
mods/heroes.stormmod/enus.stormassets/localizeddata/sounds/vo/etc_healed02.ogg	0cd6f638c8f4a7acb1eec596c2fa8e13	45942
mods/heroes.stormmod/enus.stormassets/localizeddata/sounds/vo/etc_introagree00.fxe	87f37b1529766a4addd9f04a04030ead	1378
mods/heroes.stormmod/enus.stormassets/localizeddata/sounds/vo/etc_introagree00.ogg	cbfac24d1cfc151a1f685530c83a4fd5	26781
mods/heroes.stormmod/enus.stormassets/localizeddata/sounds/vo/etc_introagree01.fxe	9ebb9c2d20f7346c77bd877d9c77e3aa	1138
mods/heroes.stormmod/enus.stormassets/localizeddata/sounds/vo/etc_introagree01.ogg	7f1a27c20fd4dcb5d96f9f95102f844a	24076
mods/heroes.stormmod/enus.stormassets/localizeddata/sounds/vo/etc_introagree02.fxe	a8d2feb6600a9557749c2844214aa196	1858
mods/heroes.stormmod/enus.stormassets/localizeddata/sounds/vo/etc_introagree02.ogg	adeb346005cd60862d093ed35d8babd4	28522
mods/heroes.stormmod/enus.stormassets/localizeddata/sounds/vo/etc_introboast00.fxe	9852aa196b091a7192d1ce037f84dae7	1746
mods/heroes.stormmod/enus.stormassets/localizeddata/sounds/vo/etc_introboast00.ogg	f4f5d38773e385940cadc76d16d0b54a	31765
mods/heroes.stormmod/enus.stormassets/localizeddata/sounds/vo/etc_introboast01.fxe	aa9d12b15e012e9c7c244350cc853327	1762
mods/heroes.stormmod/enus.stormassets/localizeddata/sounds/vo/etc_introboast01.ogg	31ee127349bef416c9c80fbb393887b1	39690
mods/heroes.stormmod/enus.stormassets/localizeddata/sounds/vo/etc_introquestion00.fxe	f28782e30c2b1c96c1ad78c82fe219f6	2517
mods/heroes.stormmod/enus.stormassets/localizeddata/sounds/vo/etc_introquestion00.ogg	643850f631bf6b57796b2c034bff6e12	36909
mods/heroes.stormmod/enus.stormassets/localizeddata/sounds/vo/etc_introquestion01.fxe	bedd27c60d2ffb9e89120c584f27d77f	2645
mods/heroes.stormmod/enus.stormassets/localizeddata/sounds/vo/etc_introquestion01.ogg	d9b06845b416960106ce364ecdfc3d46	38011
mods/heroes.stormmod/enus.stormassets/localizeddata/sounds/vo/etc_introquestion_deathwing00.fxe	58f26a22515d4affb6397d94f5f03e43	3055
mods/heroes.stormmod/enus.stormassets/localizeddata/sounds/vo/etc_introquestion_deathwing00.ogg	b5d38f5db9b122e79d86631f04047453	40199
mods/heroes.stormmod/enus.stormassets/localizeddata/sounds/vo/etc_introquestion_diablo00.fxe	160b1131eae5ca1c5b6580b354d3c49d	2876
mods/heroes.stormmod/enus.stormassets/localizeddata/sounds/vo/etc_introquestion_diablo00.ogg	02fb1078fddaa5ac691b869de4d47c9a	46598
mods/heroes.stormmod/enus.stormassets/localizeddata/sounds/vo/etc_introquestion_fairydragon00.fxe	11b8488d758ff28ded39e0a5d2b97fe8	2193
mods/heroes.stormmod/enus.stormassets/localizeddata/sounds/vo/etc_introquestion_fairydragon00.ogg	a5e37fecc6c2e523bf80a9369b814fab	34041
mods/heroes.stormmod/enus.stormassets/localizeddata/sounds/vo/etc_introquestion_murky00.fxe	6f0e20a5ddc0f4e643e06722b01822a0	2363
mods/heroes.stormmod/enus.stormassets/localizeddata/sounds/vo/etc_introquestion_murky00.ogg	533d53f18a1cbe65c34338871642241e	41099
mods/heroes.stormmod/enus.stormassets/localizeddata/sounds/vo/etc_introquestion_negative00.fxe	7191e2368872044412ea38d1f7cab449	3374
mods/heroes.stormmod/enus.stormassets/localizeddata/sounds/vo/etc_introquestion_negative00.ogg	c73a3ae7054f70292c85b522ed03b619	52317
mods/heroes.stormmod/enus.stormassets/localizeddata/sounds/vo/etc_introquestion_positive00.fxe	20e6831d283088649291c2e299a6f13f	2110
mods/heroes.stormmod/enus.stormassets/localizeddata/sounds/vo/etc_introquestion_positive00.ogg	6a7c00db4018faf1ac6b716ec58290a7	36805
mods/heroes.stormmod/enus.stormassets/localizeddata/sounds/vo/etc_introrespond00.fxe	f5230cd9649f9f6635284dda00e38468	948
mods/heroes.stormmod/enus.stormassets/localizeddata/sounds/vo/etc_introrespond00.ogg	4c365be97c427d498f4b29edb366726b	19622
mods/heroes.stormmod/enus.stormassets/localizeddata/sounds/vo/etc_introrespond01.fxe	bcaa4c9a18ae7241b22245a39fddec20	1924
mods/heroes.stormmod/enus.stormassets/localizeddata/sounds/vo/etc_introrespond01.ogg	4ff4a3eac37e3ddd6f0cda07e3e9b48f	28124
mods/heroes.stormmod/enus.stormassets/localizeddata/sounds/vo/etc_introrespond02.fxe	1edd858d3f5ce5e9c618d3c2a013f53b	1460
mods/heroes.stormmod/enus.stormassets/localizeddata/sounds/vo/etc_introrespond02.ogg	8fdd83e0691382f2441088183a53a7dd	20902
mods/heroes.stormmod/enus.stormassets/localizeddata/sounds/vo/etc_introresponse_deathwing00-01.fxe	e86cd164934421d973e9619878fe1f70	3586
mods/heroes.stormmod/enus.stormassets/localizeddata/sounds/vo/etc_introresponse_deathwing00-01.ogg	413f64f67c5137125065e5539889b0f0	36855
mods/heroes.stormmod/enus.stormassets/localizeddata/sounds/vo/etc_introresponse_deathwing00.fxe	909cf92a5681dd84c1bd72bf39ca475e	3183
mods/heroes.stormmod/enus.stormassets/localizeddata/sounds/vo/etc_introresponse_deathwing00.ogg	e587e2665e58f53bc71ddbbec38616a6	35058
mods/heroes.stormmod/enus.stormassets/localizeddata/sounds/vo/etc_introresponse_diablo00.fxe	8e24e21b2643e6c6b8d4415df29995a6	1708
mods/heroes.stormmod/enus.stormassets/localizeddata/sounds/vo/etc_introresponse_diablo00.ogg	20efacdce53175e8eec077a3093c770a	33959
mods/heroes.stormmod/enus.stormassets/localizeddata/sounds/vo/etc_introresponse_fairydragon00.fxe	ac4fcfd6a37a5f979799fbd6e04353cf	2305
mods/heroes.stormmod/enus.stormassets/localizeddata/sounds/vo/etc_introresponse_fairydragon00.ogg	2d443efb4c64c5e1b9dadb1d407d91be	39347
mods/heroes.stormmod/enus.stormassets/localizeddata/sounds/vo/etc_introresponse_junkrat00.fxe	7825ae4c4ddb821ea654f2798d306fcb	1661
mods/heroes.stormmod/enus.stormassets/localizeddata/sounds/vo/etc_introresponse_junkrat00.ogg	324c2957fe582f1e7287e4300a396c1e	14924
mods/heroes.stormmod/enus.stormassets/localizeddata/sounds/vo/etc_introresponse_murky00_alt.fxe	45189bb480ad6c2ad76a9596d1659ca4	1466
mods/heroes.stormmod/enus.stormassets/localizeddata/sounds/vo/etc_introresponse_murky00_alt.ogg	1af151d773a47065216ba37ed7a40773	25321
mods/heroes.stormmod/enus.stormassets/localizeddata/sounds/vo/etc_introresponse_negative00.fxe	4f2923bc1165673667cdc722cbecaa1b	3294
mods/heroes.stormmod/enus.stormassets/localizeddata/sounds/vo/etc_introresponse_negative00.ogg	3cf640f82d51a62cc2eff031c3df93d6	53688
mods/heroes.stormmod/enus.stormassets/localizeddata/sounds/vo/etc_introresponse_positive00.fxe	a40001a43a5b1b78f20e94ee3ed9ed68	2494
mods/heroes.stormmod/enus.stormassets/localizeddata/sounds/vo/etc_introresponse_positive00.ogg	3179ccd0c745f5f8c32e549fedbebf73	43076
mods/heroes.stormmod/enus.stormassets/localizeddata/sounds/vo/etc_kill00.fxe	c94e70e58ecf3197b0486f4d92293a3d	2204
mods/heroes.stormmod/enus.stormassets/localizeddata/sounds/vo/etc_kill00.ogg	a62bf0838a4bd82f4c1cd1281b86e3ce	33318
mods/heroes.stormmod/enus.stormassets/localizeddata/sounds/vo/etc_kill01.fxe	9a20c4000c2eb6bdd9e0bc61e31436f6	1676
mods/heroes.stormmod/enus.stormassets/localizeddata/sounds/vo/etc_kill01.ogg	d3987ce6725bec704c1cd0cd3bdaded7	33140
mods/heroes.stormmod/enus.stormassets/localizeddata/sounds/vo/etc_kill02.fxe	036bf7b05c621b18c8ae60e9a641255b	1372
mods/heroes.stormmod/enus.stormassets/localizeddata/sounds/vo/etc_kill02.ogg	c13d3872622b67cee7bdbb1d451c32ce	25408
mods/heroes.stormmod/enus.stormassets/localizeddata/sounds/vo/etc_kill03.fxe	8151eb3394fd13343f0c777c9c25c0fc	1724
mods/heroes.stormmod/enus.stormassets/localizeddata/sounds/vo/etc_kill03.ogg	d7fd139f718de404975b134916b9f507	33354
mods/heroes.stormmod/enus.stormassets/localizeddata/sounds/vo/etc_kill04.fxe	4b0201bc11ec5efbd816bd2c993cc26e	1788
mods/heroes.stormmod/enus.stormassets/localizeddata/sounds/vo/etc_kill04.ogg	bb0edebce9a00e37812efb871e08fbab	33146
mods/heroes.stormmod/enus.stormassets/localizeddata/sounds/vo/etc_killabathur00.fxe	5a393b21c1f137c918b9c0d16068676e	3267
mods/heroes.stormmod/enus.stormassets/localizeddata/sounds/vo/etc_killabathur00.ogg	bc88bfc9426cc9ed7627e84720080271	49067
mods/heroes.stormmod/enus.stormassets/localizeddata/sounds/vo/etc_killdiablo00.fxe	f894036d1990cf792dbaabc7fcbadae0	2738
mods/heroes.stormmod/enus.stormassets/localizeddata/sounds/vo/etc_killdiablo00.ogg	5e4b22146817fb4b09bf34171abf5445	56976
mods/heroes.stormmod/enus.stormassets/localizeddata/sounds/vo/etc_killetc00.fxe	9978276c638f039106004d0eede875c7	2223
mods/heroes.stormmod/enus.stormassets/localizeddata/sounds/vo/etc_killetc00.ogg	1c00efa8b71b4f72fc1d66fcaac4affa	29546
mods/heroes.stormmod/enus.stormassets/localizeddata/sounds/vo/etc_killmalfurion00.fxe	a9705447c9d2ae45b1860354c1ced7be	1605
mods/heroes.stormmod/enus.stormassets/localizeddata/sounds/vo/etc_killmalfurion00.ogg	7f77f7925cb3449e95bcc65ba894b50a	26868
mods/heroes.stormmod/enus.stormassets/localizeddata/sounds/vo/etc_killmurky00.fxe	503a870198c26218f8f73c84b0bcf801	1233
mods/heroes.stormmod/enus.stormassets/localizeddata/sounds/vo/etc_killmurky00.ogg	668e03bd29151d08e8f4e88f2c5ee542	23099
mods/heroes.stormmod/enus.stormassets/localizeddata/sounds/vo/etc_killskeletonking00.fxe	e8233fa09901283460d35b2acbefbe60	1480
mods/heroes.stormmod/enus.stormassets/localizeddata/sounds/vo/etc_killskeletonking00.ogg	0ab4e18e8c8f4e4c1e260fbf6c8db20e	27040
mods/heroes.stormmod/enus.stormassets/localizeddata/sounds/vo/etc_killspreeend00.fxe	f07cf544070029ef2626e1ca6851212e	2132
mods/heroes.stormmod/enus.stormassets/localizeddata/sounds/vo/etc_killspreeend00.ogg	58285a8d6e6dd6d58e8526d87a85ef0e	35884
mods/heroes.stormmod/enus.stormassets/localizeddata/sounds/vo/etc_killunknown00.fxe	d7ea3018ee388b7c315ef233a407a939	1491
mods/heroes.stormmod/enus.stormassets/localizeddata/sounds/vo/etc_killunknown00.ogg	b00f7b151e85c2135c5ca90874f1196b	31512
mods/heroes.stormmod/enus.stormassets/localizeddata/sounds/vo/etc_laugh00.fxe	194bfef7a141a24e9d98f8d55025d401	2717
mods/heroes.stormmod/enus.stormassets/localizeddata/sounds/vo/etc_laugh00.ogg	33c37b19bd9f06be81f9f6664a3b68c2	37696
mods/heroes.stormmod/enus.stormassets/localizeddata/sounds/vo/etc_laugh00_alt.ogg	a8275121b23bba23346bafcaeeb228b7	48538
mods/heroes.stormmod/enus.stormassets/localizeddata/sounds/vo/etc_lowlifeheal00.fxe	7edfaf9c23782fc971021be037489cd9	2019
mods/heroes.stormmod/enus.stormassets/localizeddata/sounds/vo/etc_lowlifeheal00.ogg	2df66c86b17ff2b2bd0d0efb46d4f2fa	30694
mods/heroes.stormmod/enus.stormassets/localizeddata/sounds/vo/etc_lowlifeheal01.fxe	557a49704608f28be2ffc282c334b309	2803
mods/heroes.stormmod/enus.stormassets/localizeddata/sounds/vo/etc_lowlifeheal01.ogg	77bf4ff452708846355a7b009a41d549	37121
mods/heroes.stormmod/enus.stormassets/localizeddata/sounds/vo/etc_lowlifeheal02.fxe	281313ef953d2a055f256f9b9d7d3982	2083
mods/heroes.stormmod/enus.stormassets/localizeddata/sounds/vo/etc_lowlifeheal02.ogg	afeef81b2e348ec8bdc6c549f1d35308	35324
mods/heroes.stormmod/enus.stormassets/localizeddata/sounds/vo/etc_lowmana00.fxe	ec44523c551b6e0e01746b77a28d3ab2	1487
mods/heroes.stormmod/enus.stormassets/localizeddata/sounds/vo/etc_lowmana00.ogg	f2ced7cb8349e793911b403f2ce64dd5	25069
mods/heroes.stormmod/enus.stormassets/localizeddata/sounds/vo/etc_lowmana01.fxe	ad27f830b60dfbf544b6f806b0b9cdfc	1519
mods/heroes.stormmod/enus.stormassets/localizeddata/sounds/vo/etc_lowmana01.ogg	339c332171d5938f78f67da51fa3f38e	28298
mods/heroes.stormmod/enus.stormassets/localizeddata/sounds/vo/etc_lowmana02.fxe	5c3101b321b814f7d549b9a43daced68	1759
mods/heroes.stormmod/enus.stormassets/localizeddata/sounds/vo/etc_lowmana02.ogg	bd16549affd666ee1904f17f0560407d	25220
mods/heroes.stormmod/enus.stormassets/localizeddata/sounds/vo/etc_matchend00.ogg	4f2f5ea7bd1fd33ffc7dcf2e901ba01d	12663
mods/heroes.stormmod/enus.stormassets/localizeddata/sounds/vo/etc_matchend01.ogg	53b8814c6ed7bb4633588c973f99b935	13056
mods/heroes.stormmod/enus.stormassets/localizeddata/sounds/vo/etc_no00.fxe	3e359e10afe6aadc5941fce5918f9d3b	1146
mods/heroes.stormmod/enus.stormassets/localizeddata/sounds/vo/etc_no00.ogg	322b1a30bb980187077b050923d9878f	16307
mods/heroes.stormmod/enus.stormassets/localizeddata/sounds/vo/etc_no01.fxe	ec986d1c8e726ed8d001a8961df04fdf	1642
mods/heroes.stormmod/enus.stormassets/localizeddata/sounds/vo/etc_no01.ogg	370315337dbe838b7c652f8a5a2c5901	23175
mods/heroes.stormmod/enus.stormassets/localizeddata/sounds/vo/etc_no02.fxe	8f43cf0d704c185b90d94cac40071d03	1866
mods/heroes.stormmod/enus.stormassets/localizeddata/sounds/vo/etc_no02.ogg	b2e1e49b89438564eef9dd56c34c5a20	31227
mods/heroes.stormmod/enus.stormassets/localizeddata/sounds/vo/etc_ping_assisthero00.fxe	77924d2830683f6e4cdc4305814906c0	1959
mods/heroes.stormmod/enus.stormassets/localizeddata/sounds/vo/etc_ping_assisthero00.ogg	2b89d1c127718634b70dbd31a957abae	28436
mods/heroes.stormmod/enus.stormassets/localizeddata/sounds/vo/etc_ping_assistme00.fxe	81a63953926db24ef34662c5ae980a38	2021
mods/heroes.stormmod/enus.stormassets/localizeddata/sounds/vo/etc_ping_assistme00.ogg	9f15a3407d37aafff4e657ba17485d59	35457
mods/heroes.stormmod/enus.stormassets/localizeddata/sounds/vo/etc_ping_assistme01.fxe	c56e7a926ce01760d06468e4d0aa0589	1541
mods/heroes.stormmod/enus.stormassets/localizeddata/sounds/vo/etc_ping_assistme01.ogg	a7f09cf0dea85cf7589f9bb74517399d	22488
mods/heroes.stormmod/enus.stormassets/localizeddata/sounds/vo/etc_ping_attackcastle00-01.fxe	f88719868c767664818ce5487fa3cf12	1564
mods/heroes.stormmod/enus.stormassets/localizeddata/sounds/vo/etc_ping_attackcastle00-01.ogg	3df34de511a4a9b0645e2d3cabbd7c19	27322
mods/heroes.stormmod/enus.stormassets/localizeddata/sounds/vo/etc_ping_attackmerc00.fxe	9f3bda565c5c038b691be5e738ee2a8a	1991
mods/heroes.stormmod/enus.stormassets/localizeddata/sounds/vo/etc_ping_attackmerc00.ogg	4298a51981f9999254b0773637901ee8	34292
mods/heroes.stormmod/enus.stormassets/localizeddata/sounds/vo/etc_ping_attackoutpost00.fxe	6e1a42bab82896f1678ae2cf20154afa	2234
mods/heroes.stormmod/enus.stormassets/localizeddata/sounds/vo/etc_ping_attackoutpost00.ogg	bf156b7388a25b99be472befa26a505e	32625
mods/heroes.stormmod/enus.stormassets/localizeddata/sounds/vo/etc_ping_attacktower00.fxe	6f103ab6113942f39f7d3e64769c842c	1944
mods/heroes.stormmod/enus.stormassets/localizeddata/sounds/vo/etc_ping_attacktower00.ogg	453072563c82823fbf9baa9d3f2090d7	30041
mods/heroes.stormmod/enus.stormassets/localizeddata/sounds/vo/etc_ping_defendcastle00-01.fxe	51ec9a56a61e1a33640ed7edd004b6d9	1580
mods/heroes.stormmod/enus.stormassets/localizeddata/sounds/vo/etc_ping_defendcastle00-01.ogg	267dbf9f4f47b8d6e36c88f8bdee6be5	20623
mods/heroes.stormmod/enus.stormassets/localizeddata/sounds/vo/etc_ping_defendoutpost00.fxe	369de1e16cc10b4e19c111acaaaaf483	1642
mods/heroes.stormmod/enus.stormassets/localizeddata/sounds/vo/etc_ping_defendoutpost00.ogg	7a71055c0a68e50da706d08825f5e49a	23627
mods/heroes.stormmod/enus.stormassets/localizeddata/sounds/vo/etc_ping_defendtower00.fxe	9ff7c0725391d42f1fd922b4029c236c	2120
mods/heroes.stormmod/enus.stormassets/localizeddata/sounds/vo/etc_ping_defendtower00.ogg	dfabe83b146a557e8ded9cec52bf7b89	29156
mods/heroes.stormmod/enus.stormassets/localizeddata/sounds/vo/etc_ping_killhero00.fxe	30eb0f3adff4f9962a81571599f126a0	1893
mods/heroes.stormmod/enus.stormassets/localizeddata/sounds/vo/etc_ping_killhero00.ogg	f7844ccb7c7afd2313568e77a84b7968	28527
mods/heroes.stormmod/enus.stormassets/localizeddata/sounds/vo/etc_pissed00.fxe	807739bf555987b3a16df10d4e6e2bb4	1289
mods/heroes.stormmod/enus.stormassets/localizeddata/sounds/vo/etc_pissed00.ogg	91b68165ff93a7060a392eeb1988426a	24055
mods/heroes.stormmod/enus.stormassets/localizeddata/sounds/vo/etc_pissed01.fxe	4a6a1e6077c8621c4188bc6be0144ff0	1353
mods/heroes.stormmod/enus.stormassets/localizeddata/sounds/vo/etc_pissed01.ogg	cf3addc40d6e4081fad55605a05343a6	24514
mods/heroes.stormmod/enus.stormassets/localizeddata/sounds/vo/etc_pissed02.fxe	6ffef4fd30dce5a94f0c79bac3e7181a	2089
mods/heroes.stormmod/enus.stormassets/localizeddata/sounds/vo/etc_pissed02.ogg	f6e8bc758131e9d270668209c5bc1c0a	44155
mods/heroes.stormmod/enus.stormassets/localizeddata/sounds/vo/etc_pissed03.fxe	c1e8f7994bfb01c938a075d748746274	1817
mods/heroes.stormmod/enus.stormassets/localizeddata/sounds/vo/etc_pissed03.ogg	dbb6414e5b47248ffac8649275cb9bc4	40176
mods/heroes.stormmod/enus.stormassets/localizeddata/sounds/vo/etc_pissed04.fxe	24d62024df08109415bb8b32d0dc2823	1801
mods/heroes.stormmod/enus.stormassets/localizeddata/sounds/vo/etc_pissed04.ogg	6b40365d876c01600e1b880d8daf2953	35976
mods/heroes.stormmod/enus.stormassets/localizeddata/sounds/vo/etc_pissed05.fxe	6840438f04be2b720967555e7d15333c	2377
mods/heroes.stormmod/enus.stormassets/localizeddata/sounds/vo/etc_pissed05.ogg	15a6c0dd09064a81e03c46d6671beb60	45122
mods/heroes.stormmod/enus.stormassets/localizeddata/sounds/vo/etc_pissed06.fxe	63e85cae5284d210aea3bd89bb3a017e	2681
mods/heroes.stormmod/enus.stormassets/localizeddata/sounds/vo/etc_pissed06.ogg	147bb671a5d97f5994403b16cb898d9f	56787
mods/heroes.stormmod/enus.stormassets/localizeddata/sounds/vo/etc_pissed07.fxe	a46306a6c868c5fb959dac66b14e348a	2393
mods/heroes.stormmod/enus.stormassets/localizeddata/sounds/vo/etc_pissed07.ogg	3d04cd3d9e0c36731c0656a773830046	77498
mods/heroes.stormmod/enus.stormassets/localizeddata/sounds/vo/etc_pissed09.fxe	256934ecde3e77ff943bec333c25fab8	2153
mods/heroes.stormmod/enus.stormassets/localizeddata/sounds/vo/etc_pissed09.ogg	a3c674194153ec8825c22c72deb28779	39864
mods/heroes.stormmod/enus.stormassets/localizeddata/sounds/vo/etc_pissed10.fxe	7e57715828758ac11906ab9c361a578f	1785
mods/heroes.stormmod/enus.stormassets/localizeddata/sounds/vo/etc_pissed10.ogg	600a5c12f01156c4d300d8e892ff94c5	58367
mods/heroes.stormmod/enus.stormassets/localizeddata/sounds/vo/etc_pissed11.fxe	ff93297cf7ff0c98d98869f0200f1716	5881
mods/heroes.stormmod/enus.stormassets/localizeddata/sounds/vo/etc_pissed11.ogg	26c40b3615621a17765e6e7d9671b9de	154471
mods/heroes.stormmod/enus.stormassets/localizeddata/sounds/vo/etc_pissed12.fxe	1159c3d98af7327e6c3bbbbb9e74e154	6937
mods/heroes.stormmod/enus.stormassets/localizeddata/sounds/vo/etc_pissed12.ogg	1de0afcc220f30c9af16f47f6ce3ee6a	164415
mods/heroes.stormmod/enus.stormassets/localizeddata/sounds/vo/etc_pissed13.fxe	3acaaf3a38996fb88b02e6dba478421e	2377
mods/heroes.stormmod/enus.stormassets/localizeddata/sounds/vo/etc_pissed13.ogg	59caccafcb892250a4785170bfc5d5d4	50644
mods/heroes.stormmod/enus.stormassets/localizeddata/sounds/vo/etc_pissed14.fxe	702c97c402c657168d3bd5e91c11cb4c	4057
mods/heroes.stormmod/enus.stormassets/localizeddata/sounds/vo/etc_pissed14.ogg	582e1339a693d5e4f1c4bce09d2681c5	97141
mods/heroes.stormmod/enus.stormassets/localizeddata/sounds/vo/etc_pissed15.fxe	aa02894cddbb3489aeff2f9fad2998fc	2361
mods/heroes.stormmod/enus.stormassets/localizeddata/sounds/vo/etc_pissed15.ogg	d3f1721a80a9879911f6398548315470	54491
mods/heroes.stormmod/enus.stormassets/localizeddata/sounds/vo/etc_pissed16.fxe	6f305e1de714383024bcd1552dcf437f	3070
mods/heroes.stormmod/enus.stormassets/localizeddata/sounds/vo/etc_pissed16.ogg	785f259aa5940872f310486f735076e2	39638
mods/heroes.stormmod/enus.stormassets/localizeddata/sounds/vo/etc_resurrected00.fxe	98140e64f99d2c277c7433790b38667f	2803
mods/heroes.stormmod/enus.stormassets/localizeddata/sounds/vo/etc_resurrected00.ogg	96accd622a07c27f9937ecead19e742a	42685
mods/heroes.stormmod/enus.stormassets/localizeddata/sounds/vo/etc_resurrected01.fxe	ac476efc07b7eb7371d16e4def9022e7	2723
mods/heroes.stormmod/enus.stormassets/localizeddata/sounds/vo/etc_resurrected01.ogg	efb5f05e427c91dbbdc660a893e38ff5	44357
mods/heroes.stormmod/enus.stormassets/localizeddata/sounds/vo/etc_revive00.fxe	8d04fa9445b9a4788868d01e51eaf764	1870
mods/heroes.stormmod/enus.stormassets/localizeddata/sounds/vo/etc_revive00.ogg	e917973561efc3ea003519582cb42cf2	26845
mods/heroes.stormmod/enus.stormassets/localizeddata/sounds/vo/etc_revive01.fxe	79ce823cf45de9312b798075336a5fd2	2238
mods/heroes.stormmod/enus.stormassets/localizeddata/sounds/vo/etc_revive01.ogg	1f1f44e3d860dd3e079e0d960a47544d	36810
mods/heroes.stormmod/enus.stormassets/localizeddata/sounds/vo/etc_revive02.fxe	832f5d5f2ee2757c229ee44150d2d5c6	1758
mods/heroes.stormmod/enus.stormassets/localizeddata/sounds/vo/etc_revive02.ogg	3f51df42aaab4e648c6e8cdfdc036ee6	28749
mods/heroes.stormmod/enus.stormassets/localizeddata/sounds/vo/etc_spec00.fxe	5c57a58067a379c52f1bcc9cd5a73a01	1356
mods/heroes.stormmod/enus.stormassets/localizeddata/sounds/vo/etc_spec00.ogg	bf5ebb073854ba463b9f78b219c07f19	25716
mods/heroes.stormmod/enus.stormassets/localizeddata/sounds/vo/etc_spec01.fxe	ff880eced40554280ed94d1d058e5247	1404
mods/heroes.stormmod/enus.stormassets/localizeddata/sounds/vo/etc_spec01.ogg	6d235824720fefdffb9276566b30dd7e	22534
mods/heroes.stormmod/enus.stormassets/localizeddata/sounds/vo/etc_spec02.fxe	dd0032f87becc5a6c1afb63a9f9af3a6	1372
mods/heroes.stormmod/enus.stormassets/localizeddata/sounds/vo/etc_spec02.ogg	316e719b2ac05f188e632275d7de3245	27244
mods/heroes.stormmod/enus.stormassets/localizeddata/sounds/vo/etc_spec03.fxe	5aba6289783229dc2b3c350814fc1c21	1788
mods/heroes.stormmod/enus.stormassets/localizeddata/sounds/vo/etc_spec03.ogg	91e7cf464c18ce955ffa12e7c4e249fc	27982
mods/heroes.stormmod/enus.stormassets/localizeddata/sounds/vo/etc_spec04.fxe	408dc37d47cba3a13b26a3cbe684647d	1900
mods/heroes.stormmod/enus.stormassets/localizeddata/sounds/vo/etc_spec04.ogg	1d285fd51c1748532e2bc5efffd70523	29776
mods/heroes.stormmod/enus.stormassets/localizeddata/sounds/vo/etc_taunt00.fxe	b7b2fb7bc01aff34a434b3a98e799892	1757
mods/heroes.stormmod/enus.stormassets/localizeddata/sounds/vo/etc_taunt00.ogg	c5d6528097f10a7ed293ffb647d0cd51	28052
mods/heroes.stormmod/enus.stormassets/localizeddata/sounds/vo/etc_taunt01-01.fxe	98e87af8cf38fbee5bdeabfd9b4b7e05	4144
mods/heroes.stormmod/enus.stormassets/localizeddata/sounds/vo/etc_taunt01-01.ogg	e0f2b3efec75db0ec9721fbc2f0f8ea2	55956
mods/heroes.stormmod/enus.stormassets/localizeddata/sounds/vo/etc_taunt02.fxe	4869caf7fc02dda2ca3448b94e2be550	2205
mods/heroes.stormmod/enus.stormassets/localizeddata/sounds/vo/etc_taunt02.ogg	e134e2687f31f1db301cfcf4e72f56e1	31596
mods/heroes.stormmod/enus.stormassets/localizeddata/sounds/vo/etc_teamkilled00.fxe	dabf3847e58da62aa313beaeb8b6fa6c	1362
mods/heroes.stormmod/enus.stormassets/localizeddata/sounds/vo/etc_teamkilled00.ogg	ad0a7c5d1943b883d6e26f6335b2fd8e	22555
mods/heroes.stormmod/enus.stormassets/localizeddata/sounds/vo/etc_ui_exlocked00.fxe	bcf1dd9c6b5f329540211c86a2398826	1166
mods/heroes.stormmod/enus.stormassets/localizeddata/sounds/vo/etc_ui_exlocked00.ogg	83c340d80d1d8b3c71eac3932febe2f4	20260
mods/heroes.stormmod/enus.stormassets/localizeddata/sounds/vo/etc_ui_expurchased00.fxe	ddda53dde268cea6f33552f22075cb59	1489
mods/heroes.stormmod/enus.stormassets/localizeddata/sounds/vo/etc_ui_expurchased00.ogg	a9d238906503ad1312d841179af69623	34684
mods/heroes.stormmod/enus.stormassets/localizeddata/sounds/vo/etc_ui_gift00.fxe	9a1f0488d304c0d3177c50caf24daf8a	1551
mods/heroes.stormmod/enus.stormassets/localizeddata/sounds/vo/etc_ui_gift00.ogg	b3871c8aa001e19f2d1d075dfe8edd9f	24793
mods/heroes.stormmod/enus.stormassets/localizeddata/sounds/vo/etc_ui_lockin00.fxe	4b31db95323b3986a0e965f9a0c9caab	1612
mods/heroes.stormmod/enus.stormassets/localizeddata/sounds/vo/etc_ui_lockin00.ogg	9a1b640d7335ebf0c2128e5e3277f5d3	28281
mods/heroes.stormmod/enus.stormassets/localizeddata/sounds/vo/etc_ui_purchase00.fxe	947271ec316d57ceb93455911b3dcd62	1966
mods/heroes.stormmod/enus.stormassets/localizeddata/sounds/vo/etc_ui_purchase00.ogg	05b47acf90325a62650c2c7898fddcdb	36999
mods/heroes.stormmod/enus.stormassets/localizeddata/sounds/vo/etc_ui_trial00.fxe	26e47e0e04bba63028cf9058f49a4de5	2864
mods/heroes.stormmod/enus.stormassets/localizeddata/sounds/vo/etc_ui_trial00.ogg	e16ca045ad29781b24d696caa0de506d	43606
mods/heroes.stormmod/enus.stormassets/localizeddata/sounds/vo/etc_ui_trial01.fxe	83c6582b34227d8cc3767465d26e8d59	3008
mods/heroes.stormmod/enus.stormassets/localizeddata/sounds/vo/etc_ui_trial01.ogg	2316405f186bdb1eb8606176d4c9ec3f	35866
mods/heroes.stormmod/enus.stormassets/localizeddata/sounds/vo/etc_ui_waitlocked00-01.fxe	3252858163a71580cbf8272a3d417ffe	1955
mods/heroes.stormmod/enus.stormassets/localizeddata/sounds/vo/etc_ui_waitlocked00-01.ogg	f367f71bb237923b3c3b0b5bdbef300f	31605
mods/heroes.stormmod/enus.stormassets/localizeddata/sounds/vo/etc_ui_waitlocked01.fxe	82c19363de24887cd3409b6664fd3741	1488
mods/heroes.stormmod/enus.stormassets/localizeddata/sounds/vo/etc_ui_waitlocked01.ogg	61a5a1d59ad4d2577027f3b15021e494	28094
mods/heroes.stormmod/enus.stormassets/localizeddata/sounds/vo/etc_ui_waitpurchased00.fxe	5ef569646eda0fc2e7f49d99499b1e1b	1987
mods/heroes.stormmod/enus.stormassets/localizeddata/sounds/vo/etc_ui_waitpurchased00.ogg	279c62d214c14eef88587445c614f400	38690
mods/heroes.stormmod/enus.stormassets/localizeddata/sounds/vo/etc_ui_waitpurchased01.fxe	7ef6e8f57ecd8b51fddf74245aba1fcd	1763
mods/heroes.stormmod/enus.stormassets/localizeddata/sounds/vo/etc_ui_waitpurchased01.ogg	c654fc8c991e1e943c153f23e29e33c7	41417
mods/heroes.stormmod/enus.stormassets/localizeddata/sounds/vo/etc_ultimate1used00.fxe	413ca9658de6ca002088bea1901ec322	1509
mods/heroes.stormmod/enus.stormassets/localizeddata/sounds/vo/etc_ultimate1used00.ogg	fb3789efc5939abe05921aa27e52bbe7	30043
mods/heroes.stormmod/enus.stormassets/localizeddata/sounds/vo/etc_ultimate1used01.fxe	f770c3e89861748f2b9ce7a3bae183d8	1589
mods/heroes.stormmod/enus.stormassets/localizeddata/sounds/vo/etc_ultimate1used01.ogg	ef25b1c64b6d61193de55478bc0c7dc9	34777
mods/heroes.stormmod/enus.stormassets/localizeddata/sounds/vo/etc_ultimate1used02.fxe	bbca06c5b5281643e6dfeaf6afaeff30	1429
mods/heroes.stormmod/enus.stormassets/localizeddata/sounds/vo/etc_ultimate1used02.ogg	a8193f83e53149ac2fba2fc954d57438	32353
mods/heroes.stormmod/enus.stormassets/localizeddata/sounds/vo/etc_ultimate2used00.fxe	a0668c562e0af3795d7aae946fd6167d	2117
mods/heroes.stormmod/enus.stormassets/localizeddata/sounds/vo/etc_ultimate2used00.ogg	1b7d7ae63022421aab03793e8fc59301	45066
mods/heroes.stormmod/enus.stormassets/localizeddata/sounds/vo/etc_ultimate2used01.fxe	346668f23e43f48e67f3cd57f1bb5ee1	1909
mods/heroes.stormmod/enus.stormassets/localizeddata/sounds/vo/etc_ultimate2used01.ogg	d179b71e185db661068e85fdf157ad8f	35930
mods/heroes.stormmod/enus.stormassets/localizeddata/sounds/vo/etc_ultimate2used02.fxe	a208b34c353741707044e9957e3f6102	2421
mods/heroes.stormmod/enus.stormassets/localizeddata/sounds/vo/etc_ultimate2used02.ogg	cd367a0fbff3c8cd16fe849ea6070b7b	37782
mods/heroes.stormmod/enus.stormassets/localizeddata/sounds/vo/etc_ultimate2used03.fxe	58d00e104b9acbfe806c60a026544e57	2373
mods/heroes.stormmod/enus.stormassets/localizeddata/sounds/vo/etc_ultimate2used03.ogg	b2774d43ca33c8dceaaa90195a70ba13	33384
mods/heroes.stormmod/enus.stormassets/localizeddata/sounds/vo/etc_voicelinefive00.fxe	c838a81473a30412b4caed0ce0601335	1365
mods/heroes.stormmod/enus.stormassets/localizeddata/sounds/vo/etc_voicelinefive00.ogg	8a37773973024505655e283fe6663f44	20598
mods/heroes.stormmod/enus.stormassets/localizeddata/sounds/vo/etc_voicelinefour00.fxe	541b2e8d1d215319ee5322d74b6c553d	1493
mods/heroes.stormmod/enus.stormassets/localizeddata/sounds/vo/etc_voicelinefour00.ogg	f24f545223b8e85d528bd67062d1020c	22551
mods/heroes.stormmod/enus.stormassets/localizeddata/sounds/vo/etc_voicelineone00.fxe	5ddbaabe351f51591f45f06d95cda8e5	1172
mods/heroes.stormmod/enus.stormassets/localizeddata/sounds/vo/etc_voicelineone00.ogg	56ff0051a7daa3312842b2e8030c2172	13092
mods/heroes.stormmod/enus.stormassets/localizeddata/sounds/vo/etc_voicelinethree00.fxe	adbd18abd2aa2745274ea012f312be71	2870
mods/heroes.stormmod/enus.stormassets/localizeddata/sounds/vo/etc_voicelinethree00.ogg	c7de30e707a6dde78fe30155102a56bc	29229
mods/heroes.stormmod/enus.stormassets/localizeddata/sounds/vo/etc_voicelinetwo00.fxe	4249971b3e7bac1db03fd5c9419dc013	1652
mods/heroes.stormmod/enus.stormassets/localizeddata/sounds/vo/etc_voicelinetwo00.ogg	324c2957fe582f1e7287e4300a396c1e	14924
mods/heroes.stormmod/enus.stormassets/localizeddata/sounds/vo/etc_vox_attack01.fxe	3b310bf992ba7f8e43b5c37fb9c9edc8	1202
mods/heroes.stormmod/enus.stormassets/localizeddata/sounds/vo/etc_vox_attack01.ogg	3f2e5e2cf7fce026d58b4c0548ef4cb6	12410
mods/heroes.stormmod/enus.stormassets/localizeddata/sounds/vo/etc_vox_attack02.fxe	2e300534e75dfbc9a715365782915a16	1362
mods/heroes.stormmod/enus.stormassets/localizeddata/sounds/vo/etc_vox_attack02.ogg	bda26694da9f21548cb7531bb54a6522	12949
mods/heroes.stormmod/enus.stormassets/localizeddata/sounds/vo/etc_vox_attack03.fxe	35257e812fcf53895860dc879bb607e2	1298
mods/heroes.stormmod/enus.stormassets/localizeddata/sounds/vo/etc_vox_attack03.ogg	8fa32a310179acb4bca86b15294345b7	13317
mods/heroes.stormmod/enus.stormassets/localizeddata/sounds/vo/etc_vox_attack05.fxe	af0aaa2e059b740cd17f8285efa7c41b	1330
mods/heroes.stormmod/enus.stormassets/localizeddata/sounds/vo/etc_vox_attack05.ogg	dfd0d1c7514d2bf57897bc850c5287f8	11744
mods/heroes.stormmod/enus.stormassets/localizeddata/sounds/vo/etc_vox_attack06.fxe	4c6085fc89bf0ed2ebed31ac2bae3d8a	1314
mods/heroes.stormmod/enus.stormassets/localizeddata/sounds/vo/etc_vox_attack06.ogg	1c635ea3f2dab9b16b698431e283ca75	11865
mods/heroes.stormmod/enus.stormassets/localizeddata/sounds/vo/etc_vox_attack07.ogg	1c200ab2f0d6754a7415e208e2813bef	9953
mods/heroes.stormmod/enus.stormassets/localizeddata/sounds/vo/etc_vox_attack10.fxe	b29bc42258cbcb259e0e5206093d7a8a	1314
mods/heroes.stormmod/enus.stormassets/localizeddata/sounds/vo/etc_vox_attack10.ogg	962676efc98a2853a72570b87b629aac	11981
mods/heroes.stormmod/enus.stormassets/localizeddata/sounds/vo/etc_vox_attack11.fxe	fef3cdc8da0a46a82f73a314004bb607	1922
mods/heroes.stormmod/enus.stormassets/localizeddata/sounds/vo/etc_vox_attack11.ogg	ad597f73637650815f96593fc019c613	20791
mods/heroes.stormmod/enus.stormassets/localizeddata/sounds/vo/etc_vox_casting00.fxe	b0afa91a37d05780ee88186103d9f0a2	1203
mods/heroes.stormmod/enus.stormassets/localizeddata/sounds/vo/etc_vox_casting00.ogg	6a399458590a180e5127cff878f7ef66	13977
mods/heroes.stormmod/enus.stormassets/localizeddata/sounds/vo/etc_vox_casting01.fxe	4ae0ff8f10c7e351312ec563e863be14	1075
mods/heroes.stormmod/enus.stormassets/localizeddata/sounds/vo/etc_vox_casting01.ogg	deb67729611dae733f23aa86926fb7cd	15221
mods/heroes.stormmod/enus.stormassets/localizeddata/sounds/vo/etc_vox_casting02.fxe	7c56b7ecdc429a06b215626145b183f9	1347
mods/heroes.stormmod/enus.stormassets/localizeddata/sounds/vo/etc_vox_casting02.ogg	28a0e3de69d463423a18454875662b07	15183
mods/heroes.stormmod/enus.stormassets/localizeddata/sounds/vo/etc_vox_casting03.fxe	09b6b8f9d6103b7e9b51a48417a1fcfd	1411
mods/heroes.stormmod/enus.stormassets/localizeddata/sounds/vo/etc_vox_casting03.ogg	2cb6c4541c62cbba31dcd6001c457a95	16030
mods/heroes.stormmod/enus.stormassets/localizeddata/sounds/vo/etc_vox_casting04.ogg	ccfe54e32c60fa2ab55159c26cf40d04	15001
mods/heroes.stormmod/enus.stormassets/localizeddata/sounds/vo/etc_vox_casting05.fxe	75858aa51bbfd87f12549009b6acfc38	1299
mods/heroes.stormmod/enus.stormassets/localizeddata/sounds/vo/etc_vox_casting05.ogg	7e42c670aae6b413dc07b0c47d0bbe01	13234
mods/heroes.stormmod/enus.stormassets/localizeddata/sounds/vo/etc_vox_casting06.fxe	6ea64a040fed71477cd7bf87b8070cf9	1347
mods/heroes.stormmod/enus.stormassets/localizeddata/sounds/vo/etc_vox_casting06.ogg	1edda3d7eeaf43ec47190f72cc5245ea	13034
mods/heroes.stormmod/enus.stormassets/localizeddata/sounds/vo/etc_vox_casting07.ogg	d88eee21959d05aec8d943fce5adce07	12393
mods/heroes.stormmod/enus.stormassets/localizeddata/sounds/vo/etc_vox_cheer00_01.fxe	41c7ddddc453bbe10989558ba3344605	1828
mods/heroes.stormmod/enus.stormassets/localizeddata/sounds/vo/etc_vox_cheer00_01.ogg	65b5c85fc76700fd0959531bd481686a	26972
mods/heroes.stormmod/enus.stormassets/localizeddata/sounds/vo/etc_vox_cheer00_02.fxe	7dbdd9db4cba20037cbd039f1fa88200	1540
mods/heroes.stormmod/enus.stormassets/localizeddata/sounds/vo/etc_vox_cheer00_02.ogg	1003936589c043cba89a753275d2e783	14961
mods/heroes.stormmod/enus.stormassets/localizeddata/sounds/vo/etc_vox_cheer00_03.fxe	11747612f2acbc62f52ee40be4517bd6	1876
mods/heroes.stormmod/enus.stormassets/localizeddata/sounds/vo/etc_vox_cheer00_03.ogg	314e08d476ca31d842db110f8c0d7695	18221
mods/heroes.stormmod/enus.stormassets/localizeddata/sounds/vo/etc_vox_gethit00.fxe	670f300ce990313f56dcd359df054deb	1250
mods/heroes.stormmod/enus.stormassets/localizeddata/sounds/vo/etc_vox_gethit00.ogg	d3e818fa0da9dd00cfb3a06b264c8433	10710
mods/heroes.stormmod/enus.stormassets/localizeddata/sounds/vo/etc_vox_gethit01.fxe	88f3e6e807b25162eaf8c9213651a977	1074
mods/heroes.stormmod/enus.stormassets/localizeddata/sounds/vo/etc_vox_gethit01.ogg	93bfd6381ca19ba13e744e9f078386d5	11921
mods/heroes.stormmod/enus.stormassets/localizeddata/sounds/vo/etc_vox_gethit02.fxe	42480cb8c8ae7a4d564c5fd108ca85ca	1090
mods/heroes.stormmod/enus.stormassets/localizeddata/sounds/vo/etc_vox_gethit02.ogg	fc3b4ba26c2e12e9d5cd09abc5e39dee	11376
mods/heroes.stormmod/enus.stormassets/localizeddata/sounds/vo/etc_vox_gethit03.fxe	827ff142606a970da49c580585183a51	1506
mods/heroes.stormmod/enus.stormassets/localizeddata/sounds/vo/etc_vox_gethit03.ogg	7c1db343d43dcfa516633a05f2d6b457	11177
mods/heroes.stormmod/enus.stormassets/localizeddata/sounds/vo/etc_vox_gethit04.fxe	da1cac4348ecc190ec9c7e0fa5b7e926	1154
mods/heroes.stormmod/enus.stormassets/localizeddata/sounds/vo/etc_vox_gethit04.ogg	fe565cf13ecaf8ea3a3bceb3ea639edd	10508
mods/heroes.stormmod/enus.stormassets/localizeddata/sounds/vo/etc_vox_gethit05.ogg	92f2c0a294bb16ab1459285e18cba736	9617
mods/heroes.stormmod/enus.stormassets/localizeddata/sounds/vo/etc_vox_gethit06.ogg	eef880f9e9c9d7bdb5caa3076474b008	12114
mods/heroes.stormmod/enus.stormassets/localizeddata/sounds/vo/etc_vox_gethit07.fxe	fcfeaca370903e6419db1046323270c0	1458
mods/heroes.stormmod/enus.stormassets/localizeddata/sounds/vo/etc_vox_gethit07.ogg	d8f50aa7dfb646e903640f9b6e6a21c4	13517
mods/heroes.stormmod/enus.stormassets/localizeddata/sounds/vo/etc_vox_gethit08.fxe	ba0a931eb10a07a717e67fd9f055c3b1	1218
mods/heroes.stormmod/enus.stormassets/localizeddata/sounds/vo/etc_vox_gethit08.ogg	4f33d2034491d249a710521aceaa086c	11835
mods/heroes.stormmod/enus.stormassets/localizeddata/sounds/vo/etc_vox_gethit09.fxe	c109da3d17e8f0381868c2532ded5b12	1234
mods/heroes.stormmod/enus.stormassets/localizeddata/sounds/vo/etc_vox_gethit09.ogg	5ed2f63c136ce30898ea637b3ead412c	11494
mods/heroes.stormmod/enus.stormassets/localizeddata/sounds/vo/etc_vox_gethit10.ogg	3ac3763c5797b1400c3d1b29e1a846f7	10441
mods/heroes.stormmod/enus.stormassets/localizeddata/sounds/vo/etc_vox_gethit11.fxe	0d1a825693e60e5144f0bf8f8c731767	1538
mods/heroes.stormmod/enus.stormassets/localizeddata/sounds/vo/etc_vox_gethit11.ogg	5b168c50745742645c3364eb98c5523a	17037
mods/heroes.stormmod/enus.stormassets/localizeddata/sounds/vo/etc_vox_gethit12.ogg	fc81cd0aeb6dd045b597e33cb982ec78	12575
mods/heroes.stormmod/enus.stormassets/localizeddata/sounds/vo/etc_vox_gethit13.ogg	9aefdb457d0c7274fcbcbc955a7631bf	13250
mods/heroes.stormmod/enus.stormassets/localizeddata/sounds/vo/etc_vox_gethit14.ogg	5d1b61e9dee759c9dbac97da46e47de1	13424
mods/heroes.stormmod/enus.stormassets/localizeddata/sounds/vo/etc_vox_pulled00.fxe	fdc5463270ac86de35f382a6fabe0788	1346
mods/heroes.stormmod/enus.stormassets/localizeddata/sounds/vo/etc_vox_pulled00.ogg	a2b61c1c1cde4df4e1cd1cdc5b6d5d4c	13203
mods/heroes.stormmod/enus.stormassets/localizeddata/sounds/vo/etc_vox_pulled01.fxe	562c48a43847f2e570c08dccad962502	1490
mods/heroes.stormmod/enus.stormassets/localizeddata/sounds/vo/etc_vox_pulled01.ogg	5a5e0727076bd9c1e4f17785e171530d	14512
mods/heroes.stormmod/enus.stormassets/localizeddata/sounds/vo/etc_vox_pulled02.fxe	791cb27948925294a5bee129a7499a78	1026
mods/heroes.stormmod/enus.stormassets/localizeddata/sounds/vo/etc_vox_pulled02.ogg	3e5a83efca87166c030bbc3e58ceaa54	13942
mods/heroes.stormmod/enus.stormassets/localizeddata/sounds/vo/etc_vox_pulled03.fxe	3c5c0633096a227ba718aff12a5952eb	1218
mods/heroes.stormmod/enus.stormassets/localizeddata/sounds/vo/etc_vox_pulled03.ogg	3099c60e74c9142c081d4c3cdc9914ac	10611
mods/heroes.stormmod/enus.stormassets/localizeddata/sounds/vo/etc_vox_pulled04.fxe	957df563c5d5af4314bb1f8a0cec0789	1554
mods/heroes.stormmod/enus.stormassets/localizeddata/sounds/vo/etc_vox_pulled04.ogg	2377caa7399235e8bdc22b3bd42ce8ca	14135
mods/heroes.stormmod/enus.stormassets/localizeddata/sounds/vo/etc_vox_pulled05.ogg	74fc40bdfee288aa59c73ceafcf9d9b8	12542
mods/heroes.stormmod/enus.stormassets/localizeddata/sounds/vo/etc_vox_pulled06.ogg	1c78b1cdde9e59eca3923b6ec6029059	12451
mods/heroes.stormmod/enus.stormassets/localizeddata/sounds/vo/etc_vox_pulled07.ogg	baf3751a5729b7ea79b2923ae4e3885a	14352
mods/heroes.stormmod/enus.stormassets/localizeddata/sounds/vo/etc_vox_pulled08.ogg	5bdb3ac2375727aa4e1570990b9c830e	8957
mods/heroes.stormmod/enus.stormassets/localizeddata/sounds/vo/etc_vox_pulled09.ogg	a3068fb1fa0304038668c10218420204	10583
mods/heroes.stormmod/enus.stormassets/localizeddata/sounds/vo/etc_vox_pulled10.ogg	0ef515db0abf3fe78beb1b2462937a5b	14560
mods/heroes.stormmod/enus.stormassets/localizeddata/sounds/vo/etc_worthit00.fxe	0cd4f422366583e2442b51ce1397640d	1391
mods/heroes.stormmod/enus.stormassets/localizeddata/sounds/vo/etc_worthit00.ogg	85115d0a01e2e57300a8270e6c74aa13	23839
mods/heroes.stormmod/enus.stormassets/localizeddata/sounds/vo/etc_worthit01.fxe	e7b3d40c8125ea1d6ebaa510b3d4806b	1151
mods/heroes.stormmod/enus.stormassets/localizeddata/sounds/vo/etc_worthit01.ogg	4b7426ab1e962ee1bf73b6256a6b007f	22563
mods/heroes.stormmod/enus.stormassets/localizeddata/sounds/vo/etc_yes00.fxe	51aea354e1912c4eec2bec4de4774302	1174
mods/heroes.stormmod/enus.stormassets/localizeddata/sounds/vo/etc_yes00.ogg	5250e519989f84de7a685dfd654fff8f	21410
mods/heroes.stormmod/enus.stormassets/localizeddata/sounds/vo/etc_yes01.fxe	19e41a10b48c5ef45b9c70580b9a4c64	1014
mods/heroes.stormmod/enus.stormassets/localizeddata/sounds/vo/etc_yes01.ogg	4e2e6e667d1a7d1257425312509cb8c2	19530
mods/heroes.stormmod/enus.stormassets/localizeddata/sounds/vo/etc_yes02.fxe	59bdd7dca946f444fad0801d1941733f	886
mods/heroes.stormmod/enus.stormassets/localizeddata/sounds/vo/etc_yes02.ogg	f777acc656aa552270004bf5cdfde82e	21855
mods/heroes.stormmod/enus.stormassets/localizeddata/sounds/vo/etc_yes03.fxe	b9518e4cae3b4596f997844834d66fe2	1638
mods/heroes.stormmod/enus.stormassets/localizeddata/sounds/vo/etc_yes03.ogg	16ca837ba00232fa4ffac40e6391e0a7	26409
mods/heroes.stormmod/enus.stormassets/localizeddata/sounds/vo/etc_yes04.fxe	b996f93321e2e5f3480a4cde581d7d70	1222
mods/heroes.stormmod/enus.stormassets/localizeddata/sounds/vo/etc_yes04.ogg	a399571269d377c013e186a6df4638e6	26086
mods/heroes.stormmod/enus.stormassets/localizeddata/sounds/vo/etc_yes05.fxe	a0b14466a37dbc0b04bdd4c4420d60a1	1110
mods/heroes.stormmod/enus.stormassets/localizeddata/sounds/vo/etc_yes05.ogg	debf88f3456afdd2fc0d923a9dff2e6c	22188
mods/heroes.stormmod/enus.stormassets/localizeddata/sounds/vo/etc_yes06.fxe	f6f6d415fbb0fd41fbf894249c885b96	1430
mods/heroes.stormmod/enus.stormassets/localizeddata/sounds/vo/etc_yes06.ogg	14e158dcf652488ad05c909ed9cb477f	28517
mods/heroes.stormmod/enus.stormassets/localizeddata/sounds/vo/etc_yes07.fxe	327cc5a2c75677359cf737316c7a6bc3	1142
mods/heroes.stormmod/enus.stormassets/localizeddata/sounds/vo/etc_yes07.ogg	e468305aa64a0fc37435ca7be8e7f197	24673
mods/heroes.stormmod/enus.stormassets/localizeddata/sounds/vo/etc_yes08.fxe	ceefaccf2d14c1fc3a424c95121ba13e	1574
mods/heroes.stormmod/enus.stormassets/localizeddata/sounds/vo/etc_yes08.ogg	f6d5b65cd6cdc83df3f0465e56a9e19d	27772
mods/heroes.stormmod/enus.stormassets/localizeddata/sounds/vo/etca_castleattack_blue00.fxe	972113d6d55b1534d69e4db92644f3d6	2522
mods/heroes.stormmod/enus.stormassets/localizeddata/sounds/vo/etca_castleattack_blue00.ogg	b7074c37a0f4461af49c1c084f97a75d	44459
mods/heroes.stormmod/enus.stormassets/localizeddata/sounds/vo/etca_castleattack_red00.fxe	9ea5f52f78525d1a033467ad36ad90c5	2521
mods/heroes.stormmod/enus.stormassets/localizeddata/sounds/vo/etca_castleattack_red00.ogg	8698af0c0f45280025e5f0b3afb50e09	42516
mods/heroes.stormmod/enus.stormassets/localizeddata/sounds/vo/etca_castleattackally00.fxe	dca97fdf2bd4b8eeedc0bd4d80b1bc36	2329
mods/heroes.stormmod/enus.stormassets/localizeddata/sounds/vo/etca_castleattackally00.ogg	46a4196bb81e5189133e73a896c7c3c4	37676
mods/heroes.stormmod/enus.stormassets/localizeddata/sounds/vo/etca_castleattackally01.fxe	106a8730bb4840f7e4295b29f0b63103	3257
mods/heroes.stormmod/enus.stormassets/localizeddata/sounds/vo/etca_castleattackally01.ogg	1d9e954cfaef38212544d27abfa13fba	58054
mods/heroes.stormmod/enus.stormassets/localizeddata/sounds/vo/etca_countdown10sec00.fxe	91fa10137dfed40283d1f68fb31d05a3	1335
mods/heroes.stormmod/enus.stormassets/localizeddata/sounds/vo/etca_countdown10sec00.ogg	8760ca7e6d7ef448d343894f0550b458	22069
mods/heroes.stormmod/enus.stormassets/localizeddata/sounds/vo/etca_countdown1sec00.fxe	0face6b8b0a8d66b0e2a079349d5c586	854
mods/heroes.stormmod/enus.stormassets/localizeddata/sounds/vo/etca_countdown1sec00.ogg	8a6b2c5693bcb4a2d621deb24a9ade92	21926
mods/heroes.stormmod/enus.stormassets/localizeddata/sounds/vo/etca_countdown2sec00.fxe	c1a698f78e9cf460cc591dd0c9fdef68	902
mods/heroes.stormmod/enus.stormassets/localizeddata/sounds/vo/etca_countdown2sec00.ogg	7a7ea7336b0fb4f231b87cf506ba4d63	16895
mods/heroes.stormmod/enus.stormassets/localizeddata/sounds/vo/etca_countdown3sec00.fxe	537abf14159120b79f7e312198c20239	998
mods/heroes.stormmod/enus.stormassets/localizeddata/sounds/vo/etca_countdown3sec00.ogg	b2aef94c60266b3672c6f66754031708	18280
mods/heroes.stormmod/enus.stormassets/localizeddata/sounds/vo/etca_countdown4sec00.fxe	697f0cfcb85242be9b75813cd7402799	726
mods/heroes.stormmod/enus.stormassets/localizeddata/sounds/vo/etca_countdown4sec00.ogg	bbad0283f817ada10ac00a5d0f3fcf69	17048
mods/heroes.stormmod/enus.stormassets/localizeddata/sounds/vo/etca_countdown5sec00.fxe	e2541a3739709178f607808830a1b1ae	838
mods/heroes.stormmod/enus.stormassets/localizeddata/sounds/vo/etca_countdown5sec00.ogg	1285643f9350efcaa179b23063ce2202	19957
mods/heroes.stormmod/enus.stormassets/localizeddata/sounds/vo/etca_countdownremain00.fxe	ba264da5b2b593fe72ba7ed8ccf31a1c	1656
mods/heroes.stormmod/enus.stormassets/localizeddata/sounds/vo/etca_countdownremain00.ogg	7dbde113045725ca17195fd4c0054508	24821
mods/heroes.stormmod/enus.stormassets/localizeddata/sounds/vo/etca_doublekill00.fxe	e3156cddb681ade19b58505e492a63a5	931
mods/heroes.stormmod/enus.stormassets/localizeddata/sounds/vo/etca_doublekill00.ogg	5e481b89684b708f3ffc6fe7be5c00b0	20336
mods/heroes.stormmod/enus.stormassets/localizeddata/sounds/vo/etca_doublekill01.fxe	d1495516685f79972980226a86eee51e	963
mods/heroes.stormmod/enus.stormassets/localizeddata/sounds/vo/etca_doublekill01.ogg	a059f7bf18a892649eb0b6bf46ec688b	20139
mods/heroes.stormmod/enus.stormassets/localizeddata/sounds/vo/etca_doublekill02.fxe	afbddca74065da11c3f9ae033113f752	883
mods/heroes.stormmod/enus.stormassets/localizeddata/sounds/vo/etca_doublekill02.ogg	5a9f9d02f351952e3cbe8a0aaa6e90f7	20406
mods/heroes.stormmod/enus.stormassets/localizeddata/sounds/vo/etca_ending_blue00.fxe	6baa34a8abde648af81fb2f4b7c12fb2	1652
mods/heroes.stormmod/enus.stormassets/localizeddata/sounds/vo/etca_ending_blue00.ogg	7229e0b465daa1812cd88fad8e4a5f88	30468
mods/heroes.stormmod/enus.stormassets/localizeddata/sounds/vo/etca_ending_red00.fxe	36f72e8cc6baf97de0129e04bccd64a5	1715
mods/heroes.stormmod/enus.stormassets/localizeddata/sounds/vo/etca_ending_red00.ogg	428f818dd9bfea4bfb1ba7c20508f1ff	30310
mods/heroes.stormmod/enus.stormassets/localizeddata/sounds/vo/etca_endinglose00.fxe	58c66cd0ef431f63f31eb14b138aced7	1091
mods/heroes.stormmod/enus.stormassets/localizeddata/sounds/vo/etca_endinglose00.ogg	69cc265e8da510ad3aaccd5fccd5e0ec	17012
mods/heroes.stormmod/enus.stormassets/localizeddata/sounds/vo/etca_endinglose01.fxe	d7670bd4c43de53ebbc0eb613e4440e2	3491
mods/heroes.stormmod/enus.stormassets/localizeddata/sounds/vo/etca_endinglose01.ogg	d531c80f8d1c5f5fad2fc58612f463c1	50679
mods/heroes.stormmod/enus.stormassets/localizeddata/sounds/vo/etca_endinglose02.fxe	b81fb27a08af69068fe7b26b3147070b	1859
mods/heroes.stormmod/enus.stormassets/localizeddata/sounds/vo/etca_endinglose02.ogg	395dd18751ec8d61ed142a263ccd408c	29290
mods/heroes.stormmod/enus.stormassets/localizeddata/sounds/vo/etca_endingwin00.fxe	63f97d1d09d6b88b753fdc1c5c6251d4	1234
mods/heroes.stormmod/enus.stormassets/localizeddata/sounds/vo/etca_endingwin00.ogg	27b96817e1ac62d04118ead370114f3f	29135
mods/heroes.stormmod/enus.stormassets/localizeddata/sounds/vo/etca_endingwin01.fxe	d9098963fa28e53f6be905b7f7fad1fe	1538
mods/heroes.stormmod/enus.stormassets/localizeddata/sounds/vo/etca_endingwin01.ogg	8af69e95149c2f895c51e60e89852123	33725
mods/heroes.stormmod/enus.stormassets/localizeddata/sounds/vo/etca_endingwin02.fxe	ace74228b5751aa51f267b13275d6664	1122
mods/heroes.stormmod/enus.stormassets/localizeddata/sounds/vo/etca_endingwin02.ogg	c97e3010b142d00f37747cd20d011658	27877
mods/heroes.stormmod/enus.stormassets/localizeddata/sounds/vo/etca_firstblood_blue00.fxe	c3e1ec095bae96a080a00ad6475d048c	2072
mods/heroes.stormmod/enus.stormassets/localizeddata/sounds/vo/etca_firstblood_blue00.ogg	de673d32bdca9803271a779d41421e75	32227
mods/heroes.stormmod/enus.stormassets/localizeddata/sounds/vo/etca_firstblood_red00.fxe	a10d7810e09837b66e46079410eaf420	2295
mods/heroes.stormmod/enus.stormassets/localizeddata/sounds/vo/etca_firstblood_red00.ogg	a50321acae2537a07f7a36fe5b3dc4ad	34679
mods/heroes.stormmod/enus.stormassets/localizeddata/sounds/vo/etca_firstbloodally00.fxe	b4d76fb7a2ee80b534a89b47c0a078ad	1255
mods/heroes.stormmod/enus.stormassets/localizeddata/sounds/vo/etca_firstbloodally00.ogg	7c904c40f1ec317aebd0cecfbfe9904c	22880
mods/heroes.stormmod/enus.stormassets/localizeddata/sounds/vo/etca_fourkill00.fxe	788ad1b19b99f457d6b69f8a9bc1df66	1585
mods/heroes.stormmod/enus.stormassets/localizeddata/sounds/vo/etca_fourkill00.ogg	f1e7593d35e242446bfb7ab4a7bf6f62	31234
mods/heroes.stormmod/enus.stormassets/localizeddata/sounds/vo/etca_gamestart00.fxe	494da34a78816c4d2c18523de2c83438	1842
mods/heroes.stormmod/enus.stormassets/localizeddata/sounds/vo/etca_gamestart00.ogg	77e96090351a5316c6ca8e49b9dfbec1	48878
mods/heroes.stormmod/enus.stormassets/localizeddata/sounds/vo/etca_gamestart01.fxe	6d1c08de5ab5037fda848f54dc344129	1730
mods/heroes.stormmod/enus.stormassets/localizeddata/sounds/vo/etca_gamestart01.ogg	ede185c13cbdcde73a5aaa551b3ad9dc	31400
mods/heroes.stormmod/enus.stormassets/localizeddata/sounds/vo/etca_gamestart02.fxe	ab4fe9bd1117be6b4efae4c048bd91b0	1298
mods/heroes.stormmod/enus.stormassets/localizeddata/sounds/vo/etca_gamestart02.ogg	5b83004d9233a07c87675f6e6e843635	24459
mods/heroes.stormmod/enus.stormassets/localizeddata/sounds/vo/etca_gravestomp00.fxe	1882cc5c5e080bf97c487b0f31f6dd11	867
mods/heroes.stormmod/enus.stormassets/localizeddata/sounds/vo/etca_gravestomp00.ogg	c95b9d5985755969abe9632f42a870cf	14144
mods/heroes.stormmod/enus.stormassets/localizeddata/sounds/vo/etca_gravestomp_observer00.fxe	fc7a366870015eaaae40fe4c0cf319cd	1468
mods/heroes.stormmod/enus.stormassets/localizeddata/sounds/vo/etca_gravestomp_observer00.ogg	5d793a5a6bee24241b235b945d78d9ac	24613
mods/heroes.stormmod/enus.stormassets/localizeddata/sounds/vo/etca_herokill00.fxe	3ee89022031a78a43426d11cd709d09a	1345
mods/heroes.stormmod/enus.stormassets/localizeddata/sounds/vo/etca_herokill00.ogg	d941d5ff08efbc19702e8fe2c9708c4f	25573
mods/heroes.stormmod/enus.stormassets/localizeddata/sounds/vo/etca_herokill01.fxe	a4b426438feda1352218f7a6572ae9f0	641
mods/heroes.stormmod/enus.stormassets/localizeddata/sounds/vo/etca_herokill01.ogg	bef1ae1c9b9183be4bb19eeffcb45172	17376
mods/heroes.stormmod/enus.stormassets/localizeddata/sounds/vo/etca_herokill02.fxe	68ce35261269be2c8d8968286d2be27c	945
mods/heroes.stormmod/enus.stormassets/localizeddata/sounds/vo/etca_herokill02.ogg	4b34d7861fc013840789acc3e86d660d	14744
mods/heroes.stormmod/enus.stormassets/localizeddata/sounds/vo/etca_herokill03.fxe	b698b8e691ada159b8d8ed695aa5faa7	1089
mods/heroes.stormmod/enus.stormassets/localizeddata/sounds/vo/etca_herokill03.ogg	42f00dcab4e2a52d627563c0bbab7764	26425
mods/heroes.stormmod/enus.stormassets/localizeddata/sounds/vo/etca_herokill04.fxe	98b438e01fcd5013a59b725065e67923	1537
mods/heroes.stormmod/enus.stormassets/localizeddata/sounds/vo/etca_herokill04.ogg	e37fa201f58fa06850d6c77b37bbfbd9	26497
mods/heroes.stormmod/enus.stormassets/localizeddata/sounds/vo/etca_heroselect00.fxe	5b62e20dc9211c63b75181bfb8b737bc	3955
mods/heroes.stormmod/enus.stormassets/localizeddata/sounds/vo/etca_heroselect00.ogg	63f62382c6ac155243da843f491a1510	71342
mods/heroes.stormmod/enus.stormassets/localizeddata/sounds/vo/etca_heroselect_observer00.fxe	5aafcaff72585aaa111b0734f9882ef3	4012
mods/heroes.stormmod/enus.stormassets/localizeddata/sounds/vo/etca_heroselect_observer00.ogg	f2d5b52e9ad0ecd20a1dab7ecc1b3e05	84734
mods/heroes.stormmod/enus.stormassets/localizeddata/sounds/vo/etca_heroselectplayer00.fxe	30f8f30c84b1e3f7bd53aaa128dc2de6	3833
mods/heroes.stormmod/enus.stormassets/localizeddata/sounds/vo/etca_heroselectplayer00.ogg	25646fdae7fac03a853cb222d10d019c	80456
mods/heroes.stormmod/enus.stormassets/localizeddata/sounds/vo/etca_heroselectplayer01.fxe	b17b89a6c83434933905a06d02058a8a	5657
mods/heroes.stormmod/enus.stormassets/localizeddata/sounds/vo/etca_heroselectplayer01.ogg	567f1e23162c236ac145a906343a2363	114437
mods/heroes.stormmod/enus.stormassets/localizeddata/sounds/vo/etca_heroselectplayer02.fxe	d9f6bd7fe4cfa0dbe1fa50c2031daa5d	4681
mods/heroes.stormmod/enus.stormassets/localizeddata/sounds/vo/etca_heroselectplayer02.ogg	a39a3c485f6c8e9b906f25f54a557be2	74003
mods/heroes.stormmod/enus.stormassets/localizeddata/sounds/vo/etca_heroslain00.fxe	feb027e8b45d7453dce2b4f21a57622d	2098
mods/heroes.stormmod/enus.stormassets/localizeddata/sounds/vo/etca_heroslain00.ogg	c1f58c5e4d3f4c78a3d34bc3e78d69ae	37107
mods/heroes.stormmod/enus.stormassets/localizeddata/sounds/vo/etca_heroslain01.fxe	dabbc81bbade7535086969b3e9b0bc66	1618
mods/heroes.stormmod/enus.stormassets/localizeddata/sounds/vo/etca_heroslain01.ogg	da8d84b00e4ecb8303dddcf4f6012c55	20646
mods/heroes.stormmod/enus.stormassets/localizeddata/sounds/vo/etca_heroslain02.fxe	0db29860b131810ea9457bfc9bf87997	1362
mods/heroes.stormmod/enus.stormassets/localizeddata/sounds/vo/etca_heroslain02.ogg	7131aeec3e76d4fcbefe34cb3fce6b6c	29953
mods/heroes.stormmod/enus.stormassets/localizeddata/sounds/vo/etca_heroslain03.fxe	263a33571ec71c89e6b055f4033d3776	2546
mods/heroes.stormmod/enus.stormassets/localizeddata/sounds/vo/etca_heroslain03.ogg	dd542a5c985ac3fae12f7ca4faff68b2	34471
mods/heroes.stormmod/enus.stormassets/localizeddata/sounds/vo/etca_keepdestroy00.fxe	23b66425ba88e368236edc5234484fa1	1396
mods/heroes.stormmod/enus.stormassets/localizeddata/sounds/vo/etca_keepdestroy00.ogg	703ab1289d9d75e15f09cf6e24570bd0	27366
mods/heroes.stormmod/enus.stormassets/localizeddata/sounds/vo/etca_keepdestroy01.fxe	d28307e2c95976a86ca315deb2a31fb5	1524
mods/heroes.stormmod/enus.stormassets/localizeddata/sounds/vo/etca_keepdestroy01.ogg	04beadf10b5d10c0fd29a89e993ebe67	24338
mods/heroes.stormmod/enus.stormassets/localizeddata/sounds/vo/etca_keepdestroy_blue00.fxe	7aa0e12bb00236fb342135775601eb41	2073
mods/heroes.stormmod/enus.stormassets/localizeddata/sounds/vo/etca_keepdestroy_blue00.ogg	f26719f28260e4b4c51fe3ec1ee1ef17	31241
mods/heroes.stormmod/enus.stormassets/localizeddata/sounds/vo/etca_keepdestroy_red00.fxe	276e00f83ec4c9239230ef8e3856a77e	2184
mods/heroes.stormmod/enus.stormassets/localizeddata/sounds/vo/etca_keepdestroy_red00.ogg	ee1d6b62273d5dd21a3ff5c090fc98a0	32709
mods/heroes.stormmod/enus.stormassets/localizeddata/sounds/vo/etca_keeplost00.fxe	7a412c5b6bc4415098aeb8771892e20d	1889
mods/heroes.stormmod/enus.stormassets/localizeddata/sounds/vo/etca_keeplost00.ogg	eef35f2a624a005111b1142d04fa1bab	38386
mods/heroes.stormmod/enus.stormassets/localizeddata/sounds/vo/etca_kill_observer00.fxe	95d24dc9cf5c483de1fadc80d93cc948	1206
mods/heroes.stormmod/enus.stormassets/localizeddata/sounds/vo/etca_kill_observer00.ogg	83f92e03a34f10a20db6f9c327b4ff11	26312
mods/heroes.stormmod/enus.stormassets/localizeddata/sounds/vo/etca_megakill00.fxe	9ed6644d7d8009f89d10c7f8f9c129c3	1345
mods/heroes.stormmod/enus.stormassets/localizeddata/sounds/vo/etca_megakill00.ogg	ac9974db0ecb9eb9fed1696de85df7c7	26993
mods/heroes.stormmod/enus.stormassets/localizeddata/sounds/vo/etca_outpostdestroy00.fxe	c547db070d46824a3e277fa3accd7b64	1607
mods/heroes.stormmod/enus.stormassets/localizeddata/sounds/vo/etca_outpostdestroy00.ogg	0e9ab78051ba7f70c58220ceaafbb17a	31205
mods/heroes.stormmod/enus.stormassets/localizeddata/sounds/vo/etca_outpostdestroy01.fxe	8bccabc04f9c441bf9fccc6ce8b8136c	2759
mods/heroes.stormmod/enus.stormassets/localizeddata/sounds/vo/etca_outpostdestroy01.ogg	a5344af6a714a887eb671ad2008c66d6	51387
mods/heroes.stormmod/enus.stormassets/localizeddata/sounds/vo/etca_outpostdestroy02.fxe	e2bf7083d261b8c06c039282f80aec47	935
mods/heroes.stormmod/enus.stormassets/localizeddata/sounds/vo/etca_outpostdestroy02.ogg	e98362c7e3f1df63cfddd56b3329980e	23636
mods/heroes.stormmod/enus.stormassets/localizeddata/sounds/vo/etca_outpostdestroy03.fxe	94b8a1ece6cb008cb24a292ac240fc14	2039
mods/heroes.stormmod/enus.stormassets/localizeddata/sounds/vo/etca_outpostdestroy03.ogg	4e9fb9b3583d50ddbdaced86ec1bd74c	34331
mods/heroes.stormmod/enus.stormassets/localizeddata/sounds/vo/etca_outpostdestroy_blue00.fxe	dc47302193b154c86ab10a3d2e4b01c7	2172
mods/heroes.stormmod/enus.stormassets/localizeddata/sounds/vo/etca_outpostdestroy_blue00.ogg	af3558f4d2b5f465e0602f0453ce8a3f	29198
mods/heroes.stormmod/enus.stormassets/localizeddata/sounds/vo/etca_outpostdestroy_red00.fxe	86e9802417cc208826c87415c6a2f40a	2539
mods/heroes.stormmod/enus.stormassets/localizeddata/sounds/vo/etca_outpostdestroy_red00.ogg	6bf4aec30c7157ba3de8969bb680bf0c	39420
mods/heroes.stormmod/enus.stormassets/localizeddata/sounds/vo/etca_outpostlost00.fxe	2d1823349f9fe7f5a0a4061777f85653	1940
mods/heroes.stormmod/enus.stormassets/localizeddata/sounds/vo/etca_outpostlost00.ogg	5260e7d69ba53a8c948eb8aac64d9948	40022
mods/heroes.stormmod/enus.stormassets/localizeddata/sounds/vo/etca_outpostlost01.fxe	5c1ace8b9a06e0714456a7893621d6f3	2068
mods/heroes.stormmod/enus.stormassets/localizeddata/sounds/vo/etca_outpostlost01.ogg	2dc0b6247dcb23964ff4b60db6a389fa	27107
mods/heroes.stormmod/enus.stormassets/localizeddata/sounds/vo/etca_outpostlost02.fxe	d87d32da60fa5bcef4c3127655150746	2148
mods/heroes.stormmod/enus.stormassets/localizeddata/sounds/vo/etca_outpostlost02.ogg	ad2ee27dfc9dcfbe0113749128db1326	29871
mods/heroes.stormmod/enus.stormassets/localizeddata/sounds/vo/etca_outpostlost03.fxe	b2310f1f9903947df3cf074d8d424a47	2324
mods/heroes.stormmod/enus.stormassets/localizeddata/sounds/vo/etca_outpostlost03.ogg	a0b9122d776667ab44df67b8be3e5d39	53308
mods/heroes.stormmod/enus.stormassets/localizeddata/sounds/vo/etca_playerabandon00.fxe	78d00238bdd3a47c0b541f8a9d8b0b2d	2742
mods/heroes.stormmod/enus.stormassets/localizeddata/sounds/vo/etca_playerabandon00.ogg	ae49a2ba096905b3b617efb25c29353b	48629
mods/heroes.stormmod/enus.stormassets/localizeddata/sounds/vo/etca_playerrejoin00.fxe	029aba3303032025cb6c07d39438b3ad	2549
mods/heroes.stormmod/enus.stormassets/localizeddata/sounds/vo/etca_playerrejoin00.ogg	3f33ec669add1913ecb5c8d31b800e50	50776
mods/heroes.stormmod/enus.stormassets/localizeddata/sounds/vo/etca_revive00.fxe	8734b9ac3c3aec431df619f6dc081481	2111
mods/heroes.stormmod/enus.stormassets/localizeddata/sounds/vo/etca_revive00.ogg	cf7b48def18180636d7a77c4b3f9bcac	34057
mods/heroes.stormmod/enus.stormassets/localizeddata/sounds/vo/etca_revive_observer00.fxe	7f093e96a54b0e3825f8add85b92feff	1544
mods/heroes.stormmod/enus.stormassets/localizeddata/sounds/vo/etca_revive_observer00.ogg	71e05255c2838dae94c69f3459dde54c	30843
mods/heroes.stormmod/enus.stormassets/localizeddata/sounds/vo/etca_spreeend00.fxe	bec5b6e1e780926cf7ba3a2a5064833f	1665
mods/heroes.stormmod/enus.stormassets/localizeddata/sounds/vo/etca_spreeend00.ogg	d3d4656b5a2224da51c2bb853f91f0a9	31746
mods/heroes.stormmod/enus.stormassets/localizeddata/sounds/vo/etca_spreeend_ally00.fxe	b1a38de1624193edfb98f6e854522745	2358
mods/heroes.stormmod/enus.stormassets/localizeddata/sounds/vo/etca_spreeend_ally00.ogg	511f9fd89a82dfd4ab27471f7d3f341e	40186
mods/heroes.stormmod/enus.stormassets/localizeddata/sounds/vo/etca_spreefirstupgrade00.fxe	7f821fcd08c2ea46b23ca856c1874782	826
mods/heroes.stormmod/enus.stormassets/localizeddata/sounds/vo/etca_spreefirstupgrade00.ogg	2790062e9fc4ad6793729763694bc7a0	25178
mods/heroes.stormmod/enus.stormassets/localizeddata/sounds/vo/etca_spreemax00.fxe	c7a1455176f02067fed1fc16373fcfe1	1537
mods/heroes.stormmod/enus.stormassets/localizeddata/sounds/vo/etca_spreemax00.ogg	de6b7987eaad75e7dd564c4bc911e718	39257
mods/heroes.stormmod/enus.stormassets/localizeddata/sounds/vo/etca_spreesecondupgrade00.fxe	34b381c1eda948ee2176b7574165315b	1275
mods/heroes.stormmod/enus.stormassets/localizeddata/sounds/vo/etca_spreesecondupgrade00.ogg	21273a4dfb4f42c2da937e931cabd782	26299
mods/heroes.stormmod/enus.stormassets/localizeddata/sounds/vo/etca_spreestart00.fxe	514be3381c4bde97509514eedfc61c36	1347
mods/heroes.stormmod/enus.stormassets/localizeddata/sounds/vo/etca_spreestart00.ogg	0be66cd7aa2f82a15b8424e5454ede5c	24672
mods/heroes.stormmod/enus.stormassets/localizeddata/sounds/vo/etca_spreethirdupgrade00.fxe	23cf001225ff7fa2fe94759fcc9f7f85	1498
mods/heroes.stormmod/enus.stormassets/localizeddata/sounds/vo/etca_spreethirdupgrade00.ogg	9a674661fa4652f7139ac7ca5be1c1f2	27939
mods/heroes.stormmod/enus.stormassets/localizeddata/sounds/vo/etca_talentunlock00.fxe	e925e522ae619738ce0ed4b49467e0c0	1541
mods/heroes.stormmod/enus.stormassets/localizeddata/sounds/vo/etca_talentunlock00.ogg	597e345b609d22317e5dde257c05f4dd	26121
mods/heroes.stormmod/enus.stormassets/localizeddata/sounds/vo/etca_talentunlock01.fxe	c3b45279530aa43cecdda15eefa3d463	1589
mods/heroes.stormmod/enus.stormassets/localizeddata/sounds/vo/etca_talentunlock01.ogg	a7d59081a1838194b0e550c021131d74	27681
mods/heroes.stormmod/enus.stormassets/localizeddata/sounds/vo/etca_talentunlock02.fxe	ce6f41435e45e1d4e521e74fd13da352	1749
mods/heroes.stormmod/enus.stormassets/localizeddata/sounds/vo/etca_talentunlock02.ogg	a4edf6c1c9a06e8dcba09582a3939ef2	25001
mods/heroes.stormmod/enus.stormassets/localizeddata/sounds/vo/etca_teamkill00.fxe	2b3744c55b0f11fd980061bc777c1fcb	2449
mods/heroes.stormmod/enus.stormassets/localizeddata/sounds/vo/etca_teamkill00.ogg	d53774c2be295add6377f92ecd22e0e5	45846
mods/heroes.stormmod/enus.stormassets/localizeddata/sounds/vo/etca_teamkill_blue00.fxe	1acbbc075b976d8ced32497031369f7f	2118
mods/heroes.stormmod/enus.stormassets/localizeddata/sounds/vo/etca_teamkill_blue00.ogg	ad2d64a8fad6490cecd87a3dd1d0f01c	35693
mods/heroes.stormmod/enus.stormassets/localizeddata/sounds/vo/etca_teamkill_red00.fxe	877bf287513b58e677814232b1939071	2133
mods/heroes.stormmod/enus.stormassets/localizeddata/sounds/vo/etca_teamkill_red00.ogg	5c83d2a9f3f86db12aae7c5de9cdaf8d	39339
mods/heroes.stormmod/enus.stormassets/localizeddata/sounds/vo/etca_triplekill00.fxe	063e3a2d9e235957b96fe920ac5bdfe3	1123
mods/heroes.stormmod/enus.stormassets/localizeddata/sounds/vo/etca_triplekill00.ogg	5015e16e05c1454049ffaf99d801a9ad	22168
mods/heroes.stormmod/enus.stormassets/localizeddata/sounds/vo/etca_triplekill01.fxe	65350d8f9b6bb44f1507ce8bf433ffb5	1123
mods/heroes.stormmod/enus.stormassets/localizeddata/sounds/vo/etca_triplekill01.ogg	29ce0a5c380aed02a51c30bfe3d66f1a	21867
mods/heroes.stormmod/enus.stormassets/localizeddata/sounds/vo/etca_triplekill02.fxe	b90ea34b872396bad9feb43c8abf7497	1155
mods/heroes.stormmod/enus.stormassets/localizeddata/sounds/vo/etca_triplekill02.ogg	840de06c6eeddab9456fc19401aca861	24989
