mods/heroes.stormmod/enus.stormassets/localizeddata/sounds/vo/miraa_castleattack_blue00.ogg	f4a1a9a5ab6f265ed549ce1aa861bf63	31497
mods/heroes.stormmod/enus.stormassets/localizeddata/sounds/vo/miraa_castleattack_red00.ogg	baf9575551d67e8e8bade7839ca3392a	33422
mods/heroes.stormmod/enus.stormassets/localizeddata/sounds/vo/miraa_castleattackally00.ogg	2b9206314cf807fd5ec787160b2b8263	30238
mods/heroes.stormmod/enus.stormassets/localizeddata/sounds/vo/miraa_castleattackally01.ogg	ba0f69ddcc016d7f4b57cda2acdb3d49	39245
mods/heroes.stormmod/enus.stormassets/localizeddata/sounds/vo/miraa_castleattackally02.ogg	1cc4ff82af638af42a9a03a16b8b66fa	58381
mods/heroes.stormmod/enus.stormassets/localizeddata/sounds/vo/miraa_countdown10sec00.ogg	8bee6400438b64c7a11dc54d21667ed6	20832
mods/heroes.stormmod/enus.stormassets/localizeddata/sounds/vo/miraa_countdown1sec00.ogg	8f6bbb7642be12b73ff074bf13e51556	16561
mods/heroes.stormmod/enus.stormassets/localizeddata/sounds/vo/miraa_countdown2sec00.ogg	983c96cabec0c8ffd5a52a42802468ca	16077
mods/heroes.stormmod/enus.stormassets/localizeddata/sounds/vo/miraa_countdown3sec00.ogg	4f8ed132830c5d71c3554ab57420bdfb	15640
mods/heroes.stormmod/enus.stormassets/localizeddata/sounds/vo/miraa_countdown4sec00.ogg	1ce1a5c43040643b8e2e892cab98a7fd	16907
mods/heroes.stormmod/enus.stormassets/localizeddata/sounds/vo/miraa_countdown5sec00.ogg	a3cb278acc08898f8eae7289411be84e	15171
mods/heroes.stormmod/enus.stormassets/localizeddata/sounds/vo/miraa_countdownremain00.ogg	17cdd0e3139fe446d9453357e8914932	33969
mods/heroes.stormmod/enus.stormassets/localizeddata/sounds/vo/miraa_doublekill00.ogg	ea0f7c258e8020fc8a75b61584097706	21405
mods/heroes.stormmod/enus.stormassets/localizeddata/sounds/vo/miraa_doublekill01.ogg	d3b7e2aa3ec2ae9bfa4a4d4ae3b83fe0	23877
mods/heroes.stormmod/enus.stormassets/localizeddata/sounds/vo/miraa_doublekill02.ogg	1028a4c5b1f0321694f7efe3944720d0	21933
mods/heroes.stormmod/enus.stormassets/localizeddata/sounds/vo/miraa_draft_map00.ogg	9c49d51d7509589b3a3b4989bcd60eb7	24925
mods/heroes.stormmod/enus.stormassets/localizeddata/sounds/vo/miraa_ending_blue00.ogg	532b08ece79360f5a7da9aa1ad0aa6fd	43316
mods/heroes.stormmod/enus.stormassets/localizeddata/sounds/vo/miraa_ending_red00.ogg	60152fadad3ad603a3590258437439a4	44732
mods/heroes.stormmod/enus.stormassets/localizeddata/sounds/vo/miraa_endinglose00.ogg	c3e6598253517ff9dba5499556225786	20146
mods/heroes.stormmod/enus.stormassets/localizeddata/sounds/vo/miraa_endinglose01.ogg	d4981624fb74df4d1f91726a62f14704	63366
mods/heroes.stormmod/enus.stormassets/localizeddata/sounds/vo/miraa_endinglose02.ogg	19d0248def1d2f25241d84a6386b9491	44800
mods/heroes.stormmod/enus.stormassets/localizeddata/sounds/vo/miraa_endingwin00.ogg	7fe34ddda6a68c714f74f068b3266ea8	34410
mods/heroes.stormmod/enus.stormassets/localizeddata/sounds/vo/miraa_endingwin00_alt.ogg	cecfc68146cde96d113b2bc5f57d0c3e	22737
mods/heroes.stormmod/enus.stormassets/localizeddata/sounds/vo/miraa_endingwin01.ogg	61efc6e4f1a5153f5be702840310ab96	44512
mods/heroes.stormmod/enus.stormassets/localizeddata/sounds/vo/miraa_endingwin02.ogg	22648830e24b9e9c782db38abd3cc0b6	71901
mods/heroes.stormmod/enus.stormassets/localizeddata/sounds/vo/miraa_epic00.ogg	37580e9ad620c918216bc7026fe0ff67	16657
mods/heroes.stormmod/enus.stormassets/localizeddata/sounds/vo/miraa_firstblood_blue00.ogg	91e795dda2466f1960213def0d5717eb	40534
mods/heroes.stormmod/enus.stormassets/localizeddata/sounds/vo/miraa_firstblood_red00.ogg	6391529d0892210ac9b9a1e57a15528e	37264
mods/heroes.stormmod/enus.stormassets/localizeddata/sounds/vo/miraa_firstbloodally00.ogg	2b480f074927502c6f36e19316cbda55	29092
mods/heroes.stormmod/enus.stormassets/localizeddata/sounds/vo/miraa_fourkill00.ogg	5b89bae1272cafa7e05ee50102450acf	23163
mods/heroes.stormmod/enus.stormassets/localizeddata/sounds/vo/miraa_gamestart00.ogg	93d55e3de5dc55b854fdbf7148a06a84	33837
mods/heroes.stormmod/enus.stormassets/localizeddata/sounds/vo/miraa_gamestart01.ogg	90d0dd3ebd8741cc8629113380f69133	28432
mods/heroes.stormmod/enus.stormassets/localizeddata/sounds/vo/miraa_gamestart02.ogg	7ead55cfbb7e9ddc9befcb2b34e9f0f4	43160
mods/heroes.stormmod/enus.stormassets/localizeddata/sounds/vo/miraa_gravestomp00.ogg	a4324b980ec59dbfb27dae0cae41f63e	41724
mods/heroes.stormmod/enus.stormassets/localizeddata/sounds/vo/miraa_gravestomp_observer00.ogg	672bc5fbbde22b203b4ce10b28c7ad9d	21714
mods/heroes.stormmod/enus.stormassets/localizeddata/sounds/vo/miraa_herokill00.ogg	736ae698efec98eb420a95b1425d53ca	46627
mods/heroes.stormmod/enus.stormassets/localizeddata/sounds/vo/miraa_herokill01.ogg	967ae0f2a0277dc9c0fe6b8773083e0b	40487
mods/heroes.stormmod/enus.stormassets/localizeddata/sounds/vo/miraa_herokill02.ogg	2608e804a18f076366484be806c21280	22533
mods/heroes.stormmod/enus.stormassets/localizeddata/sounds/vo/miraa_herokill03.ogg	560d9b703d7075421f0a72a6950ea548	25211
mods/heroes.stormmod/enus.stormassets/localizeddata/sounds/vo/miraa_herokill04.ogg	e9d693ca0a3c13d152b988783bf2f564	31846
mods/heroes.stormmod/enus.stormassets/localizeddata/sounds/vo/miraa_herokill05.ogg	f3138c4c03b251dcb9643ac4fce85067	28486
mods/heroes.stormmod/enus.stormassets/localizeddata/sounds/vo/miraa_herokill06.ogg	eb61fd3e82a47274c0056130347aa040	35368
mods/heroes.stormmod/enus.stormassets/localizeddata/sounds/vo/miraa_herokill07.ogg	e20ee7037e87f95a43c6cc12c6b0e10c	25292
mods/heroes.stormmod/enus.stormassets/localizeddata/sounds/vo/miraa_herokill08.ogg	86549fb552780f83c143a95cc1ebfd80	18678
mods/heroes.stormmod/enus.stormassets/localizeddata/sounds/vo/miraa_heroselect00.ogg	60d85887ec88bfe2e2e2b6472bdab7f5	36764
mods/heroes.stormmod/enus.stormassets/localizeddata/sounds/vo/miraa_heroselect01.ogg	9cd7687da5780f8733879c12b9667cde	55312
mods/heroes.stormmod/enus.stormassets/localizeddata/sounds/vo/miraa_heroselect_observer00.ogg	82ec56c094a2b13ee48f24f73133d890	103333
mods/heroes.stormmod/enus.stormassets/localizeddata/sounds/vo/miraa_heroselect_observer01.ogg	0ce2d18b55914cc1eabea927cb6efd82	54587
mods/heroes.stormmod/enus.stormassets/localizeddata/sounds/vo/miraa_heroselectplayer00.ogg	2fcf219a3d64238b9f39e67b239e4b7b	74352
mods/heroes.stormmod/enus.stormassets/localizeddata/sounds/vo/miraa_heroselectplayer01.ogg	acb61bb0f03421d54a48db236a4dfa45	103532
mods/heroes.stormmod/enus.stormassets/localizeddata/sounds/vo/miraa_heroselectplayer02.ogg	d8f6e7ad284014930134341ed88e33de	59893
mods/heroes.stormmod/enus.stormassets/localizeddata/sounds/vo/miraa_heroslain00.ogg	55d61a3132e231d54b6523f9202681fc	24275
mods/heroes.stormmod/enus.stormassets/localizeddata/sounds/vo/miraa_heroslain01.ogg	fd80e78c0ffc3e816e9829953355e7d9	53354
mods/heroes.stormmod/enus.stormassets/localizeddata/sounds/vo/miraa_heroslain02.ogg	a275d3a828f1b3024cea6da3884f325e	27404
mods/heroes.stormmod/enus.stormassets/localizeddata/sounds/vo/miraa_heroslain03.ogg	aa839e982bbdfdc88c9d9abc34c78e68	47697
mods/heroes.stormmod/enus.stormassets/localizeddata/sounds/vo/miraa_heroslain04.ogg	078ff3a4ac254bb0bea901a8f29e42ce	34770
mods/heroes.stormmod/enus.stormassets/localizeddata/sounds/vo/miraa_heroslain05.ogg	d48f981d8c80d72822caa6a5f387fb79	23184
mods/heroes.stormmod/enus.stormassets/localizeddata/sounds/vo/miraa_heroslain06.ogg	c42f9cfa8ebb6546ef3114a225188019	42833
mods/heroes.stormmod/enus.stormassets/localizeddata/sounds/vo/miraa_heroslainhorner00.ogg	dd29c06f037ccc9975cd9130bb595aab	33746
mods/heroes.stormmod/enus.stormassets/localizeddata/sounds/vo/miraa_heroslainhorner01.ogg	4237e7bcb7be4901c118310f5a319032	43224
mods/heroes.stormmod/enus.stormassets/localizeddata/sounds/vo/miraa_heroslainhorner02.ogg	ed148cd9090f3869fde7110d3d21a7c4	31939
mods/heroes.stormmod/enus.stormassets/localizeddata/sounds/vo/miraa_heroslainhorner03.ogg	5854bc36081c4286f2b211a6855839d0	92081
mods/heroes.stormmod/enus.stormassets/localizeddata/sounds/vo/miraa_keepdestroy00.ogg	8cfef6f8d1c2c9342e48b6736c8b56de	28089
mods/heroes.stormmod/enus.stormassets/localizeddata/sounds/vo/miraa_keepdestroy01.ogg	4cbc0fd55187c8bdcb8c6c1f49760663	34266
mods/heroes.stormmod/enus.stormassets/localizeddata/sounds/vo/miraa_keepdestroy02.ogg	1fd0a814aa2b3e02cef480987095f584	54899
mods/heroes.stormmod/enus.stormassets/localizeddata/sounds/vo/miraa_keepdestroy03.ogg	25aade5cde74f60b9f2cc5fba36f372e	38075
mods/heroes.stormmod/enus.stormassets/localizeddata/sounds/vo/miraa_keepdestroy04.ogg	44430249c335a050a66ae479b3931408	63009
mods/heroes.stormmod/enus.stormassets/localizeddata/sounds/vo/miraa_keepdestroy_blue00.ogg	e13eae09f6c610c62c12a4331f6579be	38465
mods/heroes.stormmod/enus.stormassets/localizeddata/sounds/vo/miraa_keepdestroy_red00.ogg	f691f72573309df0ad5a1a94809d7fa2	33364
mods/heroes.stormmod/enus.stormassets/localizeddata/sounds/vo/miraa_keeplost00.ogg	7d74b7a820251414f80d541fd0f41bc1	60982
mods/heroes.stormmod/enus.stormassets/localizeddata/sounds/vo/miraa_keeplost01.ogg	e6be4d43c4c84caee1f1e55b653ed8a0	31035
mods/heroes.stormmod/enus.stormassets/localizeddata/sounds/vo/miraa_keeplost02.ogg	af15698cc9c2beb978c75337e5f627d3	42321
mods/heroes.stormmod/enus.stormassets/localizeddata/sounds/vo/miraa_keeplost03.ogg	b5f1f0cd98b60d19ef97a8df476e1ed9	38275
mods/heroes.stormmod/enus.stormassets/localizeddata/sounds/vo/miraa_keeplost04.ogg	c65d7b8fed1f0b7b967689d6962ad865	66507
mods/heroes.stormmod/enus.stormassets/localizeddata/sounds/vo/miraa_kill_observer00.ogg	2604b0c801aa26a7fbe71fe2d80a73dc	21139
mods/heroes.stormmod/enus.stormassets/localizeddata/sounds/vo/miraa_kill_observer01.ogg	a6afe5eb6113d6291e97b56037e739bc	21701
mods/heroes.stormmod/enus.stormassets/localizeddata/sounds/vo/miraa_kill_observer02.ogg	ca3fedf55133b90919ab3c6a75a541e3	21806
mods/heroes.stormmod/enus.stormassets/localizeddata/sounds/vo/miraa_kill_observer03.ogg	379984ef21776a84ad15073d011b9dee	20822
mods/heroes.stormmod/enus.stormassets/localizeddata/sounds/vo/miraa_kill_observer04.ogg	83760ef16dd4a71fb5c35c9dd31fe6a0	21997
mods/heroes.stormmod/enus.stormassets/localizeddata/sounds/vo/miraa_kill_observer05.ogg	cbb4e24c6d74abf836727d1956488e7f	20455
mods/heroes.stormmod/enus.stormassets/localizeddata/sounds/vo/miraa_kill_observer06.ogg	75ecf831229eff3d67d58b2b65f90698	19512
mods/heroes.stormmod/enus.stormassets/localizeddata/sounds/vo/miraa_kill_observer07.ogg	62d3b7b2a9eeb179344b0dfccd85be59	20980
mods/heroes.stormmod/enus.stormassets/localizeddata/sounds/vo/miraa_legendary00.ogg	bd16d16867846dbb0647264ac51c4fce	20762
mods/heroes.stormmod/enus.stormassets/localizeddata/sounds/vo/miraa_megakill00.ogg	e165357316b503207d2155156be1ec41	29208
mods/heroes.stormmod/enus.stormassets/localizeddata/sounds/vo/miraa_mvp00.ogg	0ae7210f2b1e171e3d2e57094759a4d4	24953
mods/heroes.stormmod/enus.stormassets/localizeddata/sounds/vo/miraa_outpostdestroy00.ogg	f9482fb7fa94d7a639984dd7e92a45a4	26022
mods/heroes.stormmod/enus.stormassets/localizeddata/sounds/vo/miraa_outpostdestroy01.ogg	ef5dbf27245cdb2e3cb85fc0e5fc0703	36179
mods/heroes.stormmod/enus.stormassets/localizeddata/sounds/vo/miraa_outpostdestroy02_alt.ogg	6bbddb6f90b6a6d6b93695d8aeba3882	43451
mods/heroes.stormmod/enus.stormassets/localizeddata/sounds/vo/miraa_outpostdestroy03.ogg	e36f9b94bc7185b89f9db3d68984c40f	17399
mods/heroes.stormmod/enus.stormassets/localizeddata/sounds/vo/miraa_outpostdestroy04.ogg	ab4c043d618c1dbc8901be3eaa22b153	28828
mods/heroes.stormmod/enus.stormassets/localizeddata/sounds/vo/miraa_outpostdestroy05.ogg	5e6d2edcbbff23719d01d3e6bde0e613	42905
mods/heroes.stormmod/enus.stormassets/localizeddata/sounds/vo/miraa_outpostdestroy06.ogg	981ad0f556254d0196fccacea18dd18d	35383
mods/heroes.stormmod/enus.stormassets/localizeddata/sounds/vo/miraa_outpostdestroy_blue00.ogg	de840b641bc92a6817207fb5aa711a0c	31787
mods/heroes.stormmod/enus.stormassets/localizeddata/sounds/vo/miraa_outpostdestroy_red00.ogg	5d3cad47a1143505fb8296f5b6bef184	30359
mods/heroes.stormmod/enus.stormassets/localizeddata/sounds/vo/miraa_outpostlost00.ogg	f67ffeff9d15782103727b6686680215	21923
mods/heroes.stormmod/enus.stormassets/localizeddata/sounds/vo/miraa_outpostlost01.ogg	06193921719380cbf9b20e42a9341c25	27596
mods/heroes.stormmod/enus.stormassets/localizeddata/sounds/vo/miraa_outpostlost02.ogg	4fb04736de98ca65017fb51ae9e58deb	46813
mods/heroes.stormmod/enus.stormassets/localizeddata/sounds/vo/miraa_outpostlost03.ogg	b3f5a9c55b580c0bde5eaa7626cdab8a	30009
mods/heroes.stormmod/enus.stormassets/localizeddata/sounds/vo/miraa_outpostlost04.ogg	d2b9d46f0ce8546e09ecf78b5ec77147	69826
mods/heroes.stormmod/enus.stormassets/localizeddata/sounds/vo/miraa_outpostlost05.ogg	f4868f3bf7744401d5255bb8a70f0072	24813
mods/heroes.stormmod/enus.stormassets/localizeddata/sounds/vo/miraa_outpostlost05_alt.ogg	c56a394c3656a3c97a318e53137b49ce	34089
mods/heroes.stormmod/enus.stormassets/localizeddata/sounds/vo/miraa_outpostlost06.ogg	89146fa8cf2d97fa0d50fce62a8e7c82	43847
mods/heroes.stormmod/enus.stormassets/localizeddata/sounds/vo/miraa_playerabandon00.ogg	bdf81dd62cbe9df8cfe155eb6675a4dd	33943
mods/heroes.stormmod/enus.stormassets/localizeddata/sounds/vo/miraa_playerrejoin00.ogg	24faf4cedaa0facf3cb86b0261df6675	55047
mods/heroes.stormmod/enus.stormassets/localizeddata/sounds/vo/miraa_revive00.ogg	0a2c169aa5f508cd87f8a0bff2e007d5	22367
mods/heroes.stormmod/enus.stormassets/localizeddata/sounds/vo/miraa_revive_observer00.ogg	2a841ad8028d70a47348c03ae61ce13f	20683
mods/heroes.stormmod/enus.stormassets/localizeddata/sounds/vo/miraa_spreeend00.ogg	3b19d28e81b9519bbfc48d85e9ba6a74	42028
mods/heroes.stormmod/enus.stormassets/localizeddata/sounds/vo/miraa_spreeend01.ogg	1efd1c4af25ac862ef642a4bd2806af6	39179
mods/heroes.stormmod/enus.stormassets/localizeddata/sounds/vo/miraa_spreeend02.ogg	3c247cc6cb7d5eb6d7eef345698e758f	47981
mods/heroes.stormmod/enus.stormassets/localizeddata/sounds/vo/miraa_spreeend_ally00.ogg	241b1ba6d41ab275962dbed330b87589	33070
mods/heroes.stormmod/enus.stormassets/localizeddata/sounds/vo/miraa_spreefirstupgrade00.ogg	95dfadffba06cb57a1c2336df568cff3	20443
mods/heroes.stormmod/enus.stormassets/localizeddata/sounds/vo/miraa_spreemax00.ogg	357327597d332d4e685bc45d3a240813	32511
mods/heroes.stormmod/enus.stormassets/localizeddata/sounds/vo/miraa_spreesecondupgrade00.ogg	8a3b816b645c80a22ac0eb3563029124	24794
mods/heroes.stormmod/enus.stormassets/localizeddata/sounds/vo/miraa_spreestart00.ogg	a90167bbb950e43658ed14a7689fbe2b	21751
mods/heroes.stormmod/enus.stormassets/localizeddata/sounds/vo/miraa_spreethirdupgrade00.ogg	12db0c650da2be76b58b5adc3682ab40	27453
mods/heroes.stormmod/enus.stormassets/localizeddata/sounds/vo/miraa_talentunlock00.ogg	1f26644a97adcb365efa901debd166fc	20223
mods/heroes.stormmod/enus.stormassets/localizeddata/sounds/vo/miraa_talentunlock01.ogg	f3d0f785c757a01962d02d5a3545e302	26461
mods/heroes.stormmod/enus.stormassets/localizeddata/sounds/vo/miraa_talentunlock02.ogg	3ae0e48df2d9a69968d66e2137dee9ef	27288
mods/heroes.stormmod/enus.stormassets/localizeddata/sounds/vo/miraa_talentunlock03.ogg	7c22cfb37b148083c0da1c2ef039f535	34258
mods/heroes.stormmod/enus.stormassets/localizeddata/sounds/vo/miraa_talentunlock04.ogg	3398e8dee5d6e5a59b9f02112a3f08db	47761
mods/heroes.stormmod/enus.stormassets/localizeddata/sounds/vo/miraa_teamkill00.ogg	b6ef14522765119e28a7971d258c7827	29184
mods/heroes.stormmod/enus.stormassets/localizeddata/sounds/vo/miraa_teamkill_blue00.ogg	6ec6156f93167072a8297b358abfd7e5	30173
mods/heroes.stormmod/enus.stormassets/localizeddata/sounds/vo/miraa_teamkill_red00.ogg	2145a2aab24da90f3e3e40b6edb7a38f	28849
mods/heroes.stormmod/enus.stormassets/localizeddata/sounds/vo/miraa_triplekill00.ogg	3af9a1d1b9ee411de7e27b9ac655e83a	22055
mods/heroes.stormmod/enus.stormassets/localizeddata/sounds/vo/miraa_triplekill01.ogg	f2d9157613c4da26893c5a14343eb168	23028
mods/heroes.stormmod/enus.stormassets/localizeddata/sounds/vo/miraa_triplekill02.ogg	fc5a772a7183ffddaab003d07f3d44be	29160
