mods/heroes.stormmod/enus.stormassets/localizeddata/sounds/vo/monkbase_ai_attack00.fxe	fb74d728a1895e9ef2d0b539ba0e0f85	1882
mods/heroes.stormmod/enus.stormassets/localizeddata/sounds/vo/monkbase_ai_attack00.ogg	5087b4b063f9cc15575f45b97287d515	28054
mods/heroes.stormmod/enus.stormassets/localizeddata/sounds/vo/monkbase_ai_attack01.fxe	e98f991e0d8dcf0ba9705db1c5f614d1	2362
mods/heroes.stormmod/enus.stormassets/localizeddata/sounds/vo/monkbase_ai_attack01.ogg	6245b82f39ecf6d70205a53a4ac2748d	33093
mods/heroes.stormmod/enus.stormassets/localizeddata/sounds/vo/monkbase_ai_attack02.fxe	e9e4c5fa58c93023fbc777bb12801e55	1594
mods/heroes.stormmod/enus.stormassets/localizeddata/sounds/vo/monkbase_ai_attack02.ogg	4d42ea3ed7efb9db1251e6d34c54845b	25317
mods/heroes.stormmod/enus.stormassets/localizeddata/sounds/vo/monkbase_ai_caution00.fxe	cd65ad3243df53193a3a8d8ea8efc78f	1227
mods/heroes.stormmod/enus.stormassets/localizeddata/sounds/vo/monkbase_ai_caution00.ogg	1f265e279999cea90291c2f73d4bbc7e	21180
mods/heroes.stormmod/enus.stormassets/localizeddata/sounds/vo/monkbase_ai_goodjob00.fxe	8a7f5a41e746f20b70f51032474d560f	1179
mods/heroes.stormmod/enus.stormassets/localizeddata/sounds/vo/monkbase_ai_goodjob00.ogg	807d9e9e43d6dcb0a4b301c8cc7e1eb7	24803
mods/heroes.stormmod/enus.stormassets/localizeddata/sounds/vo/monkbase_ai_goodjob01.fxe	0a2ecd82a60cef29dd2a21c972f2492e	1179
mods/heroes.stormmod/enus.stormassets/localizeddata/sounds/vo/monkbase_ai_goodjob01.ogg	9941b03db5779f5005df45a5c92b3dee	19400
mods/heroes.stormmod/enus.stormassets/localizeddata/sounds/vo/monkbase_ai_goodjob02.fxe	9bc1450af4feb254484bf0bc292d53be	1179
mods/heroes.stormmod/enus.stormassets/localizeddata/sounds/vo/monkbase_ai_goodjob02.ogg	7e27b2eba9699433d20fcad5c055cacd	25323
mods/heroes.stormmod/enus.stormassets/localizeddata/sounds/vo/monkbase_ai_heal00.fxe	bc095ab408cc101f0caba34dff6d0f32	1624
mods/heroes.stormmod/enus.stormassets/localizeddata/sounds/vo/monkbase_ai_heal00.ogg	dcdc2752a389c0810328206b0903c66f	25223
mods/heroes.stormmod/enus.stormassets/localizeddata/sounds/vo/monkbase_ai_heal01.fxe	25dd5a0cd911b4a4204ae2c4ba0694c4	3352
mods/heroes.stormmod/enus.stormassets/localizeddata/sounds/vo/monkbase_ai_heal01.ogg	c2daa09efaef90e09af9612751ad4c55	51316
mods/heroes.stormmod/enus.stormassets/localizeddata/sounds/vo/monkbase_ai_onmyway00.fxe	a82ad9b4a367eb1a08d5df2100d86617	1355
mods/heroes.stormmod/enus.stormassets/localizeddata/sounds/vo/monkbase_ai_onmyway00.ogg	013cbddbfd5beef168354518cf4ef4c8	22227
mods/heroes.stormmod/enus.stormassets/localizeddata/sounds/vo/monkbase_ai_onmyway01.fxe	d0b9ad2c527d395374ee5812753f2893	1259
mods/heroes.stormmod/enus.stormassets/localizeddata/sounds/vo/monkbase_ai_onmyway01.ogg	29f9dc2d15869985038d508a639f8792	15148
mods/heroes.stormmod/enus.stormassets/localizeddata/sounds/vo/monkbase_ai_retreat00.fxe	bc8ad7d2474ccba9d9747e50fbc22de2	1387
mods/heroes.stormmod/enus.stormassets/localizeddata/sounds/vo/monkbase_ai_retreat00.ogg	be1178ea050fbe5258abff2ebe0fad87	19410
mods/heroes.stormmod/enus.stormassets/localizeddata/sounds/vo/monkbase_ai_retreat01.fxe	9e43e9fb6894e919311adb64b187fff1	1179
mods/heroes.stormmod/enus.stormassets/localizeddata/sounds/vo/monkbase_ai_retreat01.ogg	1c6efd7a87af696634f6a840274bcdcf	16629
mods/heroes.stormmod/enus.stormassets/localizeddata/sounds/vo/monkbase_ai_uhoh00.fxe	01558c356897d904d888fc7fa4c87390	1416
mods/heroes.stormmod/enus.stormassets/localizeddata/sounds/vo/monkbase_ai_uhoh00.ogg	867d7093941c8bdba046e4a54a20bcef	23370
mods/heroes.stormmod/enus.stormassets/localizeddata/sounds/vo/monkbase_ai_uhoh01.fxe	9ebb42269a30449059e3915a8c6a9ece	712
mods/heroes.stormmod/enus.stormassets/localizeddata/sounds/vo/monkbase_ai_uhoh01.ogg	ccff6226ef900dd21fb7b12b4bf54103	14405
mods/heroes.stormmod/enus.stormassets/localizeddata/sounds/vo/monkbase_ai_uhoh02.fxe	f4e84c017a491ec5007f2bafcbd19498	2104
mods/heroes.stormmod/enus.stormassets/localizeddata/sounds/vo/monkbase_ai_uhoh02.ogg	7091452a8f74173e6610a79cee53f6e0	30278
mods/heroes.stormmod/enus.stormassets/localizeddata/sounds/vo/monkbase_attack00_alt.fxe	8e46d3ea0786aee3ded9e91929e12795	1339
mods/heroes.stormmod/enus.stormassets/localizeddata/sounds/vo/monkbase_attack00_alt.ogg	e636d1ab2a39fe5dd787111c95aa0f47	27663
mods/heroes.stormmod/enus.stormassets/localizeddata/sounds/vo/monkbase_attack01.fxe	94db1c4521b0d0db3140beb92f905c24	2007
mods/heroes.stormmod/enus.stormassets/localizeddata/sounds/vo/monkbase_attack01.ogg	be7f478c49ac40c3363b805b4185591f	31156
mods/heroes.stormmod/enus.stormassets/localizeddata/sounds/vo/monkbase_attack02.fxe	a81afd2b2bb499fb3afb47655388c71e	1511
mods/heroes.stormmod/enus.stormassets/localizeddata/sounds/vo/monkbase_attack02.ogg	360145015038c668adc636f101ad0d31	29361
mods/heroes.stormmod/enus.stormassets/localizeddata/sounds/vo/monkbase_attack03.fxe	9d637bfa50490089f3ddcb9a1799b411	1383
mods/heroes.stormmod/enus.stormassets/localizeddata/sounds/vo/monkbase_attack03.ogg	55c5323976a8519876da55cb01cf0468	24133
mods/heroes.stormmod/enus.stormassets/localizeddata/sounds/vo/monkbase_attack04.fxe	0392a90d2deb5c58968cec7009722298	1623
mods/heroes.stormmod/enus.stormassets/localizeddata/sounds/vo/monkbase_attack04.ogg	72d082c59a6fe076005a183fdedca92f	24516
mods/heroes.stormmod/enus.stormassets/localizeddata/sounds/vo/monkbase_attack05.fxe	40e86136b6ec8d9fb39e40ee170e1398	1639
mods/heroes.stormmod/enus.stormassets/localizeddata/sounds/vo/monkbase_attack05.ogg	bbfb9e221d78050bf6ef191d9ed74ce0	31043
mods/heroes.stormmod/enus.stormassets/localizeddata/sounds/vo/monkbase_attack06.fxe	881250677304011308412cfb96a6b2ae	1687
mods/heroes.stormmod/enus.stormassets/localizeddata/sounds/vo/monkbase_attack06.ogg	21fd909f30cbf0de5bfbd80be3676729	31514
mods/heroes.stormmod/enus.stormassets/localizeddata/sounds/vo/monkbase_celebrate00.fxe	4143387401401703877f566991225bf5	1114
mods/heroes.stormmod/enus.stormassets/localizeddata/sounds/vo/monkbase_celebrate00.ogg	7bcf0f379dde9b19fafb1b8329888736	19944
mods/heroes.stormmod/enus.stormassets/localizeddata/sounds/vo/monkbase_celebrate01.fxe	c625549225d1bb318e22a18d0cffad8b	1994
mods/heroes.stormmod/enus.stormassets/localizeddata/sounds/vo/monkbase_celebrate01.ogg	01c063d6f5b90eca11fb62fcedd70f7b	29187
mods/heroes.stormmod/enus.stormassets/localizeddata/sounds/vo/monkbase_comeback00.fxe	3f8a67e7b17dddbb8c57f718c7229e1e	3401
mods/heroes.stormmod/enus.stormassets/localizeddata/sounds/vo/monkbase_comeback00.ogg	892edc25dfa93fc2d3a315ecdf69276d	49381
mods/heroes.stormmod/enus.stormassets/localizeddata/sounds/vo/monkbase_death00_01.fxe	1e570fe26a0c11be2f61408aff52b28e	1145
mods/heroes.stormmod/enus.stormassets/localizeddata/sounds/vo/monkbase_death00_01.wav	a057d7490bfc54cbddcf711c64652190	39740
mods/heroes.stormmod/enus.stormassets/localizeddata/sounds/vo/monkbase_death00_02.fxe	dba1a56e698e9ab436b001c3764e2359	1177
mods/heroes.stormmod/enus.stormassets/localizeddata/sounds/vo/monkbase_death00_02.wav	252980f0eb7bf24ef4fa181baa68e0b7	43836
mods/heroes.stormmod/enus.stormassets/localizeddata/sounds/vo/monkbase_death00_03.fxe	25204daa421410f1d3b8ec55066baed4	1145
mods/heroes.stormmod/enus.stormassets/localizeddata/sounds/vo/monkbase_death00_03.wav	550f59e884d1b4cb3688f4cbd4ec3b20	48956
mods/heroes.stormmod/enus.stormassets/localizeddata/sounds/vo/monkbase_death00_04.fxe	8ec50b36d40df025592bb2fa981a99f8	1113
mods/heroes.stormmod/enus.stormassets/localizeddata/sounds/vo/monkbase_death00_04.wav	1f16710d2ae5d9536ff72eab2334c959	37436
mods/heroes.stormmod/enus.stormassets/localizeddata/sounds/vo/monkbase_death00_05.fxe	ef615007d09f3cb15b6907f39397d287	1033
mods/heroes.stormmod/enus.stormassets/localizeddata/sounds/vo/monkbase_death00_05.wav	6d4de964971c8823870841cdbc915316	37180
mods/heroes.stormmod/enus.stormassets/localizeddata/sounds/vo/monkbase_death00_06.fxe	ef5b406e80c3a2c77d82c9a871a549cd	1737
mods/heroes.stormmod/enus.stormassets/localizeddata/sounds/vo/monkbase_death00_06.wav	ec6f1436fd60c9e59a2ccf96936ee6f7	50748
mods/heroes.stormmod/enus.stormassets/localizeddata/sounds/vo/monkbase_death00_07.fxe	60fe1fa1a3fc3b1355fdeb8019039adc	1673
mods/heroes.stormmod/enus.stormassets/localizeddata/sounds/vo/monkbase_death00_07.wav	6262ffc85d965e421467bbb5c4518c37	63292
mods/heroes.stormmod/enus.stormassets/localizeddata/sounds/vo/monkbase_death00_08.fxe	f943c966d10f5eea3bd155f3de3f4048	1561
mods/heroes.stormmod/enus.stormassets/localizeddata/sounds/vo/monkbase_death00_08.wav	2df16f0ef1ee74dd8dc2c03b85141cef	49212
mods/heroes.stormmod/enus.stormassets/localizeddata/sounds/vo/monkbase_death00_09.fxe	be734662d335b86c5ac6759812114a6b	1449
mods/heroes.stormmod/enus.stormassets/localizeddata/sounds/vo/monkbase_death00_09.wav	b5ca9230f203041cc82150637197058c	55100
mods/heroes.stormmod/enus.stormassets/localizeddata/sounds/vo/monkbase_healed00.fxe	77f8870bbb322b8583ba0b6c19e30343	1303
mods/heroes.stormmod/enus.stormassets/localizeddata/sounds/vo/monkbase_healed00.ogg	b6619f9f44e3e827e79c2508c01ad19f	22376
mods/heroes.stormmod/enus.stormassets/localizeddata/sounds/vo/monkbase_healed01.fxe	385ac9aaeecc9a6b3cbe7750541d0efa	1911
mods/heroes.stormmod/enus.stormassets/localizeddata/sounds/vo/monkbase_healed01.ogg	464d111713325798039489a07b8e1b91	33423
mods/heroes.stormmod/enus.stormassets/localizeddata/sounds/vo/monkbase_healed02.fxe	15ac18f0e9f11844e8c8ac27b9f7e6aa	1639
mods/heroes.stormmod/enus.stormassets/localizeddata/sounds/vo/monkbase_healed02.ogg	59c7cb1efa574b5d2fb379bdd360e48d	34753
mods/heroes.stormmod/enus.stormassets/localizeddata/sounds/vo/monkbase_introagree00.fxe	65db76935a6957fd0da2565667fc2f09	1755
mods/heroes.stormmod/enus.stormassets/localizeddata/sounds/vo/monkbase_introagree00.ogg	ae79278e948520da97129cb2f4fe78d6	32186
mods/heroes.stormmod/enus.stormassets/localizeddata/sounds/vo/monkbase_introagree01.fxe	8c6ecccc715cc693aad084fdd2982907	1387
mods/heroes.stormmod/enus.stormassets/localizeddata/sounds/vo/monkbase_introagree01.ogg	c7fd125292a356c27e44df313e7a9321	22513
mods/heroes.stormmod/enus.stormassets/localizeddata/sounds/vo/monkbase_introagree02.fxe	e359514b433c10c7872f084ab0387279	603
mods/heroes.stormmod/enus.stormassets/localizeddata/sounds/vo/monkbase_introagree02.ogg	91ebcdb813605832853beca7383b5a0a	16841
mods/heroes.stormmod/enus.stormassets/localizeddata/sounds/vo/monkbase_introboast00.fxe	2d53bcbc4e3b830a072066c48264c0ad	2827
mods/heroes.stormmod/enus.stormassets/localizeddata/sounds/vo/monkbase_introboast00.ogg	f23cce3b176394feb935d63f8b2ed3ea	49534
mods/heroes.stormmod/enus.stormassets/localizeddata/sounds/vo/monkbase_introboast01.fxe	41449ce644b1cf9bba224d50895ae492	2491
mods/heroes.stormmod/enus.stormassets/localizeddata/sounds/vo/monkbase_introboast01.ogg	e1d22d39af642bfe067216abfd1282ee	46130
mods/heroes.stormmod/enus.stormassets/localizeddata/sounds/vo/monkbase_introquestion00.fxe	bfe5f7017def2be7778cd393f0062475	2750
mods/heroes.stormmod/enus.stormassets/localizeddata/sounds/vo/monkbase_introquestion00.ogg	21795eddfb32d3ffbe8fdbb7fd4301f8	37963
mods/heroes.stormmod/enus.stormassets/localizeddata/sounds/vo/monkbase_introquestion01.fxe	ef529ea03bde62a8692ca7f3c3c2cea3	2654
mods/heroes.stormmod/enus.stormassets/localizeddata/sounds/vo/monkbase_introquestion01.ogg	791b4e79ff3c57f6c9c79e3c1b233298	41109
mods/heroes.stormmod/enus.stormassets/localizeddata/sounds/vo/monkbase_introquestion_angel00.fxe	3fc9c22a7be25366fb52cb4d3177b862	2420
mods/heroes.stormmod/enus.stormassets/localizeddata/sounds/vo/monkbase_introquestion_angel00.ogg	e8074d7cd5371adf3c1523d080bfedc9	44732
mods/heroes.stormmod/enus.stormassets/localizeddata/sounds/vo/monkbase_introquestion_d3hero00.fxe	0bbca3a4016bf33412b97ac0cceac60d	3253
mods/heroes.stormmod/enus.stormassets/localizeddata/sounds/vo/monkbase_introquestion_d3hero00.ogg	ac9d6b88c488ead4e6351add71e7ca0f	62017
mods/heroes.stormmod/enus.stormassets/localizeddata/sounds/vo/monkbase_introquestion_demon00.fxe	64a0e696ada7f28150a3752691b8bacc	3748
mods/heroes.stormmod/enus.stormassets/localizeddata/sounds/vo/monkbase_introquestion_demon00.ogg	8fbe984bc8dc6c817bad9e462a67e162	58740
mods/heroes.stormmod/enus.stormassets/localizeddata/sounds/vo/monkbase_introquestion_dryad00.fxe	b58e88860471089dc16da34f9342b2c8	2196
mods/heroes.stormmod/enus.stormassets/localizeddata/sounds/vo/monkbase_introquestion_dryad00.ogg	80d129d6b6d3b401ebd64865719d5e45	40238
mods/heroes.stormmod/enus.stormassets/localizeddata/sounds/vo/monkbase_introquestion_leoric00.fxe	22497ca91ffbc12e79e7ab5d4baf4bc1	2117
mods/heroes.stormmod/enus.stormassets/localizeddata/sounds/vo/monkbase_introquestion_leoric00.ogg	23264f5f05915a0013c899828db768c8	36151
mods/heroes.stormmod/enus.stormassets/localizeddata/sounds/vo/monkbase_introquestion_murky00.fxe	cbf3cf7dc373115f9d39f6e7109f242e	3220
mods/heroes.stormmod/enus.stormassets/localizeddata/sounds/vo/monkbase_introquestion_murky00.ogg	afca0721cf1f9ac7985363ef26a3f3df	56875
mods/heroes.stormmod/enus.stormassets/localizeddata/sounds/vo/monkbase_introquestion_negative00.fxe	66210e9e41973aee3dd23c48b0665b69	2887
mods/heroes.stormmod/enus.stormassets/localizeddata/sounds/vo/monkbase_introquestion_negative00.ogg	23deffed07bdab20decc19c863245030	57405
mods/heroes.stormmod/enus.stormassets/localizeddata/sounds/vo/monkbase_introquestion_positive00.fxe	853fc70e0a355205f007fdc3e7868da1	2647
mods/heroes.stormmod/enus.stormassets/localizeddata/sounds/vo/monkbase_introquestion_positive00.ogg	9afbe1bd7bdf3a5e02fa472e5096ce6c	52309
mods/heroes.stormmod/enus.stormassets/localizeddata/sounds/vo/monkbase_introrespond00.fxe	38d70ee0795a76180235a47918977a6f	1741
mods/heroes.stormmod/enus.stormassets/localizeddata/sounds/vo/monkbase_introrespond00.ogg	3056fd1e86019fdd734d1b8cad8f03e3	27388
mods/heroes.stormmod/enus.stormassets/localizeddata/sounds/vo/monkbase_introrespond01.fxe	c402d8e7d06ba56e1974a1651bef830d	2429
mods/heroes.stormmod/enus.stormassets/localizeddata/sounds/vo/monkbase_introrespond01.ogg	72aa83ef7d200d25724b19a452f12ba0	37017
mods/heroes.stormmod/enus.stormassets/localizeddata/sounds/vo/monkbase_introrespond02.fxe	148c979582dda7ff7d24e11ab723d4c2	2621
mods/heroes.stormmod/enus.stormassets/localizeddata/sounds/vo/monkbase_introrespond02.ogg	0cc199825ca73ac6368dc60a930ebcb8	44967
mods/heroes.stormmod/enus.stormassets/localizeddata/sounds/vo/monkbase_introresponse_angel00.fxe	67e8bc85a64307b2a48bf0640d528b28	1828
mods/heroes.stormmod/enus.stormassets/localizeddata/sounds/vo/monkbase_introresponse_angel00.ogg	78a380f9a9691dd8bc1cbcc7d790498e	38024
mods/heroes.stormmod/enus.stormassets/localizeddata/sounds/vo/monkbase_introresponse_angry00.fxe	c3822c3e4b9336b00f231f958930d7b8	2468
mods/heroes.stormmod/enus.stormassets/localizeddata/sounds/vo/monkbase_introresponse_angry00.ogg	92511c988f1ffc8133bdec7d44dc3381	48823
mods/heroes.stormmod/enus.stormassets/localizeddata/sounds/vo/monkbase_introresponse_d3hero00.fxe	99992b965b2abcafb215640be60f2cef	2165
mods/heroes.stormmod/enus.stormassets/localizeddata/sounds/vo/monkbase_introresponse_d3hero00.ogg	644b17f34809ceb4d17ffadbd3ebbcfa	36919
mods/heroes.stormmod/enus.stormassets/localizeddata/sounds/vo/monkbase_introresponse_demon00.fxe	2426aa869b2379e87b8e5cc7486fb058	2116
mods/heroes.stormmod/enus.stormassets/localizeddata/sounds/vo/monkbase_introresponse_demon00.ogg	6679b7fc3a511800eceb7f0b26a29ef5	43687
mods/heroes.stormmod/enus.stormassets/localizeddata/sounds/vo/monkbase_introresponse_dismissive00.fxe	15ebe37bd0c719e43e2e66c6077a84d6	665
mods/heroes.stormmod/enus.stormassets/localizeddata/sounds/vo/monkbase_introresponse_dismissive00.ogg	386710ffe58df05a2c3df099e15cedf7	13747
mods/heroes.stormmod/enus.stormassets/localizeddata/sounds/vo/monkbase_introresponse_dryad00.fxe	4914dcecb98d8471537323655f723fcc	2148
mods/heroes.stormmod/enus.stormassets/localizeddata/sounds/vo/monkbase_introresponse_dryad00.ogg	2c45bbed5894c12306e9cb2a0284f469	43300
mods/heroes.stormmod/enus.stormassets/localizeddata/sounds/vo/monkbase_introresponse_leoric00.fxe	2767a8f30e68e5e1c5654db51dd631f8	2069
mods/heroes.stormmod/enus.stormassets/localizeddata/sounds/vo/monkbase_introresponse_leoric00.ogg	9461f491fe4b0f4c7fccce60208a47c5	37623
mods/heroes.stormmod/enus.stormassets/localizeddata/sounds/vo/monkbase_introresponse_murky00.fxe	044f9debfe3c613f0d5c32b38ea4ab2c	2804
mods/heroes.stormmod/enus.stormassets/localizeddata/sounds/vo/monkbase_introresponse_murky00.ogg	93091f13fdbf35eb0c1cbcf1cb140835	44629
mods/heroes.stormmod/enus.stormassets/localizeddata/sounds/vo/monkbase_introresponse_negative00.fxe	91f0bd2d496372f58272a04fd9b0b31c	2295
mods/heroes.stormmod/enus.stormassets/localizeddata/sounds/vo/monkbase_introresponse_negative00.ogg	d353d61d789263940fe0192d60d61a04	40132
mods/heroes.stormmod/enus.stormassets/localizeddata/sounds/vo/monkbase_introresponse_no00.fxe	37ba16917fa62d4db29fffcbca0690c5	1585
mods/heroes.stormmod/enus.stormassets/localizeddata/sounds/vo/monkbase_introresponse_no00.ogg	06f17feae53c0080bcfc02d6eb7e8104	25475
mods/heroes.stormmod/enus.stormassets/localizeddata/sounds/vo/monkbase_introresponse_positive00.fxe	1d93329607d4174939bb211bca3789cc	2519
mods/heroes.stormmod/enus.stormassets/localizeddata/sounds/vo/monkbase_introresponse_positive00.ogg	a5af194c469d00f15ce47ec4bba29baa	40167
mods/heroes.stormmod/enus.stormassets/localizeddata/sounds/vo/monkbase_kill00.fxe	a75bd70c3ebe2f5ad3bdeb0037df2d97	1349
mods/heroes.stormmod/enus.stormassets/localizeddata/sounds/vo/monkbase_kill00.ogg	64a9259cfc122664af32b03062eea4ea	23400
mods/heroes.stormmod/enus.stormassets/localizeddata/sounds/vo/monkbase_kill01.fxe	ce26d05929ef04b1a4d126d2583f682a	1541
mods/heroes.stormmod/enus.stormassets/localizeddata/sounds/vo/monkbase_kill01.ogg	a3e6d457822fd494fe7fe80236807b88	30970
mods/heroes.stormmod/enus.stormassets/localizeddata/sounds/vo/monkbase_kill02.fxe	6cf4492437b934f668e0d8130ec867d3	1429
mods/heroes.stormmod/enus.stormassets/localizeddata/sounds/vo/monkbase_kill02.ogg	57e40346f5448ccd52f5befde8ea5e44	27913
mods/heroes.stormmod/enus.stormassets/localizeddata/sounds/vo/monkbase_kill03.fxe	f8bf0ff0d5f6041d40e63fdac9f5105d	1141
mods/heroes.stormmod/enus.stormassets/localizeddata/sounds/vo/monkbase_kill03.ogg	23d3382003291f343b8537d48848eccd	18699
mods/heroes.stormmod/enus.stormassets/localizeddata/sounds/vo/monkbase_kill04.fxe	aea3a7d283d23658484827b3e61ea27c	2149
mods/heroes.stormmod/enus.stormassets/localizeddata/sounds/vo/monkbase_kill04.ogg	5ec1a0b22b5c1583d7e1384f7554babc	40066
mods/heroes.stormmod/enus.stormassets/localizeddata/sounds/vo/monkbase_killazmodan00.fxe	f84e8af2c24b93f20cc0258abdcf8172	1580
mods/heroes.stormmod/enus.stormassets/localizeddata/sounds/vo/monkbase_killazmodan00.ogg	7b9bf86cfea85668cd2a1d89c703fc71	25996
mods/heroes.stormmod/enus.stormassets/localizeddata/sounds/vo/monkbase_killbutcher00.fxe	c1aa42015bbfc93a97ef1c76c9fe82ad	2156
mods/heroes.stormmod/enus.stormassets/localizeddata/sounds/vo/monkbase_killbutcher00.ogg	9de30568eed95cdf50c04631950744f3	34890
mods/heroes.stormmod/enus.stormassets/localizeddata/sounds/vo/monkbase_killchen00.fxe	9ba7f358d0bde8d3c00863cd287d8dfa	1481
mods/heroes.stormmod/enus.stormassets/localizeddata/sounds/vo/monkbase_killchen00.ogg	fd32847c4c30d766e1e4c89d7e97c670	31479
mods/heroes.stormmod/enus.stormassets/localizeddata/sounds/vo/monkbase_killd3hero00.fxe	d7067ee1f67af4baeba9782152d7acf4	3003
mods/heroes.stormmod/enus.stormassets/localizeddata/sounds/vo/monkbase_killd3hero00.ogg	78814cbca8517c92b4f8d8b7b2796292	56893
mods/heroes.stormmod/enus.stormassets/localizeddata/sounds/vo/monkbase_killdiablo00.fxe	dfa40bad24a311a8f40898c9971511a6	2427
mods/heroes.stormmod/enus.stormassets/localizeddata/sounds/vo/monkbase_killdiablo00.ogg	432de293025de09c414b66a3abe8db7d	35408
mods/heroes.stormmod/enus.stormassets/localizeddata/sounds/vo/monkbase_killleoric00.fxe	63f5f6c81b4b346f346fd2dcdd1e55c6	2443
mods/heroes.stormmod/enus.stormassets/localizeddata/sounds/vo/monkbase_killleoric00.ogg	e802e1660402b487c5a73a8df1c1baad	42997
mods/heroes.stormmod/enus.stormassets/localizeddata/sounds/vo/monkbase_killspreeend00.fxe	9d6a13735df5ee9fd4b04d7d9931ab75	1357
mods/heroes.stormmod/enus.stormassets/localizeddata/sounds/vo/monkbase_killspreeend00.ogg	393c5daef499bb456c1120b4fd89c684	30330
mods/heroes.stormmod/enus.stormassets/localizeddata/sounds/vo/monkbase_killtyrael00.fxe	dec47132c691841ca788010da90a620d	2651
mods/heroes.stormmod/enus.stormassets/localizeddata/sounds/vo/monkbase_killtyrael00.ogg	e49ba0cd6d6918be431b163a6cac4792	44463
mods/heroes.stormmod/enus.stormassets/localizeddata/sounds/vo/monkbase_laugh00_01.fxe	109282e6c0e9d9af5b63f0b695a272f5	2505
mods/heroes.stormmod/enus.stormassets/localizeddata/sounds/vo/monkbase_laugh00_01.ogg	d1d95fbe2a3356a8eb5ba3fd0c991277	29681
mods/heroes.stormmod/enus.stormassets/localizeddata/sounds/vo/monkbase_laugh00_02.fxe	93869a2beff39c42b6c9bff2be1798fb	2473
mods/heroes.stormmod/enus.stormassets/localizeddata/sounds/vo/monkbase_laugh00_02.ogg	2609241ead57c2a8c0df4e571799831b	26653
mods/heroes.stormmod/enus.stormassets/localizeddata/sounds/vo/monkbase_laugh00_03.fxe	2658635f625ef26e10a543a985bf5348	2441
mods/heroes.stormmod/enus.stormassets/localizeddata/sounds/vo/monkbase_laugh00_03.ogg	6a704ead5571a63f54264b6329c4716b	28216
mods/heroes.stormmod/enus.stormassets/localizeddata/sounds/vo/monkbase_laugh00_04.fxe	786cd18b6f321d51973e9ad42b7f5e26	2121
mods/heroes.stormmod/enus.stormassets/localizeddata/sounds/vo/monkbase_laugh00_04.ogg	14369286ea54c64a3fa8f9fd8d6e756a	25511
mods/heroes.stormmod/enus.stormassets/localizeddata/sounds/vo/monkbase_laugh00_05.fxe	41b35fbd822f6bb8b227782bae6ea9c0	2617
mods/heroes.stormmod/enus.stormassets/localizeddata/sounds/vo/monkbase_laugh00_05.ogg	a1b3b923b455e7099cf3182401cff4bf	29262
mods/heroes.stormmod/enus.stormassets/localizeddata/sounds/vo/monkbase_laugh00_06.fxe	e051256520a569a38008cbdf09961403	2057
mods/heroes.stormmod/enus.stormassets/localizeddata/sounds/vo/monkbase_laugh00_06.ogg	cb6b0c66d8ceabdf6cc953a9a8cea42f	33672
mods/heroes.stormmod/enus.stormassets/localizeddata/sounds/vo/monkbase_laugh00_07.fxe	da2f13ecfcad88a0b1d4f13fbc30bae6	2825
mods/heroes.stormmod/enus.stormassets/localizeddata/sounds/vo/monkbase_laugh00_07.ogg	73f7ba93bf6835c83ec5c6ca08805da0	35660
mods/heroes.stormmod/enus.stormassets/localizeddata/sounds/vo/monkbase_laugh00_08.fxe	056896753bb686e423b8013a60b1a28d	2905
mods/heroes.stormmod/enus.stormassets/localizeddata/sounds/vo/monkbase_laugh00_08.ogg	45feb53e28cdbbcf2ab0f643cff2265c	35514
mods/heroes.stormmod/enus.stormassets/localizeddata/sounds/vo/monkbase_laugh00_09.fxe	e2bfc767c10908751392450570b0a035	2761
mods/heroes.stormmod/enus.stormassets/localizeddata/sounds/vo/monkbase_laugh00_09.ogg	9046f3a61f23341d901a53d0d628508f	35957
mods/heroes.stormmod/enus.stormassets/localizeddata/sounds/vo/monkbase_laugh00_10.fxe	76beced773e7b7994a38e5bcee9a7512	1865
mods/heroes.stormmod/enus.stormassets/localizeddata/sounds/vo/monkbase_laugh00_10.ogg	5d62db1b07a07fece7537f8919586318	25445
mods/heroes.stormmod/enus.stormassets/localizeddata/sounds/vo/monkbase_laugh00_11.fxe	931e2c21bf85d84a480800f60c47bd26	1929
mods/heroes.stormmod/enus.stormassets/localizeddata/sounds/vo/monkbase_laugh00_11.ogg	2d6b203aebd8d5f2ce8e7aabf3a5a695	25431
mods/heroes.stormmod/enus.stormassets/localizeddata/sounds/vo/monkbase_laugh00_12.fxe	16e5bba0a41ca958e7950bbd6aca75a6	1769
mods/heroes.stormmod/enus.stormassets/localizeddata/sounds/vo/monkbase_laugh00_12.ogg	52b1178e3fd67dc1062c224684f490ba	21078
mods/heroes.stormmod/enus.stormassets/localizeddata/sounds/vo/monkbase_laugh00_13.fxe	4efdfbd614d08e3ba8a3ba89dbc04796	2681
mods/heroes.stormmod/enus.stormassets/localizeddata/sounds/vo/monkbase_laugh00_13.ogg	86ce5ba44581e73b4cbcad65a38c6bd4	32664
mods/heroes.stormmod/enus.stormassets/localizeddata/sounds/vo/monkbase_lowlifeheal00.fxe	47035040db22d1d544b18df869fb1d3f	1756
mods/heroes.stormmod/enus.stormassets/localizeddata/sounds/vo/monkbase_lowlifeheal00.ogg	84aa721c81298947985c124f42d349af	40401
mods/heroes.stormmod/enus.stormassets/localizeddata/sounds/vo/monkbase_lowlifeheal01.fxe	726737dc7543891d3e6a3b966e357ab1	1692
mods/heroes.stormmod/enus.stormassets/localizeddata/sounds/vo/monkbase_lowlifeheal01.ogg	b4747ff47abd9552f435c0f3ef08730f	37523
mods/heroes.stormmod/enus.stormassets/localizeddata/sounds/vo/monkbase_lowlifeheal02.fxe	8ada1a3d6552997da62cd17c3d43ea63	2108
mods/heroes.stormmod/enus.stormassets/localizeddata/sounds/vo/monkbase_lowlifeheal02.ogg	e920dcefeb13d101c44422497b76f34a	43264
mods/heroes.stormmod/enus.stormassets/localizeddata/sounds/vo/monkbase_lowmana00.fxe	6cb275132c4d699160cc19eb5400f6ef	1320
mods/heroes.stormmod/enus.stormassets/localizeddata/sounds/vo/monkbase_lowmana00.ogg	cbd4497f81bb6a06f63a0f26bc946f65	24027
mods/heroes.stormmod/enus.stormassets/localizeddata/sounds/vo/monkbase_lowmana01.fxe	d6959e3d35fb980a0515d8170cefb484	1592
mods/heroes.stormmod/enus.stormassets/localizeddata/sounds/vo/monkbase_lowmana01.ogg	7a266f62cf11bf2163fc14781f80fb79	27166
mods/heroes.stormmod/enus.stormassets/localizeddata/sounds/vo/monkbase_lowmana02.fxe	3b6c83165a26cf4a4d790966b842ccef	1192
mods/heroes.stormmod/enus.stormassets/localizeddata/sounds/vo/monkbase_lowmana02.ogg	398684880bc7472483749d5f36260e53	23824
mods/heroes.stormmod/enus.stormassets/localizeddata/sounds/vo/monkbase_matchend00.ogg	a9a2a973ccd73f1a38d88881f9e19b50	16586
mods/heroes.stormmod/enus.stormassets/localizeddata/sounds/vo/monkbase_no00.fxe	34f557d4bdf96b1ec107e69806d1004e	1379
mods/heroes.stormmod/enus.stormassets/localizeddata/sounds/vo/monkbase_no00.ogg	bb719dd0ea07515e616680c3eecf71b9	23614
mods/heroes.stormmod/enus.stormassets/localizeddata/sounds/vo/monkbase_no01.fxe	3c7b092de7511f770ca3831345a6f40b	1971
mods/heroes.stormmod/enus.stormassets/localizeddata/sounds/vo/monkbase_no01.ogg	c071ec0abd99af002e24f8f841ae4194	30260
mods/heroes.stormmod/enus.stormassets/localizeddata/sounds/vo/monkbase_no02.fxe	f80ec2244870d555f99f132624a433c3	1683
mods/heroes.stormmod/enus.stormassets/localizeddata/sounds/vo/monkbase_no02.ogg	a5914f8f7697bb7664a9d39bea514b3d	26721
mods/heroes.stormmod/enus.stormassets/localizeddata/sounds/vo/monkbase_ping_assisthero00.fxe	1bdd54fa77d9adcb705c5ea9385a6e90	1616
mods/heroes.stormmod/enus.stormassets/localizeddata/sounds/vo/monkbase_ping_assisthero00.ogg	99bb749c00ecc3646f69e2b30f7cde91	25554
mods/heroes.stormmod/enus.stormassets/localizeddata/sounds/vo/monkbase_ping_assistme00.fxe	24dd9ecaaf3bf6c3c7d8a55b1e5bd048	1630
mods/heroes.stormmod/enus.stormassets/localizeddata/sounds/vo/monkbase_ping_assistme00.ogg	f754b225953c9f605085c7be6c7d28b4	25247
mods/heroes.stormmod/enus.stormassets/localizeddata/sounds/vo/monkbase_ping_assistme01.fxe	222c86b1bc078ae8ebe67faa39f2e498	1982
mods/heroes.stormmod/enus.stormassets/localizeddata/sounds/vo/monkbase_ping_assistme01.ogg	d1843482e763c53b2f85978b73954aec	26439
mods/heroes.stormmod/enus.stormassets/localizeddata/sounds/vo/monkbase_ping_attackcastle00.fxe	e52a71dcb77bb732501c73984b580a29	2530
mods/heroes.stormmod/enus.stormassets/localizeddata/sounds/vo/monkbase_ping_attackcastle00.ogg	48ec5fca30e503eab8097e36da0d3165	35323
mods/heroes.stormmod/enus.stormassets/localizeddata/sounds/vo/monkbase_ping_attackmerc00.fxe	24182897e883c4dab8de32cf1123d5de	2448
mods/heroes.stormmod/enus.stormassets/localizeddata/sounds/vo/monkbase_ping_attackmerc00.ogg	91a7269c38d802bdb7797d0a1a7e8437	34985
mods/heroes.stormmod/enus.stormassets/localizeddata/sounds/vo/monkbase_ping_attackoutpost00.fxe	610e41d37b8ee79d9c4ee4ac338d52fb	1811
mods/heroes.stormmod/enus.stormassets/localizeddata/sounds/vo/monkbase_ping_attackoutpost00.ogg	85758f6570b299c315763d38e2111ff0	26541
mods/heroes.stormmod/enus.stormassets/localizeddata/sounds/vo/monkbase_ping_attacktower00.fxe	40b0c3d0583033f278a4465d786ae623	1729
mods/heroes.stormmod/enus.stormassets/localizeddata/sounds/vo/monkbase_ping_attacktower00.ogg	b4c832c2af9fd0f371e563afa39046b5	26579
mods/heroes.stormmod/enus.stormassets/localizeddata/sounds/vo/monkbase_ping_danger00.fxe	6195c828f5039cfae60b92277228aa97	1052
mods/heroes.stormmod/enus.stormassets/localizeddata/sounds/vo/monkbase_ping_danger00.ogg	b33b9f72a061c2e1c07188bf53db6787	14635
mods/heroes.stormmod/enus.stormassets/localizeddata/sounds/vo/monkbase_ping_danger01.fxe	ed0c7e4aad481a8cc52e7130c04f866e	1852
mods/heroes.stormmod/enus.stormassets/localizeddata/sounds/vo/monkbase_ping_danger01.ogg	e0d7311eabd6eb6672116e69f6a32ded	29469
mods/heroes.stormmod/enus.stormassets/localizeddata/sounds/vo/monkbase_ping_defend00.fxe	902e64f60deccaa475b7e103e113b9ce	2636
mods/heroes.stormmod/enus.stormassets/localizeddata/sounds/vo/monkbase_ping_defend00.ogg	72072bc5523764fb34f14272659a47c5	35434
mods/heroes.stormmod/enus.stormassets/localizeddata/sounds/vo/monkbase_ping_defendcastle00.fxe	1afbc2e03306979139c0eab413dbc409	1634
mods/heroes.stormmod/enus.stormassets/localizeddata/sounds/vo/monkbase_ping_defendcastle00.ogg	6fa50a515637f6e10351fe1c53a3cae0	29939
mods/heroes.stormmod/enus.stormassets/localizeddata/sounds/vo/monkbase_ping_defendoutpost00.fxe	3c2ac29ed2665ed588b5474f67e834fc	1475
mods/heroes.stormmod/enus.stormassets/localizeddata/sounds/vo/monkbase_ping_defendoutpost00.ogg	aecd0c04d19d083a732f86f89555a528	22988
mods/heroes.stormmod/enus.stormassets/localizeddata/sounds/vo/monkbase_ping_defendthing00.fxe	79a4c26f0956790a312214836fe218fb	1489
mods/heroes.stormmod/enus.stormassets/localizeddata/sounds/vo/monkbase_ping_defendthing00.ogg	2bef8655787cc77fa7502819a9e382e9	22511
mods/heroes.stormmod/enus.stormassets/localizeddata/sounds/vo/monkbase_ping_defendthing01.fxe	68ebb785e716343785fc94ca1155d4e3	2161
mods/heroes.stormmod/enus.stormassets/localizeddata/sounds/vo/monkbase_ping_defendthing01.ogg	2028142a26b267178588d9833ea8aa3b	29212
mods/heroes.stormmod/enus.stormassets/localizeddata/sounds/vo/monkbase_ping_defendtower00.fxe	83ae2dd0d0003608ddcbf059ff29a207	1729
mods/heroes.stormmod/enus.stormassets/localizeddata/sounds/vo/monkbase_ping_defendtower00.ogg	ec82cd2d5e43ee48e368758e99152329	27050
mods/heroes.stormmod/enus.stormassets/localizeddata/sounds/vo/monkbase_ping_enemymissing00.fxe	78b7308c0426a0eb0934955e7a38ca2f	2338
mods/heroes.stormmod/enus.stormassets/localizeddata/sounds/vo/monkbase_ping_enemymissing00.ogg	b50745c4b1ed269bac2427a1f3ccaae0	37968
mods/heroes.stormmod/enus.stormassets/localizeddata/sounds/vo/monkbase_ping_enemymissing01.fxe	b1dcb071bc58e04016f529756d9037e3	2930
mods/heroes.stormmod/enus.stormassets/localizeddata/sounds/vo/monkbase_ping_enemymissing01.ogg	42a2b1bb82bab5ad0d9077a829fde769	55926
mods/heroes.stormmod/enus.stormassets/localizeddata/sounds/vo/monkbase_ping_killhero00.fxe	7f9b152c81be4a44c5222be895bd1d68	2334
mods/heroes.stormmod/enus.stormassets/localizeddata/sounds/vo/monkbase_ping_killhero00.ogg	d6e4d1209720ce1bdce821e7803daae4	43360
mods/heroes.stormmod/enus.stormassets/localizeddata/sounds/vo/monkbase_ping_onmyway00.fxe	0a5667c0346d405377287fdb6fd5bc92	1469
mods/heroes.stormmod/enus.stormassets/localizeddata/sounds/vo/monkbase_ping_onmyway00.ogg	7cd693767991adbb280da902221d3aa9	18194
mods/heroes.stormmod/enus.stormassets/localizeddata/sounds/vo/monkbase_ping_onmyway01.fxe	67f757bb25277dabdb3a90136f1f63af	1565
mods/heroes.stormmod/enus.stormassets/localizeddata/sounds/vo/monkbase_ping_onmyway01.ogg	e14764a40c63518b30d573acf2184051	20056
mods/heroes.stormmod/enus.stormassets/localizeddata/sounds/vo/monkbase_ping_retreat00.fxe	0c572f0a77438d5ba77cf1b84069d506	1005
mods/heroes.stormmod/enus.stormassets/localizeddata/sounds/vo/monkbase_ping_retreat00.ogg	3ad47a6f2656acb09c131b10d3a76a23	14919
mods/heroes.stormmod/enus.stormassets/localizeddata/sounds/vo/monkbase_ping_retreat01.fxe	e7ea1f20b46c1d1e2333dba1a01ac9de	1213
mods/heroes.stormmod/enus.stormassets/localizeddata/sounds/vo/monkbase_ping_retreat01.ogg	16269498d2e2e987ad27dc7fa3c1c57a	21380
mods/heroes.stormmod/enus.stormassets/localizeddata/sounds/vo/monkbase_pissed00.fxe	06aee1490c656acc30fde2d72c1ae40b	1735
mods/heroes.stormmod/enus.stormassets/localizeddata/sounds/vo/monkbase_pissed00.ogg	3ad2d7480e717da969e6e4d1af2844c1	29346
mods/heroes.stormmod/enus.stormassets/localizeddata/sounds/vo/monkbase_pissed01.fxe	1204b8999ce7484f8c322756a6f14cf2	4375
mods/heroes.stormmod/enus.stormassets/localizeddata/sounds/vo/monkbase_pissed01.ogg	3939323d072b41268e9650b1343aa9da	72837
mods/heroes.stormmod/enus.stormassets/localizeddata/sounds/vo/monkbase_pissed02.fxe	02fe9290348987df5eaaef7d5a6b9bd2	3431
mods/heroes.stormmod/enus.stormassets/localizeddata/sounds/vo/monkbase_pissed02.ogg	ffd202fd9266ed98aeba6d1e8c535122	70850
mods/heroes.stormmod/enus.stormassets/localizeddata/sounds/vo/monkbase_pissed03.fxe	90a4cf97381eea97c83482a449b819f9	4887
mods/heroes.stormmod/enus.stormassets/localizeddata/sounds/vo/monkbase_pissed03.ogg	608059f1dcd7169485a801368fed4c9e	93647
mods/heroes.stormmod/enus.stormassets/localizeddata/sounds/vo/monkbase_pissed04.fxe	575a544db190899214f7eadf3034d290	5687
mods/heroes.stormmod/enus.stormassets/localizeddata/sounds/vo/monkbase_pissed04.ogg	c7f640b9701bbfca2f12de5badb54388	118422
mods/heroes.stormmod/enus.stormassets/localizeddata/sounds/vo/monkbase_pissed05.fxe	69ff68d710dd533f7a3749553539eb32	8055
mods/heroes.stormmod/enus.stormassets/localizeddata/sounds/vo/monkbase_pissed05.ogg	921d5c18a1caadf0f05354c0af95ccb3	154539
mods/heroes.stormmod/enus.stormassets/localizeddata/sounds/vo/monkbase_pissed06.fxe	8b40ab6f9320c9167b7eca7004015dc3	5847
mods/heroes.stormmod/enus.stormassets/localizeddata/sounds/vo/monkbase_pissed06.ogg	586b1827ebc9c2456a775ac59bf48e9d	108616
mods/heroes.stormmod/enus.stormassets/localizeddata/sounds/vo/monkbase_pissed07.fxe	e96d79493b195c3163356f33b2249e43	7687
mods/heroes.stormmod/enus.stormassets/localizeddata/sounds/vo/monkbase_pissed07.ogg	77cce561742d5fef459f124d06b34f8e	148271
mods/heroes.stormmod/enus.stormassets/localizeddata/sounds/vo/monkbase_pissed08.fxe	e14f2c9c59f2a866f5a3414944509ef2	4007
mods/heroes.stormmod/enus.stormassets/localizeddata/sounds/vo/monkbase_pissed08.ogg	556512f1c4c3fa43af2f8a524572b96f	79620
mods/heroes.stormmod/enus.stormassets/localizeddata/sounds/vo/monkbase_pissed09.fxe	a1af3fb4f91add0badb6fa1e03bc7e22	5975
mods/heroes.stormmod/enus.stormassets/localizeddata/sounds/vo/monkbase_pissed09.ogg	222688193f6266d5f58c8b792bdcf963	113964
mods/heroes.stormmod/enus.stormassets/localizeddata/sounds/vo/monkbase_pissed10.fxe	cc14e7ee12a9d836d49e07a0a592f568	4503
mods/heroes.stormmod/enus.stormassets/localizeddata/sounds/vo/monkbase_pissed10.ogg	0f108ea9894b3c8797fa544a1e8b437a	86094
mods/heroes.stormmod/enus.stormassets/localizeddata/sounds/vo/monkbase_pissed13.fxe	6736116e4eb4adcdd31c13bfeb940eea	5703
mods/heroes.stormmod/enus.stormassets/localizeddata/sounds/vo/monkbase_pissed13.ogg	226f45bb3d0e3bc6817989756be966fd	112871
mods/heroes.stormmod/enus.stormassets/localizeddata/sounds/vo/monkbase_pissed15.fxe	61fae3a42d1d40c74559a2283980d9de	9751
mods/heroes.stormmod/enus.stormassets/localizeddata/sounds/vo/monkbase_pissed15.ogg	62766ba7fe9facba1bfd0c19f9a2a16e	215629
mods/heroes.stormmod/enus.stormassets/localizeddata/sounds/vo/monkbase_pissed16.fxe	04e11cf95083f875d096bb5393496ad5	5575
mods/heroes.stormmod/enus.stormassets/localizeddata/sounds/vo/monkbase_pissed16.ogg	51e0ad958b2a8766c1998a933ac0e6c5	86658
mods/heroes.stormmod/enus.stormassets/localizeddata/sounds/vo/monkbase_pissed17.fxe	cedd00c49642fabae0e971be2b9d9d80	4727
mods/heroes.stormmod/enus.stormassets/localizeddata/sounds/vo/monkbase_pissed17.ogg	b32ad0f3e5e0b89a466cad86a8caf49c	80246
mods/heroes.stormmod/enus.stormassets/localizeddata/sounds/vo/monkbase_pissed18.fxe	c43aa285afff2ff28d14a763929e7762	3895
mods/heroes.stormmod/enus.stormassets/localizeddata/sounds/vo/monkbase_pissed18.ogg	0d8fa0f0bb240941673bba9bd6aea553	63280
mods/heroes.stormmod/enus.stormassets/localizeddata/sounds/vo/monkbase_resurrected00.fxe	36de10a04237d7e1f5f32c6ec678d3c6	2156
mods/heroes.stormmod/enus.stormassets/localizeddata/sounds/vo/monkbase_resurrected00.ogg	946547019035015e4ac4fae38367855a	46277
mods/heroes.stormmod/enus.stormassets/localizeddata/sounds/vo/monkbase_resurrected01.fxe	fda51494a99a66995d106e3941db6ab5	2428
mods/heroes.stormmod/enus.stormassets/localizeddata/sounds/vo/monkbase_resurrected01.ogg	be1d6311b5002d326f9ab8e463cc063f	53294
mods/heroes.stormmod/enus.stormassets/localizeddata/sounds/vo/monkbase_revive00.fxe	7ce5817784679beff9669237ecfc20a8	2135
mods/heroes.stormmod/enus.stormassets/localizeddata/sounds/vo/monkbase_revive00.ogg	0ee2f9f6cfcdf6c1509312a36da77314	35629
mods/heroes.stormmod/enus.stormassets/localizeddata/sounds/vo/monkbase_revive01.fxe	8c66d012c1ebc964867f003d9722133a	1943
mods/heroes.stormmod/enus.stormassets/localizeddata/sounds/vo/monkbase_revive01.ogg	97520c6d8df8d25e1c490fd2995e8051	32674
mods/heroes.stormmod/enus.stormassets/localizeddata/sounds/vo/monkbase_revive02.fxe	78333a8a7e6e7be4f90b7d08a0ca3ca8	1607
mods/heroes.stormmod/enus.stormassets/localizeddata/sounds/vo/monkbase_revive02.ogg	80d7b46818f4de733a3e164a5b9a0bad	32282
mods/heroes.stormmod/enus.stormassets/localizeddata/sounds/vo/monkbase_spec00.fxe	89ffae72dd43d2791d79c8fde2da5098	1957
mods/heroes.stormmod/enus.stormassets/localizeddata/sounds/vo/monkbase_spec00.ogg	b8cbdd4aebd634ddda3415428f68950a	29604
mods/heroes.stormmod/enus.stormassets/localizeddata/sounds/vo/monkbase_spec01.fxe	350ff9e8b09b44ee42759de758afd2ad	1717
mods/heroes.stormmod/enus.stormassets/localizeddata/sounds/vo/monkbase_spec01.ogg	2fce306c46b4eeff40396ca18921982e	28846
mods/heroes.stormmod/enus.stormassets/localizeddata/sounds/vo/monkbase_spec02.fxe	563457f3d437dd649d78915f68fd40fd	1573
mods/heroes.stormmod/enus.stormassets/localizeddata/sounds/vo/monkbase_spec02.ogg	688edbaf6a5cae75531d90be3ee4144c	30187
mods/heroes.stormmod/enus.stormassets/localizeddata/sounds/vo/monkbase_spec03.fxe	77e02fdd1bf2649e9352f033261d44df	1957
mods/heroes.stormmod/enus.stormassets/localizeddata/sounds/vo/monkbase_spec03.ogg	bcb67b8e89e60a260683e1b170ab1146	39275
mods/heroes.stormmod/enus.stormassets/localizeddata/sounds/vo/monkbase_spec04.fxe	dd21b3279975229fcad8886801e44637	1781
mods/heroes.stormmod/enus.stormassets/localizeddata/sounds/vo/monkbase_spec04.ogg	d28f0121d29753a60f21d740c43c70a3	28594
mods/heroes.stormmod/enus.stormassets/localizeddata/sounds/vo/monkbase_taunt00.fxe	3dd2b08ec9300545b8ca3824e7845741	2294
mods/heroes.stormmod/enus.stormassets/localizeddata/sounds/vo/monkbase_taunt00.ogg	c0057454cabfdf207a014df17383a720	34202
mods/heroes.stormmod/enus.stormassets/localizeddata/sounds/vo/monkbase_taunt01.fxe	d2a880b4f04d9d9dcea7ed322234e50f	1798
mods/heroes.stormmod/enus.stormassets/localizeddata/sounds/vo/monkbase_taunt01.ogg	95416c167c626f3f50d875a8c2782238	44647
mods/heroes.stormmod/enus.stormassets/localizeddata/sounds/vo/monkbase_taunt02.fxe	e519961030ff2339234330bc1e481f3e	2230
mods/heroes.stormmod/enus.stormassets/localizeddata/sounds/vo/monkbase_taunt02.ogg	a6b7e066a66e146f096fbeb1b60a8ede	47778
mods/heroes.stormmod/enus.stormassets/localizeddata/sounds/vo/monkbase_teamkilled00.fxe	13ddfa0a1935c9945aba0cb79297a503	2427
mods/heroes.stormmod/enus.stormassets/localizeddata/sounds/vo/monkbase_teamkilled00.ogg	8e59c4dc9f9835f075d1db46b0d5e308	51994
mods/heroes.stormmod/enus.stormassets/localizeddata/sounds/vo/monkbase_ui_exlocked00.fxe	63b0c40f2283960c194b6c9a0684d2d1	2140
mods/heroes.stormmod/enus.stormassets/localizeddata/sounds/vo/monkbase_ui_exlocked00.ogg	0d876b878f79bc3ae50c52086b4dd41d	36042
mods/heroes.stormmod/enus.stormassets/localizeddata/sounds/vo/monkbase_ui_expurchased00.fxe	43932059522ea4796217a84fe88eadf7	1935
mods/heroes.stormmod/enus.stormassets/localizeddata/sounds/vo/monkbase_ui_expurchased00.ogg	b37f38b64d5a29b5a210e0d1fe9df586	27445
mods/heroes.stormmod/enus.stormassets/localizeddata/sounds/vo/monkbase_ui_gift00.fxe	8f341b43008354e4782c12d8b4fbe625	1976
mods/heroes.stormmod/enus.stormassets/localizeddata/sounds/vo/monkbase_ui_gift00.ogg	cfc9672b04652f88848cfd6be8d698a3	34768
mods/heroes.stormmod/enus.stormassets/localizeddata/sounds/vo/monkbase_ui_lockin00.fxe	3a1ef6bc7724965e812f142f8b6c7122	1754
mods/heroes.stormmod/enus.stormassets/localizeddata/sounds/vo/monkbase_ui_lockin00.ogg	1d4881eca4be337abbbcf43a2e0385fb	27435
mods/heroes.stormmod/enus.stormassets/localizeddata/sounds/vo/monkbase_ui_purchase00.fxe	0041701e3437ce1d1c1b106661fd3fe0	2460
mods/heroes.stormmod/enus.stormassets/localizeddata/sounds/vo/monkbase_ui_purchase00.ogg	b2790077fdb36218b24ea3a205fb6a22	37435
mods/heroes.stormmod/enus.stormassets/localizeddata/sounds/vo/monkbase_ui_trial00.fxe	af3790645740caf560c34365edf20e24	1737
mods/heroes.stormmod/enus.stormassets/localizeddata/sounds/vo/monkbase_ui_trial00.ogg	d85b9fd23bc9a327cce74ab964949dc9	37474
mods/heroes.stormmod/enus.stormassets/localizeddata/sounds/vo/monkbase_ui_trial01.fxe	1a3e42d30e768d13018e842b030ecca7	2089
mods/heroes.stormmod/enus.stormassets/localizeddata/sounds/vo/monkbase_ui_trial01.ogg	ed5416f719d689d397dc4d181efeb446	45893
mods/heroes.stormmod/enus.stormassets/localizeddata/sounds/vo/monkbase_ui_waitlocked00.fxe	41083c31834947af93b23e5a98687da0	2222
mods/heroes.stormmod/enus.stormassets/localizeddata/sounds/vo/monkbase_ui_waitlocked00.ogg	27d2b9613eb3ff5b3f7b620395f4de0f	39103
mods/heroes.stormmod/enus.stormassets/localizeddata/sounds/vo/monkbase_ui_waitlocked01.fxe	461bcf6f8f79588dd77c88688fbc2309	2718
mods/heroes.stormmod/enus.stormassets/localizeddata/sounds/vo/monkbase_ui_waitlocked01.ogg	6cb36d461a490f683147a24412ff1a00	46485
mods/heroes.stormmod/enus.stormassets/localizeddata/sounds/vo/monkbase_ui_waitpurchased00.fxe	7ee75cc819b29242a37a7e57a6ef84d9	2353
mods/heroes.stormmod/enus.stormassets/localizeddata/sounds/vo/monkbase_ui_waitpurchased00.ogg	31efb1dfa9b76b009167fccb655cfd3e	34942
mods/heroes.stormmod/enus.stormassets/localizeddata/sounds/vo/monkbase_ui_waitpurchased01.fxe	5d0a8d95a28e0a18f2b682ba95f7b969	2513
mods/heroes.stormmod/enus.stormassets/localizeddata/sounds/vo/monkbase_ui_waitpurchased01.ogg	32bf4a176b99a789cc9ef3c61df66c2b	44775
mods/heroes.stormmod/enus.stormassets/localizeddata/sounds/vo/monkbase_ultimate1used00.fxe	57539cae93fd070cf5555dd98eeb03f3	1806
mods/heroes.stormmod/enus.stormassets/localizeddata/sounds/vo/monkbase_ultimate1used00.ogg	deff88f4bbff92f4ddc8b74d58c64e0c	29290
mods/heroes.stormmod/enus.stormassets/localizeddata/sounds/vo/monkbase_ultimate1used01.fxe	fcb278fc2a9c6d67d4a614592ab33646	1710
mods/heroes.stormmod/enus.stormassets/localizeddata/sounds/vo/monkbase_ultimate1used01.ogg	8b59abf5ad6351806284cd3025d8da6e	28336
mods/heroes.stormmod/enus.stormassets/localizeddata/sounds/vo/monkbase_ultimate2used00.fxe	52ad27368b604d4efd74e0d7d91b5ad9	2478
mods/heroes.stormmod/enus.stormassets/localizeddata/sounds/vo/monkbase_ultimate2used00.ogg	e956e957d1271f32cc683b81422932bc	35336
mods/heroes.stormmod/enus.stormassets/localizeddata/sounds/vo/monkbase_ultimate2used01.fxe	e795f8eae0e60640842acebdd1de2bfe	1918
mods/heroes.stormmod/enus.stormassets/localizeddata/sounds/vo/monkbase_ultimate2used01.ogg	f09df75aefdbbbf33598ff4849f7909b	29782
mods/heroes.stormmod/enus.stormassets/localizeddata/sounds/vo/monkbase_voicelinefive00.fxe	affbd303e29d25a1f27011d5a2c7f7a3	1646
mods/heroes.stormmod/enus.stormassets/localizeddata/sounds/vo/monkbase_voicelinefive00.ogg	360145015038c668adc636f101ad0d31	29361
mods/heroes.stormmod/enus.stormassets/localizeddata/sounds/vo/monkbase_voicelinefour00.fxe	9eaaec71919e322c4883f4d460919005	1614
mods/heroes.stormmod/enus.stormassets/localizeddata/sounds/vo/monkbase_voicelinefour00.ogg	75044d1013d5900fca8ed4e2ca5d6d7e	29926
mods/heroes.stormmod/enus.stormassets/localizeddata/sounds/vo/monkbase_voicelineone00.fxe	dd1bcb4204ab42d51fb20cf4eb7a319a	1645
mods/heroes.stormmod/enus.stormassets/localizeddata/sounds/vo/monkbase_voicelineone00.ogg	be7f478c49ac40c3363b805b4185591f	31156
mods/heroes.stormmod/enus.stormassets/localizeddata/sounds/vo/monkbase_voicelinethree00.fxe	e004830cbf392073e16f4fdd9190efc3	1567
mods/heroes.stormmod/enus.stormassets/localizeddata/sounds/vo/monkbase_voicelinethree00.ogg	a5914f8f7697bb7664a9d39bea514b3d	26721
mods/heroes.stormmod/enus.stormassets/localizeddata/sounds/vo/monkbase_voicelinetwo00.fxe	426328d4d40fadc05a366c7f6c725f7b	1629
mods/heroes.stormmod/enus.stormassets/localizeddata/sounds/vo/monkbase_voicelinetwo00.ogg	12b089e602a784a6f472aa14f6b4b66f	28374
mods/heroes.stormmod/enus.stormassets/localizeddata/sounds/vo/monkbase_vox_attack00.fxe	7823f5258cc7a492fe5d4f11d9ceaa74	1323
mods/heroes.stormmod/enus.stormassets/localizeddata/sounds/vo/monkbase_vox_attack01.fxe	1c415fed90245b3d0f4a208daad7bef7	1323
mods/heroes.stormmod/enus.stormassets/localizeddata/sounds/vo/monkbase_vox_attack02.fxe	ec2f9a7aa1f1e861a91b511f72b0d3d8	1323
mods/heroes.stormmod/enus.stormassets/localizeddata/sounds/vo/monkbase_vox_attack03.fxe	88e0b600a789a3846570e1875001e3f0	1323
mods/heroes.stormmod/enus.stormassets/localizeddata/sounds/vo/monkbase_vox_attack04.fxe	c1783588b9d725941f79b7bc35cb35fa	1323
mods/heroes.stormmod/enus.stormassets/localizeddata/sounds/vo/monkbase_vox_castinge00.fxe	c3633bb8b430fa92e0a27d2589bcb5f3	1325
mods/heroes.stormmod/enus.stormassets/localizeddata/sounds/vo/monkbase_vox_castinge01.fxe	a03e04e7a35efdfe777b5eef5e70fe0d	1325
mods/heroes.stormmod/enus.stormassets/localizeddata/sounds/vo/monkbase_vox_castinge02.fxe	9a46bbabf277ad2359a9ae811512aa61	1325
mods/heroes.stormmod/enus.stormassets/localizeddata/sounds/vo/monkbase_vox_castinge03.fxe	180f2c55792757464760e2eb879d3ab7	1325
mods/heroes.stormmod/enus.stormassets/localizeddata/sounds/vo/monkbase_vox_castinge04.fxe	f86fafb457b26417af620cabedd47f33	1325
mods/heroes.stormmod/enus.stormassets/localizeddata/sounds/vo/monkbase_vox_castingq00.fxe	c93de3598b042b1a1ae57e81890ea403	1325
mods/heroes.stormmod/enus.stormassets/localizeddata/sounds/vo/monkbase_vox_castingq01.fxe	8825ecb519316afa9923ba58e682e102	1325
mods/heroes.stormmod/enus.stormassets/localizeddata/sounds/vo/monkbase_vox_castingq02.fxe	902c41e5182dff916f3a584bd733ec33	1325
mods/heroes.stormmod/enus.stormassets/localizeddata/sounds/vo/monkbase_vox_castingq03.fxe	db5b1e64c87f65bf85b1217aba5c8d64	1325
mods/heroes.stormmod/enus.stormassets/localizeddata/sounds/vo/monkbase_vox_castingq04.fxe	67ca3ab976e5dd5a7653cc8faa25c510	1325
mods/heroes.stormmod/enus.stormassets/localizeddata/sounds/vo/monkbase_vox_castingw00.fxe	dcb58c158c96f408c496c812b9a5f8e1	1325
mods/heroes.stormmod/enus.stormassets/localizeddata/sounds/vo/monkbase_vox_castingw01.fxe	60af82cbad9ec13f52197fcf4c8f8b34	1325
mods/heroes.stormmod/enus.stormassets/localizeddata/sounds/vo/monkbase_vox_castingw02.fxe	1d22c60fd57274c7e79372a10d8c71a0	1325
mods/heroes.stormmod/enus.stormassets/localizeddata/sounds/vo/monkbase_vox_castingw03.fxe	3643ca77b4d46487adf59b238d0c6c00	1325
mods/heroes.stormmod/enus.stormassets/localizeddata/sounds/vo/monkbase_vox_castingw04.fxe	bf2b2a4a21801797d8838f6aec4c9b3f	1325
mods/heroes.stormmod/enus.stormassets/localizeddata/sounds/vo/monkbase_vox_cheer00.fxe	1eba7606e0a927fc81dfe35e1ecefe45	1370
mods/heroes.stormmod/enus.stormassets/localizeddata/sounds/vo/monkbase_vox_cheer00.ogg	f214d94b87f5ec7cd0ab79b964bef095	17438
mods/heroes.stormmod/enus.stormassets/localizeddata/sounds/vo/monkbase_vox_cheer01.fxe	01b6906b305c47f580d5d0a7d3931048	1610
mods/heroes.stormmod/enus.stormassets/localizeddata/sounds/vo/monkbase_vox_cheer01.ogg	965d192451f1337fa78652d4acfe54be	18476
mods/heroes.stormmod/enus.stormassets/localizeddata/sounds/vo/monkbase_vox_cheer02.fxe	2cadfea08ab7460aa60d6ba47c2c327c	1370
mods/heroes.stormmod/enus.stormassets/localizeddata/sounds/vo/monkbase_vox_cheer02.ogg	66387329a97f74664b2d31cf6760043e	18611
mods/heroes.stormmod/enus.stormassets/localizeddata/sounds/vo/monkbase_vox_pulled00.fxe	76b85038e559c14fbd333ff2774a2810	1323
mods/heroes.stormmod/enus.stormassets/localizeddata/sounds/vo/monkbase_vox_pulled00.ogg	4bf609ad2ccb64b7dfb9349961e23880	7302
mods/heroes.stormmod/enus.stormassets/localizeddata/sounds/vo/monkbase_vox_pulled01.fxe	088097f2e90d50a507dadc0265719f7f	1323
mods/heroes.stormmod/enus.stormassets/localizeddata/sounds/vo/monkbase_vox_pulled01.ogg	8d3864481802b5a530943eb6a6cc5f1d	7050
mods/heroes.stormmod/enus.stormassets/localizeddata/sounds/vo/monkbase_vox_pulled02.fxe	c893b2c8ce21938003756603cdd60dfe	1323
mods/heroes.stormmod/enus.stormassets/localizeddata/sounds/vo/monkbase_vox_pulled02.ogg	8309f9867dbe7fc27b722378885917b4	9228
mods/heroes.stormmod/enus.stormassets/localizeddata/sounds/vo/monkbase_vox_pulled03.fxe	aeac8cefe555790b2731c9ce1efe1a8b	1323
mods/heroes.stormmod/enus.stormassets/localizeddata/sounds/vo/monkbase_vox_pulled03.ogg	f317ccea0eb03f3e4a36fde125fcd1ae	7295
mods/heroes.stormmod/enus.stormassets/localizeddata/sounds/vo/monkbase_vox_pulled04.fxe	b936cb9f7821b19617285118a1cede36	1323
mods/heroes.stormmod/enus.stormassets/localizeddata/sounds/vo/monkbase_vox_pulled04.ogg	75bc6838f77a3151e83b74fdaf932439	8094
mods/heroes.stormmod/enus.stormassets/localizeddata/sounds/vo/monkbase_vox_pulled05.fxe	681b7a49d6e8d3e3850dcc53f08f51a9	1323
mods/heroes.stormmod/enus.stormassets/localizeddata/sounds/vo/monkbase_vox_pulled05.ogg	456e89bf4f004cc2781bdaf12fbdb6f4	10600
mods/heroes.stormmod/enus.stormassets/localizeddata/sounds/vo/monkbase_vox_pulled06.fxe	d04d145284be38a5f62589d36c61fd69	939
mods/heroes.stormmod/enus.stormassets/localizeddata/sounds/vo/monkbase_vox_pulled06.ogg	65c286bc3a70a328be6cebfe393bd929	8909
mods/heroes.stormmod/enus.stormassets/localizeddata/sounds/vo/monkbase_worthit00.fxe	86e1ef1110b22b70e441425911597de0	3000
mods/heroes.stormmod/enus.stormassets/localizeddata/sounds/vo/monkbase_worthit00.ogg	84395453fa381bf947361625f9da840b	55069
mods/heroes.stormmod/enus.stormassets/localizeddata/sounds/vo/monkbase_worthit01.fxe	ba3e64788f6f4b1935387b29cebe9977	2008
mods/heroes.stormmod/enus.stormassets/localizeddata/sounds/vo/monkbase_worthit01.ogg	bc1784e578abbf1eae53e2cf45d27f94	39122
mods/heroes.stormmod/enus.stormassets/localizeddata/sounds/vo/monkbase_yes00.fxe	de32deeaf8d69203c0afc94487cb4d34	932
mods/heroes.stormmod/enus.stormassets/localizeddata/sounds/vo/monkbase_yes00.ogg	3e5f8812a51caaa369b230505f8b281c	17546
mods/heroes.stormmod/enus.stormassets/localizeddata/sounds/vo/monkbase_yes01.fxe	000de84eee3ed436b1fb4cd27adec77a	900
mods/heroes.stormmod/enus.stormassets/localizeddata/sounds/vo/monkbase_yes01.ogg	642bab2833267c607f3944dc53fe1188	14054
mods/heroes.stormmod/enus.stormassets/localizeddata/sounds/vo/monkbase_yes02.fxe	ad2daaecf61b5b1c389c4315165bb017	1732
mods/heroes.stormmod/enus.stormassets/localizeddata/sounds/vo/monkbase_yes02.ogg	75044d1013d5900fca8ed4e2ca5d6d7e	29926
mods/heroes.stormmod/enus.stormassets/localizeddata/sounds/vo/monkbase_yes03.fxe	0cfc03d81ae2145e7cf9db2269055c4f	1652
mods/heroes.stormmod/enus.stormassets/localizeddata/sounds/vo/monkbase_yes03.ogg	f60b0e64e5bb938103ad23da85de0556	29081
mods/heroes.stormmod/enus.stormassets/localizeddata/sounds/vo/monkbase_yes04.fxe	34fe43b741c370562572e8b2c94b16cb	1524
mods/heroes.stormmod/enus.stormassets/localizeddata/sounds/vo/monkbase_yes04.ogg	6c282aa9d662e3ae08e3ade6db582cb1	30996
mods/heroes.stormmod/enus.stormassets/localizeddata/sounds/vo/monkbase_yes05.fxe	57dca64b66b87522d2dc7afbc617c412	1860
mods/heroes.stormmod/enus.stormassets/localizeddata/sounds/vo/monkbase_yes05.ogg	1b1ece46b8069e95c8f663adcd7fd0cf	32120
mods/heroes.stormmod/enus.stormassets/localizeddata/sounds/vo/monkbase_yes06.fxe	546ff8d616f5a6ed6d0785bf74fb05c9	1508
mods/heroes.stormmod/enus.stormassets/localizeddata/sounds/vo/monkbase_yes06.ogg	544a1d73198d62b1c962a48d53df8e9f	28247
mods/heroes.stormmod/enus.stormassets/localizeddata/sounds/vo/monkbase_yes07.fxe	226be31053d01a4e2bdd5df4bcc6d3a8	2052
mods/heroes.stormmod/enus.stormassets/localizeddata/sounds/vo/monkbase_yes07.ogg	9f723846be92f99c33aaf8b11f0a74be	36598
mods/heroes.stormmod/enus.stormassets/localizeddata/sounds/vo/monkbase_yes08.fxe	a20ceae97c575671be7e7c5c23426aab	1412
mods/heroes.stormmod/enus.stormassets/localizeddata/sounds/vo/monkbase_yes08.ogg	55ea18ed5594212f3328adf830c8edb7	24219
mods/heroes.stormmod/enus.stormassets/localizeddata/sounds/vo/monkspring19_ai_attack00.ogg	39a4bb7502f13a583be9ce1bf82a5692	26389
mods/heroes.stormmod/enus.stormassets/localizeddata/sounds/vo/monkspring19_ai_attack01.ogg	6e3587d8c6c27df28f009e76adc7e0ca	31792
mods/heroes.stormmod/enus.stormassets/localizeddata/sounds/vo/monkspring19_ai_attack02.ogg	1f27ef7e1908836674df644a1262c3e9	24353
mods/heroes.stormmod/enus.stormassets/localizeddata/sounds/vo/monkspring19_ai_caution00.ogg	87e2c7db7a91b17ffb842d42bd9e4796	20517
mods/heroes.stormmod/enus.stormassets/localizeddata/sounds/vo/monkspring19_ai_goodjob00.ogg	db1950b45c39bde7d4d6dd2ee07cd9bc	23854
mods/heroes.stormmod/enus.stormassets/localizeddata/sounds/vo/monkspring19_ai_goodjob01.ogg	59e9f2ed9f00037abd09b817b20cdeaa	19309
mods/heroes.stormmod/enus.stormassets/localizeddata/sounds/vo/monkspring19_ai_goodjob02.ogg	fa96609dd6101c5ad42f297bebd462f0	24061
mods/heroes.stormmod/enus.stormassets/localizeddata/sounds/vo/monkspring19_ai_heal00.ogg	82b876d69f577f6a53bcb711502c8000	22894
mods/heroes.stormmod/enus.stormassets/localizeddata/sounds/vo/monkspring19_ai_heal01.ogg	dfac7ae81a1d6cec4b730db865217658	46943
mods/heroes.stormmod/enus.stormassets/localizeddata/sounds/vo/monkspring19_ai_onmyway00.ogg	9ca16282240d0893525824f53b4db1e6	20665
mods/heroes.stormmod/enus.stormassets/localizeddata/sounds/vo/monkspring19_ai_onmyway01.ogg	dc3cfd75a2c6d13286fc3dbddf69e3fc	15293
mods/heroes.stormmod/enus.stormassets/localizeddata/sounds/vo/monkspring19_ai_retreat00.ogg	5ac2ebe323c7fd49b31732270f072744	19640
mods/heroes.stormmod/enus.stormassets/localizeddata/sounds/vo/monkspring19_ai_retreat01.ogg	62fffdaa78073260491460b53b7d1232	16611
mods/heroes.stormmod/enus.stormassets/localizeddata/sounds/vo/monkspring19_ai_uhoh00.ogg	b41473ffd567fddcf7bf18cc774ac471	22882
mods/heroes.stormmod/enus.stormassets/localizeddata/sounds/vo/monkspring19_ai_uhoh01.ogg	d890b2186b89ca0d8090cca67bcf399a	14959
mods/heroes.stormmod/enus.stormassets/localizeddata/sounds/vo/monkspring19_ai_uhoh02.ogg	e49621b345db9283b656b0cd0b112050	27936
mods/heroes.stormmod/enus.stormassets/localizeddata/sounds/vo/monkspring19_attack00_alt.ogg	bb11e26908b45daa9346dad3764c87f1	27697
mods/heroes.stormmod/enus.stormassets/localizeddata/sounds/vo/monkspring19_attack01.ogg	9a27dbf83769131b30b6b80bdd18b86a	29731
mods/heroes.stormmod/enus.stormassets/localizeddata/sounds/vo/monkspring19_attack02.ogg	3ff652252c1c0c71c1870b084be5963e	29015
mods/heroes.stormmod/enus.stormassets/localizeddata/sounds/vo/monkspring19_attack03.ogg	0b34e8a5bd21a70b98a4b9ed768078b1	23850
mods/heroes.stormmod/enus.stormassets/localizeddata/sounds/vo/monkspring19_attack04.ogg	5c3b60f6e045e966703663456101aab5	24338
mods/heroes.stormmod/enus.stormassets/localizeddata/sounds/vo/monkspring19_attack05.ogg	389b6adf5eafb8511a125fd50ece1842	29710
mods/heroes.stormmod/enus.stormassets/localizeddata/sounds/vo/monkspring19_attack06.ogg	9e5a45720e637ce581ed5eef3b2b7f38	28793
mods/heroes.stormmod/enus.stormassets/localizeddata/sounds/vo/monkspring19_celebrate00.ogg	3dea544c21a08ab36e95cf91562ae1c8	19468
mods/heroes.stormmod/enus.stormassets/localizeddata/sounds/vo/monkspring19_celebrate01.ogg	a1260765c2cc4a0a5b470f7de6b8f70f	27886
mods/heroes.stormmod/enus.stormassets/localizeddata/sounds/vo/monkspring19_comeback00.ogg	f081141f2b27b5debddacf70b5e9014c	48620
mods/heroes.stormmod/enus.stormassets/localizeddata/sounds/vo/monkspring19_death00_01.wav	0520225dd0bfdde3131573154931228e	39740
mods/heroes.stormmod/enus.stormassets/localizeddata/sounds/vo/monkspring19_death00_02.wav	2f4daab132fce25080d45969958bae0f	43836
mods/heroes.stormmod/enus.stormassets/localizeddata/sounds/vo/monkspring19_death00_03.wav	e984d3d6e61ed29529f7a82ce262a0f9	48956
mods/heroes.stormmod/enus.stormassets/localizeddata/sounds/vo/monkspring19_death00_04.wav	b60d3a798f47c2172cf1181ddbe16b19	37436
mods/heroes.stormmod/enus.stormassets/localizeddata/sounds/vo/monkspring19_death00_05.wav	0b5f014cf1bd2237d8d31c0ae4cf2cb5	37180
mods/heroes.stormmod/enus.stormassets/localizeddata/sounds/vo/monkspring19_death00_06.wav	a918b5650f3022c40ef6273c2908f983	50748
mods/heroes.stormmod/enus.stormassets/localizeddata/sounds/vo/monkspring19_death00_07.wav	6c9921eca66a11221705ae8aba12e3ec	63292
mods/heroes.stormmod/enus.stormassets/localizeddata/sounds/vo/monkspring19_death00_08.wav	e1d36798036a76b1418ec33e610bdda9	49212
mods/heroes.stormmod/enus.stormassets/localizeddata/sounds/vo/monkspring19_death00_09.wav	c26dea8dbcf19a87ad039409dc908afa	55100
mods/heroes.stormmod/enus.stormassets/localizeddata/sounds/vo/monkspring19_healed00.ogg	82ab8d7822db40ad71cb32622b061a03	21804
mods/heroes.stormmod/enus.stormassets/localizeddata/sounds/vo/monkspring19_healed01.ogg	865f1112cb6562e430a79a35636f3e59	31650
mods/heroes.stormmod/enus.stormassets/localizeddata/sounds/vo/monkspring19_healed02.ogg	0b0c4ff5f504b33277198f7b621db42c	31889
mods/heroes.stormmod/enus.stormassets/localizeddata/sounds/vo/monkspring19_introagree00.ogg	b5773850c1e334682492b4a087777367	29297
mods/heroes.stormmod/enus.stormassets/localizeddata/sounds/vo/monkspring19_introagree01.ogg	0e729680ecf376c7bc3b6f436eebb5c1	22639
mods/heroes.stormmod/enus.stormassets/localizeddata/sounds/vo/monkspring19_introagree02.ogg	5b5b47990c9f5d226b9e7ba19abdcefc	16743
mods/heroes.stormmod/enus.stormassets/localizeddata/sounds/vo/monkspring19_introboast00.ogg	ddcb015153a6b1537b0666ad78887855	45564
mods/heroes.stormmod/enus.stormassets/localizeddata/sounds/vo/monkspring19_introboast01.ogg	e90670458167d0d844ff2c53140c3878	42857
mods/heroes.stormmod/enus.stormassets/localizeddata/sounds/vo/monkspring19_introquestion00.ogg	92f1d3b8c9200b5dbab8f94ed741be31	34435
mods/heroes.stormmod/enus.stormassets/localizeddata/sounds/vo/monkspring19_introquestion01.ogg	80292e364c37851e77b8a8cd932c57b5	38459
mods/heroes.stormmod/enus.stormassets/localizeddata/sounds/vo/monkspring19_introquestion_angel00.ogg	a1d054d06ecb53884fc3a7831066638c	42622
mods/heroes.stormmod/enus.stormassets/localizeddata/sounds/vo/monkspring19_introquestion_d3hero00.ogg	333afb231ed544c70fdb1f9c1b80b6c1	58548
mods/heroes.stormmod/enus.stormassets/localizeddata/sounds/vo/monkspring19_introquestion_demon00.ogg	f632f7b733c3d4d1e61cc61939c640b6	54787
mods/heroes.stormmod/enus.stormassets/localizeddata/sounds/vo/monkspring19_introquestion_dryad00.ogg	1b1232cb2ed3109dfd07c4db526e3771	37151
mods/heroes.stormmod/enus.stormassets/localizeddata/sounds/vo/monkspring19_introquestion_leoric00.ogg	feb7f375b5a80c3083d500c0a84e33e2	33908
mods/heroes.stormmod/enus.stormassets/localizeddata/sounds/vo/monkspring19_introquestion_murky00.ogg	21370035e142768dee634b9f6a2b4b11	53822
mods/heroes.stormmod/enus.stormassets/localizeddata/sounds/vo/monkspring19_introquestion_negative00.ogg	862dae227492d726bb19d21935d4ab30	52472
mods/heroes.stormmod/enus.stormassets/localizeddata/sounds/vo/monkspring19_introquestion_positive00.ogg	113178a4dda1c747c8cda8f5e3aee323	49033
mods/heroes.stormmod/enus.stormassets/localizeddata/sounds/vo/monkspring19_introrespond00.ogg	72b6d44ce7e75ffce7a7cc11d4a12e36	25324
mods/heroes.stormmod/enus.stormassets/localizeddata/sounds/vo/monkspring19_introrespond01.ogg	c521d22473c596aed56b4d98a948e2d6	33796
mods/heroes.stormmod/enus.stormassets/localizeddata/sounds/vo/monkspring19_introrespond02.ogg	6659a5f54fbf8d9ff198e7812b0ac670	42781
mods/heroes.stormmod/enus.stormassets/localizeddata/sounds/vo/monkspring19_introresponse_angel00.ogg	1f835c89e5d5401f20aa342c640e195d	33413
mods/heroes.stormmod/enus.stormassets/localizeddata/sounds/vo/monkspring19_introresponse_angry00.ogg	a91be3103373563d23ab6b714ca7e40c	46444
mods/heroes.stormmod/enus.stormassets/localizeddata/sounds/vo/monkspring19_introresponse_d3hero00.ogg	280d1f1c6b1310a5cbe39b5310728284	34139
mods/heroes.stormmod/enus.stormassets/localizeddata/sounds/vo/monkspring19_introresponse_demon00.ogg	9fa747ace5cf99b1535515ec0622e319	40555
mods/heroes.stormmod/enus.stormassets/localizeddata/sounds/vo/monkspring19_introresponse_dismissive00.ogg	f8e817696eb9cb6e1ec7a628288dc273	13844
mods/heroes.stormmod/enus.stormassets/localizeddata/sounds/vo/monkspring19_introresponse_dryad00.ogg	4521425115c5b05802aabf21de172dc2	40433
mods/heroes.stormmod/enus.stormassets/localizeddata/sounds/vo/monkspring19_introresponse_leoric00.ogg	c4820a7368de1416e86ee3d61e0a57ba	31270
mods/heroes.stormmod/enus.stormassets/localizeddata/sounds/vo/monkspring19_introresponse_murky00.ogg	1038b15f006ee5499d30d2164653990f	42406
mods/heroes.stormmod/enus.stormassets/localizeddata/sounds/vo/monkspring19_introresponse_negative00.ogg	105a5ee16cf98fa9b3c5efaeed8acd3f	37993
mods/heroes.stormmod/enus.stormassets/localizeddata/sounds/vo/monkspring19_introresponse_no00.ogg	6d81c8dc17ed81340cdb6225a1743743	23462
mods/heroes.stormmod/enus.stormassets/localizeddata/sounds/vo/monkspring19_introresponse_positive00.ogg	c4a7d542c56dcba97db51d875beeaf6a	36828
mods/heroes.stormmod/enus.stormassets/localizeddata/sounds/vo/monkspring19_kill00.ogg	62890a879a54ec0d6c03078d22601de9	20610
mods/heroes.stormmod/enus.stormassets/localizeddata/sounds/vo/monkspring19_kill01.ogg	15c59a58644c694c8aba7f7398336eea	30039
mods/heroes.stormmod/enus.stormassets/localizeddata/sounds/vo/monkspring19_kill02.ogg	533ebd00edce09d1d42b7e39bc52f8bd	27751
mods/heroes.stormmod/enus.stormassets/localizeddata/sounds/vo/monkspring19_kill03.ogg	78a4fb09f1d3f31e40d125637306ed04	18269
mods/heroes.stormmod/enus.stormassets/localizeddata/sounds/vo/monkspring19_kill04.ogg	19c9a4dc7a8b523128ca7cde188e1a67	37234
mods/heroes.stormmod/enus.stormassets/localizeddata/sounds/vo/monkspring19_killazmodan00.ogg	22a99439ed80f5e9bf720725b1b3dc75	24772
mods/heroes.stormmod/enus.stormassets/localizeddata/sounds/vo/monkspring19_killbutcher00.ogg	7e0fc4d09c90af1708dd19db7844f92b	33578
mods/heroes.stormmod/enus.stormassets/localizeddata/sounds/vo/monkspring19_killchen00.ogg	d048e830cbcf305eb0e6fdc23f7b2641	30414
mods/heroes.stormmod/enus.stormassets/localizeddata/sounds/vo/monkspring19_killd3hero00.ogg	2095bded140c894ed2c8c2f5eb784a6f	50258
mods/heroes.stormmod/enus.stormassets/localizeddata/sounds/vo/monkspring19_killdiablo00.ogg	56e4d3d216fe9a67633cf19102370ffe	33032
mods/heroes.stormmod/enus.stormassets/localizeddata/sounds/vo/monkspring19_killleoric00.ogg	f42b39da46bb6d0f3dff40d7976f2765	41478
mods/heroes.stormmod/enus.stormassets/localizeddata/sounds/vo/monkspring19_killspreeend00.ogg	94727b3f32997f4137f475773c5a837e	28569
mods/heroes.stormmod/enus.stormassets/localizeddata/sounds/vo/monkspring19_killtyrael00.ogg	2ace862543375cd544e3b30510e34e7e	39418
mods/heroes.stormmod/enus.stormassets/localizeddata/sounds/vo/monkspring19_laugh00_01.ogg	07f614f140fbecd9736dac29af4e51b6	29062
mods/heroes.stormmod/enus.stormassets/localizeddata/sounds/vo/monkspring19_laugh00_02.ogg	024ce2750db7504aee5812a22dc56c1d	26008
mods/heroes.stormmod/enus.stormassets/localizeddata/sounds/vo/monkspring19_laugh00_03.ogg	17d86732249e534de3d0ebdd8a7d6ed0	26814
mods/heroes.stormmod/enus.stormassets/localizeddata/sounds/vo/monkspring19_laugh00_04.ogg	f3dd9057da09f0bfe794db0cfa7b1e20	23504
mods/heroes.stormmod/enus.stormassets/localizeddata/sounds/vo/monkspring19_laugh00_05.ogg	0bd768f1258bbaa2ad0796001d6d2031	27557
mods/heroes.stormmod/enus.stormassets/localizeddata/sounds/vo/monkspring19_laugh00_06.ogg	a5f0c21545dfb8c6271e1a085a5bd3a6	27348
mods/heroes.stormmod/enus.stormassets/localizeddata/sounds/vo/monkspring19_laugh00_07.ogg	be90dd270717a88661f2413925da0045	35093
mods/heroes.stormmod/enus.stormassets/localizeddata/sounds/vo/monkspring19_laugh00_08.ogg	b10d998726337b04676b0db59d37369f	33896
mods/heroes.stormmod/enus.stormassets/localizeddata/sounds/vo/monkspring19_laugh00_09.ogg	d260939c6affb53ccfeae89b7e247e49	34841
mods/heroes.stormmod/enus.stormassets/localizeddata/sounds/vo/monkspring19_laugh00_10.ogg	2d63a998d032d4ebfa163fb801f2c326	23362
mods/heroes.stormmod/enus.stormassets/localizeddata/sounds/vo/monkspring19_laugh00_11.ogg	345943081555ace5755accb05d29b61a	23672
mods/heroes.stormmod/enus.stormassets/localizeddata/sounds/vo/monkspring19_laugh00_12.ogg	05ec974c74dfb30f7fbe8de3c4f29762	21230
mods/heroes.stormmod/enus.stormassets/localizeddata/sounds/vo/monkspring19_laugh00_13.ogg	959358081174d3c571de12e03932c218	31091
mods/heroes.stormmod/enus.stormassets/localizeddata/sounds/vo/monkspring19_lowlifeheal00.ogg	4d4008254c84bd85ab9174f5e899cf87	38134
mods/heroes.stormmod/enus.stormassets/localizeddata/sounds/vo/monkspring19_lowlifeheal01.ogg	069580791959ae7ade168665c9f227c5	35910
mods/heroes.stormmod/enus.stormassets/localizeddata/sounds/vo/monkspring19_lowlifeheal02.ogg	3cba35ba4e23589e0803341460093782	39675
mods/heroes.stormmod/enus.stormassets/localizeddata/sounds/vo/monkspring19_lowmana00.ogg	cfa0f239f3db4566b74c49a705c50e34	22671
mods/heroes.stormmod/enus.stormassets/localizeddata/sounds/vo/monkspring19_lowmana01.ogg	b4383b63121c6dfc41c6f9a507d57ee2	24702
mods/heroes.stormmod/enus.stormassets/localizeddata/sounds/vo/monkspring19_lowmana02.ogg	68e2dc566830f12ee2fac3bf97194e01	22057
mods/heroes.stormmod/enus.stormassets/localizeddata/sounds/vo/monkspring19_no00.ogg	4cbe37c93f8f6956804d6a1f0a464248	23129
mods/heroes.stormmod/enus.stormassets/localizeddata/sounds/vo/monkspring19_no01.ogg	4d36afac9eaf4c43c35faed54282a957	29488
mods/heroes.stormmod/enus.stormassets/localizeddata/sounds/vo/monkspring19_no02.ogg	54381285b4b221c72151ac3e7f62184b	25748
mods/heroes.stormmod/enus.stormassets/localizeddata/sounds/vo/monkspring19_ping_assisthero00.ogg	c7e24b5f7b812c4e1bf749d88a8453b4	25106
mods/heroes.stormmod/enus.stormassets/localizeddata/sounds/vo/monkspring19_ping_assistme00.ogg	092650e07f048a62d2982d99e5787ef0	24229
mods/heroes.stormmod/enus.stormassets/localizeddata/sounds/vo/monkspring19_ping_assistme01.ogg	d9d1317ba441bf3ae112b37c6ca614d6	25347
mods/heroes.stormmod/enus.stormassets/localizeddata/sounds/vo/monkspring19_ping_attackcastle00.ogg	100b0466b3784530bc8ba4272214ab3e	34484
mods/heroes.stormmod/enus.stormassets/localizeddata/sounds/vo/monkspring19_ping_attackmerc00.ogg	1c23befc154e68ce8649133524672f88	32380
mods/heroes.stormmod/enus.stormassets/localizeddata/sounds/vo/monkspring19_ping_attackoutpost00.ogg	641be27eedce465c2038deb314907e43	25452
mods/heroes.stormmod/enus.stormassets/localizeddata/sounds/vo/monkspring19_ping_attacktower00.ogg	801d1dcf07fc81e593c9c603dc6fa0be	25560
mods/heroes.stormmod/enus.stormassets/localizeddata/sounds/vo/monkspring19_ping_danger00.ogg	14e7129fb233bee2e219ab469a3579a9	14343
mods/heroes.stormmod/enus.stormassets/localizeddata/sounds/vo/monkspring19_ping_danger01.ogg	d4434e00a623b6c589582b017fa7009c	26243
mods/heroes.stormmod/enus.stormassets/localizeddata/sounds/vo/monkspring19_ping_defend00.ogg	cd3e6c8597ac0488a645ed37cc31d551	34465
mods/heroes.stormmod/enus.stormassets/localizeddata/sounds/vo/monkspring19_ping_defendcastle00.ogg	8efb3149ddcd5381b062f2ccb9f7b1fc	28963
mods/heroes.stormmod/enus.stormassets/localizeddata/sounds/vo/monkspring19_ping_defendoutpost00.ogg	6a6d27abbb80d4185999995c1c10a4c1	22454
mods/heroes.stormmod/enus.stormassets/localizeddata/sounds/vo/monkspring19_ping_defendthing00.ogg	d2f4369f5395f857b03576aa1b42e9ec	20594
mods/heroes.stormmod/enus.stormassets/localizeddata/sounds/vo/monkspring19_ping_defendthing01.ogg	8f0626c3c8017c913016eae1dcc3dab2	28032
mods/heroes.stormmod/enus.stormassets/localizeddata/sounds/vo/monkspring19_ping_defendtower00.ogg	612b822110802190fbbd51137b04d576	26128
mods/heroes.stormmod/enus.stormassets/localizeddata/sounds/vo/monkspring19_ping_enemymissing00.ogg	fb280943e57d83cd2ecd4c3803f24ed9	35223
mods/heroes.stormmod/enus.stormassets/localizeddata/sounds/vo/monkspring19_ping_enemymissing01.ogg	1afe9ed8061b72910280090585f1283f	52677
mods/heroes.stormmod/enus.stormassets/localizeddata/sounds/vo/monkspring19_ping_killhero00.ogg	0fb77e67a2482147540ec07af4ba13e6	40987
mods/heroes.stormmod/enus.stormassets/localizeddata/sounds/vo/monkspring19_ping_onmyway00.ogg	2e3671bc756772bff095cb948cb460a4	17465
mods/heroes.stormmod/enus.stormassets/localizeddata/sounds/vo/monkspring19_ping_onmyway01.ogg	62d5386300aa191bd7ccc15731a16823	19710
mods/heroes.stormmod/enus.stormassets/localizeddata/sounds/vo/monkspring19_ping_retreat00.ogg	b56f8d96ecf489a9e9a26762e6a145d7	14742
mods/heroes.stormmod/enus.stormassets/localizeddata/sounds/vo/monkspring19_ping_retreat01.ogg	eb7bde3ebe29a5496be24010089583d8	21446
mods/heroes.stormmod/enus.stormassets/localizeddata/sounds/vo/monkspring19_pissed00.ogg	e8ead8b3742ef7ded2c28dfc0c4b0a92	28022
mods/heroes.stormmod/enus.stormassets/localizeddata/sounds/vo/monkspring19_pissed01.ogg	7db5a4f57b37554cf43e84ed13ec37d5	64675
mods/heroes.stormmod/enus.stormassets/localizeddata/sounds/vo/monkspring19_pissed02.ogg	d636e974c9e22cac222864448c4f891c	64854
mods/heroes.stormmod/enus.stormassets/localizeddata/sounds/vo/monkspring19_pissed03.ogg	016fdc4b10428d2d4d143ca3ce6a3c9e	88078
mods/heroes.stormmod/enus.stormassets/localizeddata/sounds/vo/monkspring19_pissed04.ogg	031ad39346f8e98e359dcaf0f3826f2f	107124
mods/heroes.stormmod/enus.stormassets/localizeddata/sounds/vo/monkspring19_pissed05.ogg	d050942f5fb62856d602fce2d51c2716	139413
mods/heroes.stormmod/enus.stormassets/localizeddata/sounds/vo/monkspring19_pissed06.ogg	5ce493ab55c5d9d5041ddb0679aac7f4	98489
mods/heroes.stormmod/enus.stormassets/localizeddata/sounds/vo/monkspring19_pissed07.ogg	f17bac8de3e8c67c3071f0ecae551090	132344
mods/heroes.stormmod/enus.stormassets/localizeddata/sounds/vo/monkspring19_pissed08.ogg	81d4f3c27e38d0a02928d1bb6c266a64	72619
mods/heroes.stormmod/enus.stormassets/localizeddata/sounds/vo/monkspring19_pissed09.ogg	d22bc126809e1f58a5a8b95b828457f4	106708
mods/heroes.stormmod/enus.stormassets/localizeddata/sounds/vo/monkspring19_pissed10.ogg	84a1509803482e0af2d7d3a7f72c6fb9	81259
mods/heroes.stormmod/enus.stormassets/localizeddata/sounds/vo/monkspring19_pissed13.ogg	2f84ff2100f9e8e840af294cd7ceeeb7	106125
mods/heroes.stormmod/enus.stormassets/localizeddata/sounds/vo/monkspring19_pissed15.ogg	311fe14f65c4b95d0163b01aca73b009	205572
mods/heroes.stormmod/enus.stormassets/localizeddata/sounds/vo/monkspring19_pissed16.ogg	91d2f822c20405cb5cca7425ae70b243	80494
mods/heroes.stormmod/enus.stormassets/localizeddata/sounds/vo/monkspring19_pissed17.ogg	7c3fd18d02e97924659b496b952185e3	78088
mods/heroes.stormmod/enus.stormassets/localizeddata/sounds/vo/monkspring19_pissed18.ogg	7773e2ab45f5433a962f0f4b828da915	59657
mods/heroes.stormmod/enus.stormassets/localizeddata/sounds/vo/monkspring19_resurrected00.ogg	171db1b40bde2df8d971b5f9d0db08be	43122
mods/heroes.stormmod/enus.stormassets/localizeddata/sounds/vo/monkspring19_resurrected01.ogg	a1b6b8052bb2f60639e699d15f6c7a8b	50735
mods/heroes.stormmod/enus.stormassets/localizeddata/sounds/vo/monkspring19_revive00.ogg	9f856c2dc5b4abf94da3194bb63dd167	34962
mods/heroes.stormmod/enus.stormassets/localizeddata/sounds/vo/monkspring19_revive01.ogg	3beb4d73eae7213a3ce48674db65b1ec	31767
mods/heroes.stormmod/enus.stormassets/localizeddata/sounds/vo/monkspring19_revive02.ogg	3d3c07ad50dfebeaf1c5f9c282924ce3	29391
mods/heroes.stormmod/enus.stormassets/localizeddata/sounds/vo/monkspring19_spec00.ogg	8c0bc72ae07d944ed7536d16b5c88605	29914
mods/heroes.stormmod/enus.stormassets/localizeddata/sounds/vo/monkspring19_spec01.ogg	410ef3a305cf10ab2274ad44864350df	27848
mods/heroes.stormmod/enus.stormassets/localizeddata/sounds/vo/monkspring19_spec02.ogg	6d663c813f2ac5bac5f3c9c70e3afeec	26925
mods/heroes.stormmod/enus.stormassets/localizeddata/sounds/vo/monkspring19_spec03.ogg	4c0c04a45a8024a943c2065e0f216da1	37277
mods/heroes.stormmod/enus.stormassets/localizeddata/sounds/vo/monkspring19_spec04.ogg	f3732fdaf8b10d5c71826ec50cd165fa	27249
mods/heroes.stormmod/enus.stormassets/localizeddata/sounds/vo/monkspring19_taunt00.ogg	822f6c41a635aa88e7680a8ac461c950	32896
mods/heroes.stormmod/enus.stormassets/localizeddata/sounds/vo/monkspring19_taunt01.ogg	759f8474c3a9d9f84d508696d4d063aa	41786
mods/heroes.stormmod/enus.stormassets/localizeddata/sounds/vo/monkspring19_taunt02.ogg	4570cf3717c38dbb5db0a08b78fb3ad1	44238
mods/heroes.stormmod/enus.stormassets/localizeddata/sounds/vo/monkspring19_teamkilled00.ogg	33dfcfce5da50423b0ac0bed5c9ce2d1	49683
mods/heroes.stormmod/enus.stormassets/localizeddata/sounds/vo/monkspring19_ui_exlocked00.ogg	32b9a25e33e3f8c7b72b95666c6d36a4	32022
mods/heroes.stormmod/enus.stormassets/localizeddata/sounds/vo/monkspring19_ui_expurchased00.ogg	ff483e1ce7608caed17a8fbee6694a02	25530
mods/heroes.stormmod/enus.stormassets/localizeddata/sounds/vo/monkspring19_ui_gift00.ogg	c5d901678296ff00e0ecffed9d0970aa	31305
mods/heroes.stormmod/enus.stormassets/localizeddata/sounds/vo/monkspring19_ui_lockin00.ogg	da916a18b6f3d46135f1179de11f7686	27355
mods/heroes.stormmod/enus.stormassets/localizeddata/sounds/vo/monkspring19_ui_purchase00.ogg	c5f6c7f2d023a4e6c58543b02678dc2a	36537
mods/heroes.stormmod/enus.stormassets/localizeddata/sounds/vo/monkspring19_ui_trial00.ogg	2874c0d2a95e6f9f2f79e16fa2fc9257	32781
mods/heroes.stormmod/enus.stormassets/localizeddata/sounds/vo/monkspring19_ui_trial01.ogg	0feff82ed8e5b42028d7df2a94858f7a	39274
mods/heroes.stormmod/enus.stormassets/localizeddata/sounds/vo/monkspring19_ui_waitlocked00.ogg	74740680ffd7294ea9578fb8f1019a8d	38105
mods/heroes.stormmod/enus.stormassets/localizeddata/sounds/vo/monkspring19_ui_waitlocked01.ogg	300cb177e503e41e915d74d2269c76ff	45496
mods/heroes.stormmod/enus.stormassets/localizeddata/sounds/vo/monkspring19_ui_waitpurchased00.ogg	f1099294d8f43edbe626a873d792245a	32151
mods/heroes.stormmod/enus.stormassets/localizeddata/sounds/vo/monkspring19_ui_waitpurchased01.ogg	d7323f7e27d06fd0fd25d9b1f0a2d9c7	43352
mods/heroes.stormmod/enus.stormassets/localizeddata/sounds/vo/monkspring19_ultimate1used00.ogg	353e8568bb274e4f1e4b638385f89c10	28905
mods/heroes.stormmod/enus.stormassets/localizeddata/sounds/vo/monkspring19_ultimate1used01.ogg	bb02b87dbf03994186349a94cb840ec7	26649
mods/heroes.stormmod/enus.stormassets/localizeddata/sounds/vo/monkspring19_ultimate2used00.ogg	9b39b38ff54df99eb915b1570d232033	34599
mods/heroes.stormmod/enus.stormassets/localizeddata/sounds/vo/monkspring19_ultimate2used01.ogg	f4e2afa7f783a93f539beccd2841cff8	27580
mods/heroes.stormmod/enus.stormassets/localizeddata/sounds/vo/monkspring19_voicelinefive00.ogg	3ff652252c1c0c71c1870b084be5963e	29015
mods/heroes.stormmod/enus.stormassets/localizeddata/sounds/vo/monkspring19_voicelinefour00.ogg	011a4092e30d1cf2b4216101faafdfd8	28508
mods/heroes.stormmod/enus.stormassets/localizeddata/sounds/vo/monkspring19_voicelineone00.ogg	9a27dbf83769131b30b6b80bdd18b86a	29731
mods/heroes.stormmod/enus.stormassets/localizeddata/sounds/vo/monkspring19_voicelinethree00.ogg	54381285b4b221c72151ac3e7f62184b	25748
mods/heroes.stormmod/enus.stormassets/localizeddata/sounds/vo/monkspring19_voicelinetwo00.ogg	7d204936751b634452dd942cd9e8c8d3	26716
mods/heroes.stormmod/enus.stormassets/localizeddata/sounds/vo/monkspring19_vox_cheer00.ogg	933c41002409339602018df5c987fd69	19193
mods/heroes.stormmod/enus.stormassets/localizeddata/sounds/vo/monkspring19_vox_cheer01.ogg	02072fddd12ce1501273c5f24e2c84f1	20475
mods/heroes.stormmod/enus.stormassets/localizeddata/sounds/vo/monkspring19_vox_cheer02.ogg	9488e544a70fa0f4f4d52d8b251106b2	19784
mods/heroes.stormmod/enus.stormassets/localizeddata/sounds/vo/monkspring19_vox_pulled00.ogg	610272a2f8b00ec934e3d341d5bb6fbc	11565
mods/heroes.stormmod/enus.stormassets/localizeddata/sounds/vo/monkspring19_vox_pulled01.ogg	ed42c5e0682135bdf51fe3e4468d16b7	11151
mods/heroes.stormmod/enus.stormassets/localizeddata/sounds/vo/monkspring19_vox_pulled02.ogg	353798023076d6959b7e7d4323d5ad21	12063
mods/heroes.stormmod/enus.stormassets/localizeddata/sounds/vo/monkspring19_vox_pulled03.ogg	9f3609fac1ad4bf82c94f6eb34ae6cce	11245
mods/heroes.stormmod/enus.stormassets/localizeddata/sounds/vo/monkspring19_vox_pulled04.ogg	154b3c2489203f1e0246cd3037f7e5f9	11904
mods/heroes.stormmod/enus.stormassets/localizeddata/sounds/vo/monkspring19_vox_pulled05.ogg	1b1e4b8965f16234428bf1f8feb9e49c	13422
mods/heroes.stormmod/enus.stormassets/localizeddata/sounds/vo/monkspring19_vox_pulled06.ogg	82493960f4ad74907a1665fc3e6d5cd1	11850
mods/heroes.stormmod/enus.stormassets/localizeddata/sounds/vo/monkspring19_worthit00.ogg	1ebfc16076802ee1320dbd68c84c2284	49193
mods/heroes.stormmod/enus.stormassets/localizeddata/sounds/vo/monkspring19_worthit01.ogg	2c2d764e3814da5b2bfddd21558b9bd5	38596
mods/heroes.stormmod/enus.stormassets/localizeddata/sounds/vo/monkspring19_yes00.ogg	e3141ab7138dfe3cef4fcc0b80be8726	16688
mods/heroes.stormmod/enus.stormassets/localizeddata/sounds/vo/monkspring19_yes01.ogg	69acfee26fe06990655f98bdeb485141	13813
mods/heroes.stormmod/enus.stormassets/localizeddata/sounds/vo/monkspring19_yes02.ogg	011a4092e30d1cf2b4216101faafdfd8	28508
mods/heroes.stormmod/enus.stormassets/localizeddata/sounds/vo/monkspring19_yes03.ogg	cdca4c09372474249ae999900dbc2bc6	27159
mods/heroes.stormmod/enus.stormassets/localizeddata/sounds/vo/monkspring19_yes04.ogg	27b83fe69be3a4315d4fb8257568e708	28246
mods/heroes.stormmod/enus.stormassets/localizeddata/sounds/vo/monkspring19_yes05.ogg	d90fa338baec1d9abb2b682d64236a00	30134
mods/heroes.stormmod/enus.stormassets/localizeddata/sounds/vo/monkspring19_yes06.ogg	4d5db9aa88f9803fa5f006acce5fa8e2	24590
mods/heroes.stormmod/enus.stormassets/localizeddata/sounds/vo/monkspring19_yes07.ogg	c3047d9a51d90e546fa91039e169ae43	34077
mods/heroes.stormmod/enus.stormassets/localizeddata/sounds/vo/monkspring19_yes08.ogg	6e00873303c8ff4f61db2c56897123ee	24702
