mods/heroes.stormmod/enus.stormassets/localizeddata/sounds/vo/nukevo_adjutant_001.ogg	b7f4ad9eae1a4676b8f21807727d707a	94991
mods/heroes.stormmod/enus.stormassets/localizeddata/sounds/vo/nukevo_adjutant_002.ogg	d68ed8eb90de3ee21c0626a5ec21273c	105897
mods/heroes.stormmod/enus.stormassets/localizeddata/sounds/vo/nukevo_adjutant_003.ogg	4907082e42b74e6e8e8716ce1f0bee31	42235
mods/heroes.stormmod/enus.stormassets/localizeddata/sounds/vo/nukevo_adjutant_004.ogg	7ada2959697495782a09166304140879	64972
mods/heroes.stormmod/enus.stormassets/localizeddata/sounds/vo/nukevo_adjutant_005.ogg	b5bf686c62476a32b3789f14036b5cac	154241
mods/heroes.stormmod/enus.stormassets/localizeddata/sounds/vo/nukevo_adjutant_006.ogg	66b211426f0b01b9242aea9f54120b38	39957
mods/heroes.stormmod/enus.stormassets/localizeddata/sounds/vo/nukevo_adjutant_007.ogg	43b69e559235d772b068b1ca12ebf89b	67457
mods/heroes.stormmod/enus.stormassets/localizeddata/sounds/vo/nukevo_adjutant_016.ogg	fb876c213138c42a08d58e968222db8f	57328
mods/heroes.stormmod/enus.stormassets/localizeddata/sounds/vo/nukevo_adjutant_017.ogg	ada42d684c2ba24d541ad8d6b0e32899	45703
mods/heroes.stormmod/enus.stormassets/localizeddata/sounds/vo/nukevo_adjutant_018.ogg	220b0ffab596fee2ba795ac7e44baea7	34224
mods/heroes.stormmod/enus.stormassets/localizeddata/sounds/vo/nukevo_adjutant_026.ogg	a00de827e0e50aba249be664c9821898	51481
mods/heroes.stormmod/enus.stormassets/localizeddata/sounds/vo/nukevo_adjutant_027.ogg	8670cbedb8fd39b31126a2fe45254b0e	59679
mods/heroes.stormmod/enus.stormassets/localizeddata/sounds/vo/nukevo_adjutant_028.ogg	2155172017083f0fbe448ba5f7a63362	71204
mods/heroes.stormmod/enus.stormassets/localizeddata/sounds/vo/nukevo_adjutant_029.ogg	fd108ac50e5203a1e4cf506f26d98af2	83681
mods/heroes.stormmod/enus.stormassets/localizeddata/sounds/vo/nukevo_adjutant_031.ogg	2f1ea9d902e64e0fface4da5a87eb6a8	65539
mods/heroes.stormmod/enus.stormassets/localizeddata/sounds/vo/nukevo_adjutant_052.ogg	9126213c2dacd5e58b87ca2cb0c1b732	37509
mods/heroes.stormmod/enus.stormassets/localizeddata/sounds/vo/nukevo_adjutant_053.ogg	613c678010e5889b9b4dc5bc75b98a57	39375
mods/heroes.stormmod/enus.stormassets/localizeddata/sounds/vo/nukevo_adjutant_054.ogg	cf01f32a7e0063fe5d32cb223daa598b	51696
mods/heroes.stormmod/enus.stormassets/localizeddata/sounds/vo/nukevo_adjutant_055.ogg	e1d33382b14aff7f6fabda0eff46bdfc	42291
mods/heroes.stormmod/enus.stormassets/localizeddata/sounds/vo/nukevo_adjutant_056.ogg	94282b73098d556ac18d4dab669be3a6	44606
mods/heroes.stormmod/enus.stormassets/localizeddata/sounds/vo/nukevo_adjutant_057.ogg	ffc4cb34f7a313c1dbcc620705f167cc	73247
mods/heroes.stormmod/enus.stormassets/localizeddata/sounds/vo/nukevo_adjutant_068.ogg	20912a49ff454e3b461f3ced9f405515	41923
mods/heroes.stormmod/enus.stormassets/localizeddata/sounds/vo/nukevo_adjutant_081.ogg	9211c67879e80847b42ba4eba8eb0341	38818
mods/heroes.stormmod/enus.stormassets/localizeddata/sounds/vo/nukevo_adjutant_082.ogg	45bd8336c14fcf4801de7041487f2eb3	33896
mods/heroes.stormmod/enus.stormassets/localizeddata/sounds/vo/nukevo_adjutant_083.ogg	7d8591a52f5db43ea68f9f66c07dcba8	32332
mods/heroes.stormmod/enus.stormassets/localizeddata/sounds/vo/nukevo_adjutant_084.ogg	58376bb3b2ba9936883b745f20bb11a9	32163
mods/heroes.stormmod/enus.stormassets/localizeddata/sounds/vo/nukevo_adjutant_086.ogg	ef79ec04ead62bf9830c900213039a48	68432
mods/heroes.stormmod/enus.stormassets/localizeddata/sounds/vo/nukevo_adjutant_087.ogg	285db9545a2ca6a0086386e3ec6a1459	40425
mods/heroes.stormmod/enus.stormassets/localizeddata/sounds/vo/nukevo_adjutant_088.ogg	b494c4845369f8f8fcd2e7d6d6878562	59193
mods/heroes.stormmod/enus.stormassets/localizeddata/sounds/vo/nukevo_adjutant_089.ogg	f969456aae0cac052c50c565061fa928	29921
mods/heroes.stormmod/enus.stormassets/localizeddata/sounds/vo/nukevo_adjutant_090.ogg	9ea26e908299130cdbf3930e16560d50	28902
mods/heroes.stormmod/enus.stormassets/localizeddata/sounds/vo/nukevo_adjutant_091.ogg	0a11efe87eb8f9dd4c93f4c7056e492c	33229
mods/heroes.stormmod/enus.stormassets/localizeddata/sounds/vo/nukevo_adjutant_092.ogg	a24a19c6ee88e156dcc2488bdb53a235	57637
mods/heroes.stormmod/enus.stormassets/localizeddata/sounds/vo/nukevo_adjutant_093.ogg	d6f4b203ca09060aa3bbff4da42b86d6	36893
mods/heroes.stormmod/enus.stormassets/localizeddata/sounds/vo/nukevo_adjutant_094.ogg	38efb8a996ce2e967f6ef57fd164da2a	35992
mods/heroes.stormmod/enus.stormassets/localizeddata/sounds/vo/nukevo_adjutant_095.ogg	8cd091d9d8eea9e11829231527d63020	33576
mods/heroes.stormmod/enus.stormassets/localizeddata/sounds/vo/nukevo_adjutant_096.ogg	5c9e326a643478a4b9796fa4403a8b10	43246
mods/heroes.stormmod/enus.stormassets/localizeddata/sounds/vo/nukevo_adjutant_097.ogg	61075458295462509fecd1f3ae60ff44	33409
mods/heroes.stormmod/enus.stormassets/localizeddata/sounds/vo/nukevo_adjutant_098.ogg	c9efa9536d2be6a9a96328fa4f6c88c7	33940
mods/heroes.stormmod/enus.stormassets/localizeddata/sounds/vo/nukevo_adjutant_099.ogg	10fc086d95c5a87cc1297dae5dc2e2fe	32587
mods/heroes.stormmod/enus.stormassets/localizeddata/sounds/vo/nukevo_adjutant_100.ogg	2b806a59e76d55c76d8c2d3d373947f5	34374
mods/heroes.stormmod/enus.stormassets/localizeddata/sounds/vo/nukevo_adjutant_121.ogg	bbea0dcf715a395d0330b3d0e40f27aa	40166
mods/heroes.stormmod/enus.stormassets/localizeddata/sounds/vo/nukevo_adjutant_122.ogg	fcd9396f220f73f8b6d67930e8f2c941	36462
mods/heroes.stormmod/enus.stormassets/localizeddata/sounds/vo/nukevo_adjutant_125.ogg	6a1a0c3604d8eaeaec16688749730ff8	36933
mods/heroes.stormmod/enus.stormassets/localizeddata/sounds/vo/nukevo_adjutant_126.ogg	66236917b5f270bf33076591bd5dad78	36587
mods/heroes.stormmod/enus.stormassets/localizeddata/sounds/vo/nukevo_adjutant_129.ogg	01f38a7786c342084e176697a853f7d8	37598
mods/heroes.stormmod/enus.stormassets/localizeddata/sounds/vo/nukevo_adjutant_130.ogg	c08edb7077c6612e5a4a8683fa8ad1cc	39380
mods/heroes.stormmod/enus.stormassets/localizeddata/sounds/vo/nukevo_adjutant_131.ogg	3bdd6c12dff5b83f55ee345b806dc0fd	45039
mods/heroes.stormmod/enus.stormassets/localizeddata/sounds/vo/nukevo_adjutant_132.ogg	52fb5fd977d84ae7bb00d199d2f1565a	46074
mods/heroes.stormmod/enus.stormassets/localizeddata/sounds/vo/nukevo_adjutant_133.ogg	6b0d92279a56ae887bc9f95b95eea637	45145
mods/heroes.stormmod/enus.stormassets/localizeddata/sounds/vo/nukevo_adjutant_134.ogg	cb5e4d3bf2ddf324239304cdb269fd85	46329
mods/heroes.stormmod/enus.stormassets/localizeddata/sounds/vo/nukevo_adjutant_135.ogg	87e0b09366e12c38fbe66db7b701523a	43661
mods/heroes.stormmod/enus.stormassets/localizeddata/sounds/vo/nukevo_adjutant_136.ogg	82e163a5ecc6682158fc0851096b6c63	45087
mods/heroes.stormmod/enus.stormassets/localizeddata/sounds/vo/nukevo_adjutant_141.ogg	3f44ed5c56de5136312ed7fe6f47b973	46080
mods/heroes.stormmod/enus.stormassets/localizeddata/sounds/vo/nukevo_adjutant_142.ogg	41e4ede12d9770369ca3e9f80e02453a	48853
mods/heroes.stormmod/enus.stormassets/localizeddata/sounds/vo/nukevo_adjutant_143.ogg	460cf4218b6e68bb7b50bb3ffb5c65fe	68476
mods/heroes.stormmod/enus.stormassets/localizeddata/sounds/vo/nukevo_adjutant_144.ogg	2154336abf63ac6e5334c1fc4296952f	35435
mods/heroes.stormmod/enus.stormassets/localizeddata/sounds/vo/nukevo_adjutant_145.ogg	f88f8d7c468bb519d985f79960ea1c8e	35827
mods/heroes.stormmod/enus.stormassets/localizeddata/sounds/vo/nukevo_adjutant_146.ogg	825c395f1a4a789ace717745c5dcb902	32952
mods/heroes.stormmod/enus.stormassets/localizeddata/sounds/vo/nukevo_adjutant_147.ogg	784963589ef0a2568593dd3e23aa49dc	35925
