mods/heroes.stormmod/enus.stormassets/localizeddata/sounds/vo/probius_ai_attack00.ogg	608ab54fac134c100c4af2e2da7cf62a	18837
mods/heroes.stormmod/enus.stormassets/localizeddata/sounds/vo/probius_ai_attack01.ogg	9de0c8c44e15c6eadfc9827dfb3f7dc7	25214
mods/heroes.stormmod/enus.stormassets/localizeddata/sounds/vo/probius_ai_attack02.ogg	b4f6d5dfea549edc863cd8ca62d34aa2	36030
mods/heroes.stormmod/enus.stormassets/localizeddata/sounds/vo/probius_ai_caution00.ogg	fed1aeb8a2ea6a95712eba569465b3aa	18910
mods/heroes.stormmod/enus.stormassets/localizeddata/sounds/vo/probius_ai_goodjob00.ogg	89f4a2e9876bbbf10465996795e8f4f8	20194
mods/heroes.stormmod/enus.stormassets/localizeddata/sounds/vo/probius_ai_goodjob01.ogg	142acf96f1f398394117c0f5494060ae	32225
mods/heroes.stormmod/enus.stormassets/localizeddata/sounds/vo/probius_ai_goodjob02.ogg	4b8373b5acd3339b3810dc194f3637e6	19663
mods/heroes.stormmod/enus.stormassets/localizeddata/sounds/vo/probius_ai_heal00.ogg	1ee8818115031c90c4b3feaf587bdfdc	25490
mods/heroes.stormmod/enus.stormassets/localizeddata/sounds/vo/probius_ai_heal01.ogg	904fa63f9ebca4f693d5c5e180cad8bc	24028
mods/heroes.stormmod/enus.stormassets/localizeddata/sounds/vo/probius_ai_retreat00.ogg	71b35686fa453b4c71b42081bccc6e47	22989
mods/heroes.stormmod/enus.stormassets/localizeddata/sounds/vo/probius_ai_retreat01.ogg	deacd89f7e0bbdd9da6d793ddc83784c	24430
mods/heroes.stormmod/enus.stormassets/localizeddata/sounds/vo/probius_ai_uhoh00.ogg	944d762cce3b316279837bdc9b6a11b5	22861
mods/heroes.stormmod/enus.stormassets/localizeddata/sounds/vo/probius_ai_uhoh01.ogg	a0e35788bba318214cb868edb20257dc	23338
mods/heroes.stormmod/enus.stormassets/localizeddata/sounds/vo/probius_ai_uhoh02.ogg	053e70f934f7ba50476c76e0d9e6f10a	21645
mods/heroes.stormmod/enus.stormassets/localizeddata/sounds/vo/probius_attack01.ogg	6aead8e69d08035cb4d6e8d01fd476c5	24767
mods/heroes.stormmod/enus.stormassets/localizeddata/sounds/vo/probius_attack02.ogg	57422863bfce9e02028994be76f2fc9e	27787
mods/heroes.stormmod/enus.stormassets/localizeddata/sounds/vo/probius_attack03.ogg	01ecc17d21ce09631918fa679dbd70e7	21408
mods/heroes.stormmod/enus.stormassets/localizeddata/sounds/vo/probius_attack04.ogg	9f4f8129573bfdb2ec8ee66e761f904e	31201
mods/heroes.stormmod/enus.stormassets/localizeddata/sounds/vo/probius_attack06.ogg	1b6a32bf85e5dfc3e3e1b260f3f51ad1	24961
mods/heroes.stormmod/enus.stormassets/localizeddata/sounds/vo/probius_celebrate00.ogg	7a57eb72eca5725564b0d92f38ff9b4e	27590
mods/heroes.stormmod/enus.stormassets/localizeddata/sounds/vo/probius_celebrate01.ogg	9eb91419e5aa8e35a3f31c24e3339c8a	33185
mods/heroes.stormmod/enus.stormassets/localizeddata/sounds/vo/probius_comeback00.ogg	ca0da2a0dde1b14228deb42fa2bd83f7	28625
mods/heroes.stormmod/enus.stormassets/localizeddata/sounds/vo/probius_death01.wav	3c4375997b3a5c1261a741c4834529d9	85564
mods/heroes.stormmod/enus.stormassets/localizeddata/sounds/vo/probius_death02.wav	4634be435b6b032e141cd59199763c4b	77884
mods/heroes.stormmod/enus.stormassets/localizeddata/sounds/vo/probius_death03.wav	ff0ef9c403832bd6d641b4c937337a8a	96828
mods/heroes.stormmod/enus.stormassets/localizeddata/sounds/vo/probius_death04.wav	60665a7a61430e01f31fd4a823d39871	68156
mods/heroes.stormmod/enus.stormassets/localizeddata/sounds/vo/probius_healed00.ogg	93dba005901f6cdfc67b746eb3a25bce	20634
mods/heroes.stormmod/enus.stormassets/localizeddata/sounds/vo/probius_healed01.ogg	61e7f960834fb6af47b5b794bd5ba0a4	31475
mods/heroes.stormmod/enus.stormassets/localizeddata/sounds/vo/probius_homescreen00.ogg	2b6d1959e69ceb6c7083703cafe5ff57	34318
mods/heroes.stormmod/enus.stormassets/localizeddata/sounds/vo/probius_introagreea_00.ogg	07ec0814e4d88a4b7b20fe644197c85a	29996
mods/heroes.stormmod/enus.stormassets/localizeddata/sounds/vo/probius_introagreeb_00.ogg	0c9e92a9adb7ac42ad72821e93b09f89	28370
mods/heroes.stormmod/enus.stormassets/localizeddata/sounds/vo/probius_introagreec_00.ogg	9cab388484632ed38421dbf2739b5103	27262
mods/heroes.stormmod/enus.stormassets/localizeddata/sounds/vo/probius_introboast00.ogg	704035338581b1b3a5a278798791502d	59433
mods/heroes.stormmod/enus.stormassets/localizeddata/sounds/vo/probius_introquestion00.ogg	464ed6297462b0bd91dcfe2c2f658aed	45077
mods/heroes.stormmod/enus.stormassets/localizeddata/sounds/vo/probius_introresponda_00.ogg	f86d68bb9f28f73cbb2ac785e239b539	20032
mods/heroes.stormmod/enus.stormassets/localizeddata/sounds/vo/probius_introrespondb_00.ogg	db346705e8e7198515454eee1d336593	40678
mods/heroes.stormmod/enus.stormassets/localizeddata/sounds/vo/probius_introrespondc_00.ogg	f535c474ef13b3629c1b6edc8b4aac46	29163
mods/heroes.stormmod/enus.stormassets/localizeddata/sounds/vo/probius_kill00.ogg	252397855c6a7ef30d6a58c38e35dfcc	27996
mods/heroes.stormmod/enus.stormassets/localizeddata/sounds/vo/probius_kill01.ogg	188211da083a4d2161a9b5f16103f85c	26039
mods/heroes.stormmod/enus.stormassets/localizeddata/sounds/vo/probius_kill02.ogg	e10851cb95408fecff283ac38a414e12	23558
mods/heroes.stormmod/enus.stormassets/localizeddata/sounds/vo/probius_kill03.ogg	82038bae4ecbff25c942e2ca71f97be1	25164
mods/heroes.stormmod/enus.stormassets/localizeddata/sounds/vo/probius_kill04.ogg	8071f751e005ae2ee679e90f5b202d49	22318
mods/heroes.stormmod/enus.stormassets/localizeddata/sounds/vo/probius_killlaugh00.ogg	12db5747ac4c0e42e5c463287215a37c	35386
mods/heroes.stormmod/enus.stormassets/localizeddata/sounds/vo/probius_killsnarky00.ogg	63073f295da601197b43512d40097e6c	37169
mods/heroes.stormmod/enus.stormassets/localizeddata/sounds/vo/probius_killspreeend00.ogg	ea4d6d55f581d7cc6ddd59915d01d2d9	25346
mods/heroes.stormmod/enus.stormassets/localizeddata/sounds/vo/probius_laugh00.ogg	04dc45fb5b7caf61dde8830cf906b66a	34478
mods/heroes.stormmod/enus.stormassets/localizeddata/sounds/vo/probius_laugh01.ogg	ae680f64d381fd92607c445df6bc5cc9	26910
mods/heroes.stormmod/enus.stormassets/localizeddata/sounds/vo/probius_laugh02.ogg	80b04fd3013e44f32c83e2f64c1af688	25935
mods/heroes.stormmod/enus.stormassets/localizeddata/sounds/vo/probius_lowlifeheal01.ogg	29ed010075cd655c061dc21fced80d49	39339
mods/heroes.stormmod/enus.stormassets/localizeddata/sounds/vo/probius_lowlifeheal02.ogg	1444e6876611e2c97ce3c49a56c42ea1	23179
mods/heroes.stormmod/enus.stormassets/localizeddata/sounds/vo/probius_lowmana00.ogg	0dca363992bc02182b5d42595e8bfa65	31959
mods/heroes.stormmod/enus.stormassets/localizeddata/sounds/vo/probius_lowmana01.ogg	ffe9a98ae8a3f72d3c7a6e0ffbfab77a	20530
mods/heroes.stormmod/enus.stormassets/localizeddata/sounds/vo/probius_lowmana02.ogg	19280d05a19b8e8e7cb66ff51a435110	26975
mods/heroes.stormmod/enus.stormassets/localizeddata/sounds/vo/probius_no00.ogg	70ce0f62feed1dcdc70b011dc47322ab	22191
mods/heroes.stormmod/enus.stormassets/localizeddata/sounds/vo/probius_no01.ogg	91ea7fc7cac0b9df73b94d1d8b32aaa4	21299
mods/heroes.stormmod/enus.stormassets/localizeddata/sounds/vo/probius_no02.ogg	29da86f058b8a5c4f2154a311c966dc6	16244
mods/heroes.stormmod/enus.stormassets/localizeddata/sounds/vo/probius_no03.ogg	225082e692a1457a6fe2cd9d2ab12e1b	28580
mods/heroes.stormmod/enus.stormassets/localizeddata/sounds/vo/probius_no04.ogg	a544eb152cb05cc0905f261b30348cb2	20532
mods/heroes.stormmod/enus.stormassets/localizeddata/sounds/vo/probius_ping_attack00.ogg	740eb4aa8e88620edf7b89e06d83c7e6	23879
mods/heroes.stormmod/enus.stormassets/localizeddata/sounds/vo/probius_ping_attack01.ogg	2728051bb21a7dd4aa24f3d4ff2d81a9	26093
mods/heroes.stormmod/enus.stormassets/localizeddata/sounds/vo/probius_ping_attack02.ogg	73ef5de1203634a1f117068a313d0e79	25661
mods/heroes.stormmod/enus.stormassets/localizeddata/sounds/vo/probius_ping_attack03.ogg	42a493d32c209cf331e02bfe8906a0da	27477
mods/heroes.stormmod/enus.stormassets/localizeddata/sounds/vo/probius_ping_defendthing00.ogg	90491d3109cdb034a4bdb0e9fc4e78f4	24679
mods/heroes.stormmod/enus.stormassets/localizeddata/sounds/vo/probius_ping_defendthing01.ogg	a36e6c7c31811b6bd5a7ba40703bd3b0	37011
mods/heroes.stormmod/enus.stormassets/localizeddata/sounds/vo/probius_ping_defendthing02.ogg	83e8ace33776569e3c54c613cdce8027	25681
mods/heroes.stormmod/enus.stormassets/localizeddata/sounds/vo/probius_ping_defendthing03.ogg	6ee0d828f2d8bbab89013deaebcb6d3f	26790
mods/heroes.stormmod/enus.stormassets/localizeddata/sounds/vo/probius_pissed01.ogg	7931097070753430bc1dc40fb359e543	31245
mods/heroes.stormmod/enus.stormassets/localizeddata/sounds/vo/probius_pissed02.ogg	8b7cf9c90107b4a8b879dff10d8c1e1f	29999
mods/heroes.stormmod/enus.stormassets/localizeddata/sounds/vo/probius_pissed03.ogg	4c6c8ec51cd050363c4a87a32dfee76a	25244
mods/heroes.stormmod/enus.stormassets/localizeddata/sounds/vo/probius_pissed04.ogg	c8edf3ba2abaa9c3965ba7be131cde10	30270
mods/heroes.stormmod/enus.stormassets/localizeddata/sounds/vo/probius_pissed05.ogg	a8050963008c25a0ee7c8de772b92b1f	36889
mods/heroes.stormmod/enus.stormassets/localizeddata/sounds/vo/probius_resurrected00.ogg	18fd5c01400057a0604be9cabf6eca9d	33381
mods/heroes.stormmod/enus.stormassets/localizeddata/sounds/vo/probius_resurrected01.ogg	72b846402e20e53c285bf06a2b82e235	33923
mods/heroes.stormmod/enus.stormassets/localizeddata/sounds/vo/probius_revive00.ogg	53a687d0a4d0e137a6f5a6cab866087c	29256
mods/heroes.stormmod/enus.stormassets/localizeddata/sounds/vo/probius_revive01.ogg	eeb4a0e1ccf30bd4beb6aff3839930c2	24733
mods/heroes.stormmod/enus.stormassets/localizeddata/sounds/vo/probius_revive02.ogg	cb26ce96a278e4c8b85249267d5f2ea2	28605
mods/heroes.stormmod/enus.stormassets/localizeddata/sounds/vo/probius_revive03.ogg	93fadbf8bc0144f4f6be0e8ee3d3761d	29842
mods/heroes.stormmod/enus.stormassets/localizeddata/sounds/vo/probius_social_dance01.ogg	8263898ffc5390e39a0728b02322824d	57403
mods/heroes.stormmod/enus.stormassets/localizeddata/sounds/vo/probius_social_dance_vox_pt1.ogg	7dbb0fb7527e121a64655d92162c5aa0	59499
mods/heroes.stormmod/enus.stormassets/localizeddata/sounds/vo/probius_social_dance_vox_pt2.ogg	a8574e66723ec6d4ffc8a1dfa6252b94	56030
mods/heroes.stormmod/enus.stormassets/localizeddata/sounds/vo/probius_social_dance_vox_pt3.ogg	fde5853a4b7d3c043a91197ad2027034	72360
mods/heroes.stormmod/enus.stormassets/localizeddata/sounds/vo/probius_social_thanks00.ogg	591da27063c09a3f041d23224c963ff2	34504
mods/heroes.stormmod/enus.stormassets/localizeddata/sounds/vo/probius_spec00.ogg	106726af770b94e07079781bda69e1e0	26598
mods/heroes.stormmod/enus.stormassets/localizeddata/sounds/vo/probius_spec01.ogg	d29e97f34d5615594b9f7d0113f72eeb	27004
mods/heroes.stormmod/enus.stormassets/localizeddata/sounds/vo/probius_spec02.ogg	1e8799ddda59003ccfdf00b59e416bb5	26666
mods/heroes.stormmod/enus.stormassets/localizeddata/sounds/vo/probius_spec03.ogg	9641356c48b5351a7ea8fde71e3012f9	25421
mods/heroes.stormmod/enus.stormassets/localizeddata/sounds/vo/probius_spec04.ogg	266a99a3b156de704501c5f3e91ad9bd	24483
mods/heroes.stormmod/enus.stormassets/localizeddata/sounds/vo/probius_taunt00.ogg	406f6c74f9457106d481c89b537b51b0	33361
mods/heroes.stormmod/enus.stormassets/localizeddata/sounds/vo/probius_taunt01.ogg	12acd2876dcb3d39b2b16018915e7ed5	27355
mods/heroes.stormmod/enus.stormassets/localizeddata/sounds/vo/probius_taunt02.ogg	76fc909b135e9f8557249c4f009862db	25987
mods/heroes.stormmod/enus.stormassets/localizeddata/sounds/vo/probius_teamkilled00.ogg	9d83f40d8249e20b17dcdb445788271d	21406
mods/heroes.stormmod/enus.stormassets/localizeddata/sounds/vo/probius_ui_exlocked00.ogg	6de574ac1773d6026bfb642a9c1c7d39	25548
mods/heroes.stormmod/enus.stormassets/localizeddata/sounds/vo/probius_ui_expurchased00.ogg	1b5e136f7df21fec8f4b7fc27f22fe88	26280
mods/heroes.stormmod/enus.stormassets/localizeddata/sounds/vo/probius_ui_gift00.ogg	f689a04c169e3149919da4e2270f6881	16622
mods/heroes.stormmod/enus.stormassets/localizeddata/sounds/vo/probius_ui_lockin00.ogg	89231858faa5b96889c218e6d159172b	22260
mods/heroes.stormmod/enus.stormassets/localizeddata/sounds/vo/probius_ui_purchase00.ogg	e7c8344552d1a8db8c8d404541eb1067	24521
mods/heroes.stormmod/enus.stormassets/localizeddata/sounds/vo/probius_ui_trial00.ogg	8ea920718f07084171de00943e768cbe	22485
mods/heroes.stormmod/enus.stormassets/localizeddata/sounds/vo/probius_ui_trial01.ogg	8b4690217aaf70917a1044da7f262cb0	31615
mods/heroes.stormmod/enus.stormassets/localizeddata/sounds/vo/probius_ui_vox_spun00.ogg	1fdbf3914a1c0eac40e41bffb12fb8bc	37204
mods/heroes.stormmod/enus.stormassets/localizeddata/sounds/vo/probius_ui_vox_spun01.ogg	d0b37402e3ebab7401e5b635aa4edb6b	31041
mods/heroes.stormmod/enus.stormassets/localizeddata/sounds/vo/probius_ui_vox_spun02.ogg	ecd745ee263918740e9467ee630bfb13	29899
mods/heroes.stormmod/enus.stormassets/localizeddata/sounds/vo/probius_ui_waitlocked00.ogg	fc59b2f80d664093856e3a5055f8dbfc	26767
mods/heroes.stormmod/enus.stormassets/localizeddata/sounds/vo/probius_ui_waitlocked01.ogg	e25630c8673b5bebe321f5d314c4e821	29386
mods/heroes.stormmod/enus.stormassets/localizeddata/sounds/vo/probius_ui_waitpurchased00.ogg	8ada2c4f2cb28d7bcf4ce3e28e5952f6	33767
mods/heroes.stormmod/enus.stormassets/localizeddata/sounds/vo/probius_ui_waitpurchased01.ogg	02d648e2dcda7d1b3b3c9fe3e944b9e0	28027
mods/heroes.stormmod/enus.stormassets/localizeddata/sounds/vo/probius_ultimate1used00.ogg	f2609963f31c60e9d7c6630f41d05080	36385
mods/heroes.stormmod/enus.stormassets/localizeddata/sounds/vo/probius_ultimate1used01.ogg	033008ab39fccc6529bacadfadbf4e09	34700
mods/heroes.stormmod/enus.stormassets/localizeddata/sounds/vo/probius_ultimate2used00.ogg	2e858e4d8cf33e5679ff2f7f5ec83c94	28850
mods/heroes.stormmod/enus.stormassets/localizeddata/sounds/vo/probius_ultimate2used01.ogg	a362beca03f62d73b8f0c6d70e9f665a	32783
mods/heroes.stormmod/enus.stormassets/localizeddata/sounds/vo/probius_voicelinefive00.ogg	cb26ce96a278e4c8b85249267d5f2ea2	28605
mods/heroes.stormmod/enus.stormassets/localizeddata/sounds/vo/probius_voicelinefour00.ogg	04dc45fb5b7caf61dde8830cf906b66a	34478
mods/heroes.stormmod/enus.stormassets/localizeddata/sounds/vo/probius_voicelineone00.ogg	89377d49746845d5150176df6d114a5a	19917
mods/heroes.stormmod/enus.stormassets/localizeddata/sounds/vo/probius_voicelinethree00.ogg	9d83f40d8249e20b17dcdb445788271d	21406
mods/heroes.stormmod/enus.stormassets/localizeddata/sounds/vo/probius_voicelinetwo00.ogg	ae680f64d381fd92607c445df6bc5cc9	26910
mods/heroes.stormmod/enus.stormassets/localizeddata/sounds/vo/probius_vox_attack00.ogg	29f71a44b45d4f00153a911332ac27b1	52665
mods/heroes.stormmod/enus.stormassets/localizeddata/sounds/vo/probius_vox_attack01.ogg	081b7db1a833fbf35de9cdbb3bd96552	22356
mods/heroes.stormmod/enus.stormassets/localizeddata/sounds/vo/probius_vox_attack02.ogg	9c5c4e85cf52e45805a5bd2bfe502ff8	20158
mods/heroes.stormmod/enus.stormassets/localizeddata/sounds/vo/probius_vox_attack03.ogg	12468e96ce1ec894ef603cb72bc4a4dd	17956
mods/heroes.stormmod/enus.stormassets/localizeddata/sounds/vo/probius_vox_attack04.ogg	06f0d11ec513a56ec18fe1791d3bbc52	21978
mods/heroes.stormmod/enus.stormassets/localizeddata/sounds/vo/probius_vox_attack05.ogg	f35f6c68fdb240eeb278bc94dd9d83cc	21603
mods/heroes.stormmod/enus.stormassets/localizeddata/sounds/vo/probius_vox_attack06.ogg	15fec58b3c46b575d2b37b89e3d6c403	28108
mods/heroes.stormmod/enus.stormassets/localizeddata/sounds/vo/probius_vox_castinge00.ogg	0036d4d1d3b87198e948b9553a448af7	30765
mods/heroes.stormmod/enus.stormassets/localizeddata/sounds/vo/probius_vox_castinge01.ogg	7bd624e433a2aed7f8d7be6fca65c4d8	30377
mods/heroes.stormmod/enus.stormassets/localizeddata/sounds/vo/probius_vox_castinge02.ogg	e5d683effbf3461af07287ad5ffc7455	23556
mods/heroes.stormmod/enus.stormassets/localizeddata/sounds/vo/probius_vox_castinge03.ogg	a11306e9a512052eb77551c64806a0ae	34228
mods/heroes.stormmod/enus.stormassets/localizeddata/sounds/vo/probius_vox_castingq00.ogg	8e2d41fb8019ddbd0f3a6cfc4e131c7a	16932
mods/heroes.stormmod/enus.stormassets/localizeddata/sounds/vo/probius_vox_castingq01.ogg	3853a37937b59fba3cfaa12967120c15	20046
mods/heroes.stormmod/enus.stormassets/localizeddata/sounds/vo/probius_vox_castingq02.ogg	fa01c95ee1a738787ab383a97ca77a62	20757
mods/heroes.stormmod/enus.stormassets/localizeddata/sounds/vo/probius_vox_castingq03.ogg	6dba70f831ce241fa888274b329c2b36	24479
mods/heroes.stormmod/enus.stormassets/localizeddata/sounds/vo/probius_vox_castingq04.ogg	1d471d6ea558ad9fa60a255d8f096f70	21317
mods/heroes.stormmod/enus.stormassets/localizeddata/sounds/vo/probius_vox_castingq05.ogg	98a14dad205f751eb87fc3dcca93c30e	25565
mods/heroes.stormmod/enus.stormassets/localizeddata/sounds/vo/probius_vox_castingw00.ogg	ef66276a61904927683bfc9316a5b7ed	23936
mods/heroes.stormmod/enus.stormassets/localizeddata/sounds/vo/probius_vox_castingw01.ogg	cd7024978b045e09da292326c2f6a5cb	23985
mods/heroes.stormmod/enus.stormassets/localizeddata/sounds/vo/probius_vox_castingw02.ogg	306ab56924be754df277ce1f252db726	20592
mods/heroes.stormmod/enus.stormassets/localizeddata/sounds/vo/probius_vox_castingw03.ogg	8903070e3e3f185109d221a7431881cf	25588
mods/heroes.stormmod/enus.stormassets/localizeddata/sounds/vo/probius_vox_castingw04.ogg	e9b38a023d506c8e8edaf552b85b111f	22564
mods/heroes.stormmod/enus.stormassets/localizeddata/sounds/vo/probius_vox_castingz00.ogg	8b7ac322e0b87a22602d5b2bd60dc492	23671
mods/heroes.stormmod/enus.stormassets/localizeddata/sounds/vo/probius_vox_castingz01.ogg	1ee192a5660940d26b3bbcaeafc1868d	20341
mods/heroes.stormmod/enus.stormassets/localizeddata/sounds/vo/probius_vox_castingz02.ogg	6755478b6f93c2caec05eb7fdd107bf7	25150
mods/heroes.stormmod/enus.stormassets/localizeddata/sounds/vo/probius_vox_castingz03.ogg	a8c71fdb2930ca9833ea6db3142fe0c0	22465
mods/heroes.stormmod/enus.stormassets/localizeddata/sounds/vo/probius_vox_castingz04.ogg	5f7ba97b32fabf87728272a341a4c0ed	25908
mods/heroes.stormmod/enus.stormassets/localizeddata/sounds/vo/probius_vox_castingz05.ogg	7ba8d2fed5489d9147a1284760aafc7c	24218
mods/heroes.stormmod/enus.stormassets/localizeddata/sounds/vo/probius_vox_cheer00.ogg	2700010e9ca8703fa2b8a96c3ef7a420	23118
mods/heroes.stormmod/enus.stormassets/localizeddata/sounds/vo/probius_vox_cheer01.ogg	e04529abb7e41619a5776ec566167927	32088
mods/heroes.stormmod/enus.stormassets/localizeddata/sounds/vo/probius_vox_cheer02.ogg	7a33ed00b52d95e9e83b3cbd191682bf	32444
mods/heroes.stormmod/enus.stormassets/localizeddata/sounds/vo/probius_vox_cheer03.ogg	50ffa86e6ba4d8284806765c1a1ad4b8	22657
mods/heroes.stormmod/enus.stormassets/localizeddata/sounds/vo/probius_vox_cheer04.ogg	30ee5a8d576a2d2efebf7fc13a24fa72	34461
mods/heroes.stormmod/enus.stormassets/localizeddata/sounds/vo/probius_vox_effects00.ogg	2dfac00759f60a458f724a7c4eeeb4a8	23610
mods/heroes.stormmod/enus.stormassets/localizeddata/sounds/vo/probius_vox_effects01.ogg	79e7e2ddf61b20a12bb1d84f8810b029	28756
mods/heroes.stormmod/enus.stormassets/localizeddata/sounds/vo/probius_vox_effects03.ogg	6bd7fca3efbfc415f6dc80f0ad3df400	58442
mods/heroes.stormmod/enus.stormassets/localizeddata/sounds/vo/probius_vox_electric00.ogg	658da83d8c928e110eb36b183f1d2557	25840
mods/heroes.stormmod/enus.stormassets/localizeddata/sounds/vo/probius_vox_electric01.ogg	ff9a2000a7675a75719ccfd29a6479ea	25412
mods/heroes.stormmod/enus.stormassets/localizeddata/sounds/vo/probius_vox_electric02.ogg	341d33c0da2c7229e005926c4d9956b7	24882
mods/heroes.stormmod/enus.stormassets/localizeddata/sounds/vo/probius_vox_electric03.ogg	afd5055aa2e08d17483fa08c6c2296cd	27427
mods/heroes.stormmod/enus.stormassets/localizeddata/sounds/vo/probius_vox_electric04.ogg	27ce74bc371bdabeeb03a989711dd7e6	35359
mods/heroes.stormmod/enus.stormassets/localizeddata/sounds/vo/probius_vox_electric05.ogg	26477804effac16b264606b5a5bfa136	27773
mods/heroes.stormmod/enus.stormassets/localizeddata/sounds/vo/probius_vox_electric06.ogg	b65101e521e2d0bdc881dc06c871c454	33822
mods/heroes.stormmod/enus.stormassets/localizeddata/sounds/vo/probius_vox_electric07.ogg	c9b2e5bb38af923f8d261fc1f209d53a	41297
mods/heroes.stormmod/enus.stormassets/localizeddata/sounds/vo/probius_vox_electric08.ogg	0231c9b0510f9beee24bddb038a326de	39704
mods/heroes.stormmod/enus.stormassets/localizeddata/sounds/vo/probius_vox_electric09.ogg	1fa5bf45c63f0590f1a535af65d315ef	42793
mods/heroes.stormmod/enus.stormassets/localizeddata/sounds/vo/probius_vox_gethitlarge00.ogg	adb0af17a3c904d39d889491512e7854	26352
mods/heroes.stormmod/enus.stormassets/localizeddata/sounds/vo/probius_vox_gethitlarge01.ogg	0396f02bc2a864aab7d96dec8970e5a7	28083
mods/heroes.stormmod/enus.stormassets/localizeddata/sounds/vo/probius_vox_gethitlarge02.ogg	8a099bf912a287f311985ac1c5b9efb1	29897
mods/heroes.stormmod/enus.stormassets/localizeddata/sounds/vo/probius_vox_gethitlarge03.ogg	2668e9cfb26243a333659361420a2cb3	29422
mods/heroes.stormmod/enus.stormassets/localizeddata/sounds/vo/probius_vox_gethitlarge04.ogg	ef170aaad91c86929bf0eab0bad6dffc	28065
mods/heroes.stormmod/enus.stormassets/localizeddata/sounds/vo/probius_vox_gethitlarge05.ogg	d20435ba06e83dd7729f91d9883c4b5c	31466
mods/heroes.stormmod/enus.stormassets/localizeddata/sounds/vo/probius_vox_gethitlarge06.ogg	7038621e9170a95b8e4a6106e45d7f27	32813
mods/heroes.stormmod/enus.stormassets/localizeddata/sounds/vo/probius_vox_gethitsmall00.ogg	88a5dc609ab5a07ee080d155a9119c0b	20612
mods/heroes.stormmod/enus.stormassets/localizeddata/sounds/vo/probius_vox_gethitsmall01.ogg	9a51fc776c9c0f5b3066ac6a0bfc3f99	22013
mods/heroes.stormmod/enus.stormassets/localizeddata/sounds/vo/probius_vox_gethitsmall02.ogg	97c1ce1dbd5c146a7e7831c5c67bb37e	18700
mods/heroes.stormmod/enus.stormassets/localizeddata/sounds/vo/probius_vox_gethitsmall03.ogg	889f8ed71947d924ddef79f208ec5f2e	17980
mods/heroes.stormmod/enus.stormassets/localizeddata/sounds/vo/probius_vox_gethitsmall04.ogg	1f4814df46395602217a400a16d6b0c3	20983
mods/heroes.stormmod/enus.stormassets/localizeddata/sounds/vo/probius_vox_gethitsmall05.ogg	0a5e6e383fd174fc2cf541dea7e9e386	16586
mods/heroes.stormmod/enus.stormassets/localizeddata/sounds/vo/probius_vox_pulled00.ogg	2765e02a941df45d2de38a975f541ff7	22468
mods/heroes.stormmod/enus.stormassets/localizeddata/sounds/vo/probius_vox_pulled01.ogg	139bb804cdcfcf8f4cd9ec9a596bb603	22789
mods/heroes.stormmod/enus.stormassets/localizeddata/sounds/vo/probius_vox_pulled02.ogg	4fe6d0ee23fcc0a17f979da16260a070	26151
mods/heroes.stormmod/enus.stormassets/localizeddata/sounds/vo/probius_workerrush00.ogg	f9b29ab939cc865701349a440d56f2da	51759
mods/heroes.stormmod/enus.stormassets/localizeddata/sounds/vo/probius_yes00.ogg	af6a8e5ffe3e300ff122bbb660f7399b	23941
mods/heroes.stormmod/enus.stormassets/localizeddata/sounds/vo/probius_yes01.ogg	97a8f502900203ed6eba738fbda7a38e	25688
mods/heroes.stormmod/enus.stormassets/localizeddata/sounds/vo/probius_yes02.ogg	adf25aee9e6026f8605e8350d4d52f9e	36944
mods/heroes.stormmod/enus.stormassets/localizeddata/sounds/vo/probius_yes03.ogg	6b91eec47b8c9e83718c95abdbb496fe	28501
mods/heroes.stormmod/enus.stormassets/localizeddata/sounds/vo/probius_yes04.ogg	35bdcefb701c27b36734803d1f28690d	25023
mods/heroes.stormmod/enus.stormassets/localizeddata/sounds/vo/probius_yes05.ogg	49637b7a5e80a3839f958301726e6fad	28785
mods/heroes.stormmod/enus.stormassets/localizeddata/sounds/vo/probius_yes06.ogg	74eebf932521f8ad25c7d173c83c3fe1	23018
mods/heroes.stormmod/enus.stormassets/localizeddata/sounds/vo/probius_yes07.ogg	6517d34a60bd1f2a046660ca571fbf08	25467
