mods/heroes.stormmod/base.stormassets/assets/ui/glues/storm_lootui_booster_icon/storm_lootui_booster_icon.m3	119f086500611fe8f9e9124a2e840e09	142400
mods/heroes.stormmod/base.stormassets/assets/ui/glues/storm_lootui_booster_large/storm_lootui_booster_large.m3	2d9aebeca50735bca984d85875adb64a	679280
mods/heroes.stormmod/base.stormassets/assets/ui/glues/storm_lootui_booster_large/storm_lootui_booster_large_low.m3	563508e792679fdebd909a610d7a981e	615488
mods/heroes.stormmod/base.stormassets/assets/ui/glues/storm_lootui_booster_medium/storm_lootui_booster_medium.m3	8bacc57828729310cbac67b223d14627	522928
mods/heroes.stormmod/base.stormassets/assets/ui/glues/storm_lootui_booster_medium/storm_lootui_booster_medium_low.m3	89952d236f77c98159adb8c88e471fd7	477616
mods/heroes.stormmod/base.stormassets/assets/ui/glues/storm_lootui_booster_small/storm_lootui_booster_small.m3	11f7f509fc4fe7c72233b6d4f7a38f00	456768
mods/heroes.stormmod/base.stormassets/assets/ui/glues/storm_lootui_booster_small/storm_lootui_booster_small_low.m3	692dccd1553d3356905714c0e51096b8	418016
mods/heroes.stormmod/base.stormassets/assets/ui/glues/storm_lootui_booster_tiny_fromchest/storm_lootui_booster_tiny_fromchest.m3	7331baabdbb0c398fc25567e73412db3	144912
mods/heroes.stormmod/base.stormassets/assets/ui/lootbox/storm_lootui_camera/storm_lootui_camera.m3	244795048a5a2943cc259db21d9ab80a	12288
mods/heroes.stormmod/base.stormassets/assets/ui/lootbox/storm_lootui_camera_background/storm_lootui_camera_background.m3	5153886d70b82c0f786822375a818dea	10736
mods/heroes.stormmod/base.stormassets/assets/ui/lootbox/storm_lootui_camera_floor/storm_lootui_camera_floor.m3	ebcc3a53a7a8646e942bdccfe0a40887	12880
mods/heroes.stormmod/base.stormassets/assets/ui/lootbox/storm_lootui_chest_background/storm_lootui_chest_background.m3	de6b11ecfec46791ca82de6d6cd69d37	58864
mods/heroes.stormmod/base.stormassets/assets/ui/lootbox/storm_lootui_chest_base/storm_lootui_chest_base.m3	708875d9ef6ee93925db2c036890d278	1643616
mods/heroes.stormmod/base.stormassets/assets/ui/lootbox/storm_lootui_chest_base_common/storm_lootui_chest_base_common.m3	f0e4864dcd5bc96c1c3c6ac72c7a5d02	1643968
mods/heroes.stormmod/base.stormassets/assets/ui/lootbox/storm_lootui_chest_base_common/storm_lootui_chest_base_common_low.m3	e060c549e1aa8831d0bb41fb4264b10e	1458656
mods/heroes.stormmod/base.stormassets/assets/ui/lootbox/storm_lootui_chest_base_epic/storm_lootui_chest_base_epic.m3	f2ddeb6daad6257c3b4a33f1c0f0814d	1643952
mods/heroes.stormmod/base.stormassets/assets/ui/lootbox/storm_lootui_chest_base_epic/storm_lootui_chest_base_epic_low.m3	9b8302c71b089db23b4c50a13d0ce56d	1458624
mods/heroes.stormmod/base.stormassets/assets/ui/lootbox/storm_lootui_chest_base_glazemat/storm_lootui_chest_base_glazemat.m3	faeb573a06c6c66da2cbbbad4c655f50	12784
mods/heroes.stormmod/base.stormassets/assets/ui/lootbox/storm_lootui_chest_base_legendary/storm_lootui_chest_base_legendary.m3	6327ae9c4a42677f11a4ecfe2deecb9c	1643968
mods/heroes.stormmod/base.stormassets/assets/ui/lootbox/storm_lootui_chest_base_legendary/storm_lootui_chest_base_legendary_low.m3	b8db0029c0da0c9e6eda8b527cb316f0	1458656
mods/heroes.stormmod/base.stormassets/assets/ui/lootbox/storm_lootui_chest_base_rare/storm_lootui_chest_base_rare.m3	973877ca3c27a03ba6d46c7fa9cb278e	1643952
mods/heroes.stormmod/base.stormassets/assets/ui/lootbox/storm_lootui_chest_base_rare/storm_lootui_chest_base_rare_low.m3	631462b2a2a4950a66f12085fc0201fa	1458656
mods/heroes.stormmod/base.stormassets/assets/ui/lootbox/storm_lootui_chest_base_replacemat/storm_lootui_chest_base_replacemat.m3	b91d28559e1ca35f46dfcd19e2cad36f	591680
mods/heroes.stormmod/base.stormassets/assets/ui/lootbox/storm_lootui_chest_halloween_common/storm_lootui_chest_halloween_common.m3	197df8849a172437d892ae8c752c8457	536784
mods/heroes.stormmod/base.stormassets/assets/ui/lootbox/storm_lootui_chest_halloween_common/storm_lootui_chest_halloween_common_low.m3	77d9116644e65405d84b32f6e3963b22	449856
mods/heroes.stormmod/base.stormassets/assets/ui/lootbox/storm_lootui_chest_halloween_epic/storm_lootui_chest_halloween_epic.m3	2b40fd07275fe0abaf6f0862b755c82d	726304
mods/heroes.stormmod/base.stormassets/assets/ui/lootbox/storm_lootui_chest_halloween_epic/storm_lootui_chest_halloween_epic_low.m3	9f47d3a24c68449b4aa368b40af2fd9f	625232
mods/heroes.stormmod/base.stormassets/assets/ui/lootbox/storm_lootui_chest_halloween_preview/storm_lootui_chest_halloween_preview.m3	6db8dbba72dad7a9679574ae40683b69	675024
mods/heroes.stormmod/base.stormassets/assets/ui/lootbox/storm_lootui_chest_halloween_rare/storm_lootui_chest_halloween_rare.m3	3d2ecadd259ec20e476742cba65fbe66	702000
mods/heroes.stormmod/base.stormassets/assets/ui/lootbox/storm_lootui_chest_halloween_rare/storm_lootui_chest_halloween_rare_low.m3	dea956f7543e664fa6b5630b8dd16a8c	602000
mods/heroes.stormmod/base.stormassets/assets/ui/lootbox/storm_lootui_chest_halloween_requiredanims/storm_lootui_chest_halloween_requiredanims.m3a	6a2aa2b702c1304b1fd701cad12dd945	1112976
mods/heroes.stormmod/base.stormassets/assets/ui/lootbox/storm_lootui_chest_lunar18_common/storm_lootui_chest_lunar18_common.m3	7eb4c9ca4bdc09c45305551830276016	573152
mods/heroes.stormmod/base.stormassets/assets/ui/lootbox/storm_lootui_chest_lunar18_common/storm_lootui_chest_lunar18_common_low.m3	e98cdaa84e8b2dcf4e25c3ba4f1ed317	554384
mods/heroes.stormmod/base.stormassets/assets/ui/lootbox/storm_lootui_chest_lunar18_epic/storm_lootui_chest_lunar18_epic.m3	674e7d5df8753c78f6b46d40769d1529	714416
mods/heroes.stormmod/base.stormassets/assets/ui/lootbox/storm_lootui_chest_lunar18_epic/storm_lootui_chest_lunar18_epic_low.m3	586951b9f51a821036eba9cc35606232	695632
mods/heroes.stormmod/base.stormassets/assets/ui/lootbox/storm_lootui_chest_lunar18_preview/storm_lootui_chest_lunar18_preview.m3	d3b2f5920993381de58f6774ed91c4d2	609712
mods/heroes.stormmod/base.stormassets/assets/ui/lootbox/storm_lootui_chest_lunar18_rare/storm_lootui_chest_lunar18_rare.m3	a5e0ba2a9f00735eabcb8eda0c143a55	692304
mods/heroes.stormmod/base.stormassets/assets/ui/lootbox/storm_lootui_chest_lunar18_rare/storm_lootui_chest_lunar18_rare_low.m3	837047b5d0f1ebf55d6800cae8f4e391	673536
mods/heroes.stormmod/base.stormassets/assets/ui/lootbox/storm_lootui_chest_lunar18_requiredanims/storm_lootui_chest_lunar18_requiredanims.m3a	20f8718964b05b19f2042e71c91363c6	1045040
mods/heroes.stormmod/base.stormassets/assets/ui/lootbox/storm_lootui_chest_mecha19_common/storm_lootui_chest_mecha19_common.m3	0c31e62fe16310589c81580813ceb024	1005568
mods/heroes.stormmod/base.stormassets/assets/ui/lootbox/storm_lootui_chest_mecha19_epic/storm_lootui_chest_mecha19_epic.m3	70e9b8cff17c2be4334dcdf72a2cd448	1005584
mods/heroes.stormmod/base.stormassets/assets/ui/lootbox/storm_lootui_chest_mecha19_preview/storm_lootui_chest_mecha19_preview.m3	099dfb42a316453da7f04bfb1b3aa0c5	355808
mods/heroes.stormmod/base.stormassets/assets/ui/lootbox/storm_lootui_chest_mecha19_rare/storm_lootui_chest_mecha19_rare.m3	9ff601ed028a1808e2a619b0a4bba982	1005312
mods/heroes.stormmod/base.stormassets/assets/ui/lootbox/storm_lootui_chest_mecha19_requiredanims/storm_lootui_chest_mecha19_requiredanims.m3a	f75319661857a3afea2e876a913616e4	1059760
mods/heroes.stormmod/base.stormassets/assets/ui/lootbox/storm_lootui_chest_requiredanims/storm_lootui_chest_requiredanims.m3a	c3a069de7f4cb04de81d302452981a43	941536
mods/heroes.stormmod/base.stormassets/assets/ui/lootbox/storm_lootui_chest_spring19_common/storm_lootui_chest_spring19_common.m3	58a6148c2482266a42b1768051a216cd	525264
mods/heroes.stormmod/base.stormassets/assets/ui/lootbox/storm_lootui_chest_spring19_epic/storm_lootui_chest_spring19_epic.m3	1a47d84f55ec5d9a95f89c73ed1fe1ef	708528
mods/heroes.stormmod/base.stormassets/assets/ui/lootbox/storm_lootui_chest_spring19_preview/storm_lootui_chest_spring19_preview.m3	7606d0f0e34ef7d034e319dc6023f8e7	180784
mods/heroes.stormmod/base.stormassets/assets/ui/lootbox/storm_lootui_chest_spring19_rare/storm_lootui_chest_spring19_rare.m3	4c177b91188629501178bfdce6e1dabd	572176
mods/heroes.stormmod/base.stormassets/assets/ui/lootbox/storm_lootui_chest_spring19_requiredanims/storm_lootui_chest_spring19_requiredanims.m3a	d6ac24c3a565b9b06e3982ed7e67b071	1234624
mods/heroes.stormmod/base.stormassets/assets/ui/lootbox/storm_lootui_chest_summer18_common/storm_lootui_chest_summer18_common.m3	b1de40cc4411a562b4d680762af3db15	742768
mods/heroes.stormmod/base.stormassets/assets/ui/lootbox/storm_lootui_chest_summer18_epic/storm_lootui_chest_summer18_epic.m3	534f8aca24b501f264f18f753a8acbe0	1132816
mods/heroes.stormmod/base.stormassets/assets/ui/lootbox/storm_lootui_chest_summer18_glazemat/storm_lootui_chest_summer18_glazemat.m3	d75f01501f32bd41ed592b732d041bc2	12816
mods/heroes.stormmod/base.stormassets/assets/ui/lootbox/storm_lootui_chest_summer18_preview/storm_lootui_chest_summer18_preview.m3	47649affa9318d093beac9e6bb4f2b7d	983184
mods/heroes.stormmod/base.stormassets/assets/ui/lootbox/storm_lootui_chest_summer18_rare/storm_lootui_chest_summer18_rare.m3	8994cb356f451230a0e8b37c1d76dac7	1132816
mods/heroes.stormmod/base.stormassets/assets/ui/lootbox/storm_lootui_chest_summer18_requiredanims/storm_lootui_chest_summer18_requiredanims.m3a	4b3e77aab0913491789f8227d9a30a96	1214064
mods/heroes.stormmod/base.stormassets/assets/ui/lootbox/storm_lootui_chest_summer_common/storm_lootui_chest_summer_common.m3	b1fa78cbebad7afb98ba99f10454de2c	1707120
mods/heroes.stormmod/base.stormassets/assets/ui/lootbox/storm_lootui_chest_summer_common/storm_lootui_chest_summer_common_low.m3	fb65b9f0c797c0056c51e724ded803ac	1564832
mods/heroes.stormmod/base.stormassets/assets/ui/lootbox/storm_lootui_chest_summer_epic/storm_lootui_chest_summer_epic.m3	a910ef110fefa7bba17fa93d64521f66	1707120
mods/heroes.stormmod/base.stormassets/assets/ui/lootbox/storm_lootui_chest_summer_epic/storm_lootui_chest_summer_epic_low.m3	6944ef1f418b2ffd4ce6f7b0d78dbbe9	1564832
mods/heroes.stormmod/base.stormassets/assets/ui/lootbox/storm_lootui_chest_summer_rare/storm_lootui_chest_summer_rare.m3	e1bf15c1223b4484f5e131e218a68e42	1698928
mods/heroes.stormmod/base.stormassets/assets/ui/lootbox/storm_lootui_chest_summer_rare/storm_lootui_chest_summer_rare_low.m3	0371b6db41e72ae4fb5df0907ac10e2a	1564832
mods/heroes.stormmod/base.stormassets/assets/ui/lootbox/storm_lootui_chest_summer_requiredanims/storm_lootui_chest_summer_requiredanims.m3a	825f17e42a0c75d8819897406c48071f	927280
mods/heroes.stormmod/base.stormassets/assets/ui/lootbox/storm_lootui_chest_toy18_common/storm_lootui_chest_toy18_common.m3	0c33a0c2fe48c23cf5882c4ec9ef0efc	347392
mods/heroes.stormmod/base.stormassets/assets/ui/lootbox/storm_lootui_chest_toy18_epic/storm_lootui_chest_toy18_epic.m3	06d76285e21fd5ad3d7c348ec643bea1	341072
mods/heroes.stormmod/base.stormassets/assets/ui/lootbox/storm_lootui_chest_toy18_glazemat/storm_lootui_chest_toy18_glazemat.m3	fe63497ee3b979479d6f56090cd7ba71	12800
mods/heroes.stormmod/base.stormassets/assets/ui/lootbox/storm_lootui_chest_toy18_preview/storm_lootui_chest_toy18_preview.m3	ce2ad524426c4f49bfef5002768f6a1f	306512
mods/heroes.stormmod/base.stormassets/assets/ui/lootbox/storm_lootui_chest_toy18_rare/storm_lootui_chest_toy18_rare.m3	c5b89b125de682cbe3a154167ad3e246	326272
mods/heroes.stormmod/base.stormassets/assets/ui/lootbox/storm_lootui_chest_toy18_requiredanims/storm_lootui_chest_toy18_requiredanims.m3a	4d31853fdb363a91fa691b9340dea0ae	740000
mods/heroes.stormmod/base.stormassets/assets/ui/lootbox/storm_lootui_chest_winterveil_common/storm_lootui_chest_winterveil_common.m3	4b01101c1e9eb492a4d9035300eef371	586176
mods/heroes.stormmod/base.stormassets/assets/ui/lootbox/storm_lootui_chest_winterveil_common/storm_lootui_chest_winterveil_common_low.m3	2c3c3b5e00848395735eab205a20c2a2	586176
mods/heroes.stormmod/base.stormassets/assets/ui/lootbox/storm_lootui_chest_winterveil_epic/storm_lootui_chest_winterveil_epic.m3	06009e754ab59eb5fcfe65334101d1d8	671488
mods/heroes.stormmod/base.stormassets/assets/ui/lootbox/storm_lootui_chest_winterveil_epic/storm_lootui_chest_winterveil_epic_low.m3	9e42c853bec10e5a022550a8c7b1203c	671488
mods/heroes.stormmod/base.stormassets/assets/ui/lootbox/storm_lootui_chest_winterveil_preview/storm_lootui_chest_winterveil_preview.m3	a22a9be3d94cc75a26b6f2cb9e5a8f03	386320
mods/heroes.stormmod/base.stormassets/assets/ui/lootbox/storm_lootui_chest_winterveil_rare/storm_lootui_chest_winterveil_rare.m3	af11c52b10795b9ebcdbd7948360a3f4	644944
mods/heroes.stormmod/base.stormassets/assets/ui/lootbox/storm_lootui_chest_winterveil_rare/storm_lootui_chest_winterveil_rare_low.m3	7302b3ff3e4be3713625eeac1d3a85e0	644944
mods/heroes.stormmod/base.stormassets/assets/ui/lootbox/storm_lootui_chest_winterveil_requiredanims/storm_lootui_chest_winterveil_requiredanims.m3a	b2091384bbf16050d3c27c3ed1ea7b21	987904
mods/heroes.stormmod/base.stormassets/assets/ui/lootbox/storm_lootui_coin_base/storm_lootui_coin_base.m3	d8368b96dd772f82424dde385b2a0bbf	93280
mods/heroes.stormmod/base.stormassets/assets/ui/lootbox/storm_lootui_coin_base/storm_lootui_coin_base.m3a	ee7a69affb55f8b28477f9bebcf9e789	110272
mods/heroes.stormmod/base.stormassets/assets/ui/lootbox/storm_lootui_coin_common/storm_lootui_coin_common.m3	0e77acc99453760b2da530cef1135fa6	165200
mods/heroes.stormmod/base.stormassets/assets/ui/lootbox/storm_lootui_coin_common/storm_lootui_coin_common.m3a	80a86ebd146f5b930c610364039edd00	105280
mods/heroes.stormmod/base.stormassets/assets/ui/lootbox/storm_lootui_coin_common/storm_lootui_coin_common_low.m3	b442d5831b0d92c922715ae4d4f515d3	135872
mods/heroes.stormmod/base.stormassets/assets/ui/lootbox/storm_lootui_coin_epic/storm_lootui_coin_epic.m3	d36040ef5991a38706cbd7a4346eb559	270544
mods/heroes.stormmod/base.stormassets/assets/ui/lootbox/storm_lootui_coin_epic/storm_lootui_coin_epic.m3a	40f45ec0625b3ae1a33660b41b524262	105280
mods/heroes.stormmod/base.stormassets/assets/ui/lootbox/storm_lootui_coin_epic/storm_lootui_coin_epic_low.m3	fc8e9966403a41715ab3089408327db3	241200
mods/heroes.stormmod/base.stormassets/assets/ui/lootbox/storm_lootui_coin_legendary/storm_lootui_coin_legendary.m3	2cf5b2a27a4cfd01df74959504e8025d	270592
mods/heroes.stormmod/base.stormassets/assets/ui/lootbox/storm_lootui_coin_legendary/storm_lootui_coin_legendary.m3a	3eaff444753e50d391d713b2345c9bea	105296
mods/heroes.stormmod/base.stormassets/assets/ui/lootbox/storm_lootui_coin_legendary/storm_lootui_coin_legendary_low.m3	e91e52beee25a10516050b919f9943e9	241248
mods/heroes.stormmod/base.stormassets/assets/ui/lootbox/storm_lootui_coin_rare/storm_lootui_coin_rare.m3	1b4b6e8ca5e3902a3bdc48c4b943051b	251888
mods/heroes.stormmod/base.stormassets/assets/ui/lootbox/storm_lootui_coin_rare/storm_lootui_coin_rare.m3a	050d6670e33335c528b83c465eb8622b	105280
mods/heroes.stormmod/base.stormassets/assets/ui/lootbox/storm_lootui_coin_rare/storm_lootui_coin_rare_low.m3	54a1f4a7f19e1127f4787a7faaf98a4f	222544
mods/heroes.stormmod/base.stormassets/assets/ui/lootbox/storm_lootui_coin_requiredanims/storm_lootui_coin_requiredanims.m3a	8520c1bfd184afde38e243e182f94693	901664
mods/heroes.stormmod/base.stormassets/assets/ui/lootbox/storm_lootui_coinbackground_base/storm_lootui_coinbackground_base.m3	ee014bdb381d0e0f78d85b3b4c1f6ba1	33696
mods/heroes.stormmod/base.stormassets/assets/ui/lootbox/storm_lootui_coinbackground_emoji/storm_lootui_coinbackground_emoji.m3	f39c0bdadb34fccc07a958bc7fb02bfd	33696
mods/heroes.stormmod/base.stormassets/assets/ui/lootbox/storm_lootui_coinbackground_hero/storm_lootui_coinbackground_hero.m3	f2344fc21049b5d78a72e6b75b055b56	33696
mods/heroes.stormmod/base.stormassets/assets/ui/lootbox/storm_lootui_coinbackground_shard/storm_lootui_coinbackground_shard.m3	f3cb5f160e22ecbe8c871dd5707fd713	14272
mods/heroes.stormmod/base.stormassets/assets/ui/lootbox/storm_lootui_dofplane/storm_lootui_dofplane.m3	c5d26d06a67a98dfe0fa29d862c254bc	11904
mods/heroes.stormmod/base.stormassets/assets/ui/lootbox/storm_lootui_emojicards/storm_lootui_emojicards.m3	0b71088425f99a824a7faf0233ed4c98	23680
mods/heroes.stormmod/base.stormassets/assets/ui/lootbox/storm_lootui_floor/storm_lootui_floor.m3	148cdd2817013d6a2e19a615739aa657	168128
mods/heroes.stormmod/base.stormassets/assets/ui/lootbox/storm_lootui_goldpile/storm_lootui_goldpile_00.m3	0c1a09bf4d1d9fcc707ca43f0f52e938	123632
mods/heroes.stormmod/base.stormassets/assets/ui/lootbox/storm_lootui_goldpile/storm_lootui_goldpile_01.m3	ef7e86a313fca299da498317d00cb049	241376
mods/heroes.stormmod/base.stormassets/assets/ui/lootbox/storm_lootui_goldpile/storm_lootui_goldpile_02.m3	64f162dc5569291ff069b7584a4e5da4	353056
mods/heroes.stormmod/base.stormassets/assets/ui/lootbox/storm_lootui_goldpile/storm_lootui_goldpile_03.m3	1373cee92fcc3a01cb971d0c0b723793	25648
mods/heroes.stormmod/base.stormassets/assets/ui/lootbox/storm_lootui_goldpile/storm_lootui_goldpile_04.m3	093ddce8ca831039f033d41e93057fef	20816
mods/heroes.stormmod/base.stormassets/assets/ui/lootbox/storm_lootui_nexusglaze/storm_lootui_nexusglaze.m3	46c9aa7099466770e2521fd3c8490f7e	15232
mods/heroes.stormmod/base.stormassets/assets/ui/lootbox/storm_lootui_pictureframe/storm_lootui_pictureframe.m3	90fe168f554453fd609712593ebd72ff	34800
mods/heroes.stormmod/base.stormassets/assets/ui/lootbox/storm_lootui_shardpile/storm_lootui_shardpile_00.m3	000517434bc101a0afc4c80f1f051560	136992
mods/heroes.stormmod/base.stormassets/assets/ui/lootbox/storm_lootui_shardpile/storm_lootui_shardpile_01.m3	946d8e36a33b69d65e89cf7bd61ffda9	125072
mods/heroes.stormmod/base.stormassets/assets/ui/lootbox/storm_lootui_shardpile/storm_lootui_shardpile_02.m3	11eca8c26d9d8ace150f3307cae693a0	110000
mods/heroes.stormmod/base.stormassets/assets/ui/lootbox/storm_lootui_shardpile/storm_lootui_shardpile_03.m3	9a21527302387fc30d058e2c5e28d374	103600
mods/heroes.stormmod/base.stormassets/assets/ui/lootbox/storm_lootui_shards/storm_lootui_shards_00.m3	1129fbd130056d954a0655e6fe6c6458	93456
mods/heroes.stormmod/base.stormassets/assets/ui/lootbox/storm_lootui_shards/storm_lootui_shards_01.m3	7bfb3aee2154e673f8fe4918c698a31d	109680
mods/heroes.stormmod/base.stormassets/assets/ui/lootbox/storm_lootui_shards/storm_lootui_shards_02.m3	bb9fb86ebf2efd90981d9e13526785ae	155968
mods/heroes.stormmod/base.stormassets/assets/ui/lootbox/storm_lootui_shards/storm_lootui_shards_03.m3	724286bb9201f34a0e56cce1c964868b	192320
mods/heroes.stormmod/base.stormassets/assets/ui/lootbox/storm_lootui_shards/storm_lootui_shards_low_00.m3	0ae5a18a50fbe8ea9533585bbd53867b	80816
mods/heroes.stormmod/base.stormassets/assets/ui/lootbox/storm_lootui_shards/storm_lootui_shards_low_01.m3	d6518bab8fe8701b1610812301fde9cb	96928
mods/heroes.stormmod/base.stormassets/assets/ui/lootbox/storm_lootui_shards/storm_lootui_shards_low_02.m3	8bc96e950c1eaadd96a9a9ff483e39fc	143328
mods/heroes.stormmod/base.stormassets/assets/ui/lootbox/storm_lootui_shards/storm_lootui_shards_low_03.m3	dbbc36365ec7fd4435bedee8e0663925	179632
mods/heroes.stormmod/base.stormassets/assets/ui/lootbox/storm_lootui_spraycan/storm_lootui_spraycan.m3	97a385b2823334d68a489ff814a40310	59952
mods/heroes.stormmod/base.stormassets/assets/ui/lootbox/storm_lootui_spraycard_animated/storm_lootui_spraycard_animated.m3	66588243ad6d6b772921991d5187032d	14784
mods/heroes.stormmod/base.stormassets/assets/ui/lootbox/storm_lootui_spraycard_static/storm_lootui_spraycard_static.m3	7968aa67e5c8d158f64f0cccc562b69e	12976
mods/heroes.stormmod/base.stormassets/assets/ui/lootbox/storm_lootui_star_base/storm_lootui_star_base.m3	8cded8ce6686a3485422e063c4741576	53408
mods/heroes.stormmod/base.stormassets/assets/ui/lootbox/storm_lootui_transition/storm_lootui_transition.m3	c8fc35447d38be3e5cc7f9e61ffc8968	171472
