mods/heroes.stormmod/base.stormassets/assets/ui/backgrounds/storm_overlay_alexstrasza_base_cleansing/storm_overlay_alexstrasza_base_cleansing.m3	c59aa3f8769ab1804ab745eaab720c80	40688
mods/heroes.stormmod/base.stormassets/assets/ui/backgrounds/storm_overlay_ana_base_nanoboost/storm_overlay_ana_base_nanoboost.m3	f1be5bf80a7d73fae6c75dc97ccf9b4a	63776
mods/heroes.stormmod/base.stormassets/assets/ui/backgrounds/storm_overlay_ana_base_overwatch/storm_overlay_ana_base_overwatch.m3	4ef1230e9d509ed1f6b4880512219826	42496
mods/heroes.stormmod/base.stormassets/assets/ui/backgrounds/storm_overlay_anubarak_base_cocoon/storm_overlay_anubarak_base_cocoon.m3	8ae08f7b4c1478642f78e42bf09093f6	128144
mods/heroes.stormmod/base.stormassets/assets/ui/backgrounds/storm_overlay_deathwing_base_ascent/storm_overlay_deathwing_base_ascent.m3	ac92e9d6a9678a2e003a50bc15fb987f	18896
mods/heroes.stormmod/base.stormassets/assets/ui/backgrounds/storm_overlay_dehaka_base_burrow/storm_overlay_dehaka_base_burrow.m3	13800367460652d3ae4bebd48e23e931	15520
mods/heroes.stormmod/base.stormassets/assets/ui/backgrounds/storm_overlay_firebatbunker_base/storm_overlay_firebatbunker_base.m3	c5251c4591ec9558325805d7160c35a0	168336
mods/heroes.stormmod/base.stormassets/assets/ui/backgrounds/storm_overlay_global_heal/storm_overlay_global_heal.m3	a6e1df51f6bc938945ae6e3d8c668947	39696
mods/heroes.stormmod/base.stormassets/assets/ui/backgrounds/storm_overlay_global_invulnerable/storm_overlay_global_invulnerable.m3	54a2bb64b4c14f11bf51030ce795f33b	80048
mods/heroes.stormmod/base.stormassets/assets/ui/backgrounds/storm_overlay_global_stasis/storm_overlay_global_stasis.m3	bc58ad4bfbcca49ca1431fdb4645f81a	81616
mods/heroes.stormmod/base.stormassets/assets/ui/backgrounds/storm_overlay_global_taunt/storm_overlay_global_taunt.m3	0b161d33bd1fd15d9ccad648609e0a3d	27328
mods/heroes.stormmod/base.stormassets/assets/ui/backgrounds/storm_overlay_hanamura_boss_imprison/storm_overlay_hanamura_boss_imprison.m3	08393b13c4d91d7d4235f7dfc1aaf936	238224
mods/heroes.stormmod/base.stormassets/assets/ui/backgrounds/storm_overlay_imperius_base_archangelchokeslam/storm_overlay_imperius_base_archangelchokeslam.m3	d91ce56ee1a3bc76dc52ef701e6e89b1	259072
mods/heroes.stormmod/base.stormassets/assets/ui/backgrounds/storm_overlay_junkrat_base_rocketride/storm_overlay_junkrat_base_rocketride.m3	15a2daed181210c184048966b2204a57	70688
mods/heroes.stormmod/base.stormassets/assets/ui/backgrounds/storm_overlay_kingleoric_space_undying/storm_overlay_kingleoric_space_undying.m3	98b57d2365708e1d4d6a604e43a39d83	151760
mods/heroes.stormmod/base.stormassets/assets/ui/backgrounds/storm_overlay_kingleoric_space_var1_undying/storm_overlay_kingleoric_space_var1_undying.m3	68e8b879188443793c56b75564d2d5c3	151760
mods/heroes.stormmod/base.stormassets/assets/ui/backgrounds/storm_overlay_kingleoric_space_var2_undying/storm_overlay_kingleoric_space_var2_undying.m3	cd13ebb84e220e19611a443544c934b9	151760
mods/heroes.stormmod/base.stormassets/assets/ui/backgrounds/storm_overlay_kingleoric_undying/storm_overlay_kingleoric_undying.m3	196101966332d0141d5506f04d0d0c1e	87296
mods/heroes.stormmod/base.stormassets/assets/ui/backgrounds/storm_overlay_malganis_base_blindasabat/storm_overlay_malganis_base_blindasabat.m3	f8b312e4018745028892fe59dc5f1abb	82720
mods/heroes.stormmod/base.stormassets/assets/ui/backgrounds/storm_overlay_medic_base_medivac/storm_overlay_medic_base_medivac.m3	2dd1508dd896e0640133ab2e5b3a65b1	305360
mods/heroes.stormmod/base.stormassets/assets/ui/backgrounds/storm_overlay_medic_base_stimdrone/storm_overlay_medic_base_stimdrone.m3	bfb5236d4e475398b4e2794dfd9906ff	60768
mods/heroes.stormmod/base.stormassets/assets/ui/backgrounds/storm_overlay_medic_enforcer_medivac/storm_overlay_medic_enforcer_medivac.m3	1ce0524dbd76f09e8fdc2fdee66da3dc	310352
mods/heroes.stormmod/base.stormassets/assets/ui/backgrounds/storm_overlay_medic_love_medivac/storm_overlay_medic_love_medivac.m3	a3690b57f6e18754c95270807d6b0c4b	304240
mods/heroes.stormmod/base.stormassets/assets/ui/backgrounds/storm_overlay_murky_base_respawn/storm_overlay_murky_base_respawn.m3	6d4829c4c999039739c9a607ecf97cac	166656
mods/heroes.stormmod/base.stormassets/assets/ui/backgrounds/storm_overlay_ragnaros_base_submerge/storm_overlay_ragnaros_base_submerge.m3	d3b808d45baf807dc27ed700b8614604	81648
mods/heroes.stormmod/base.stormassets/assets/ui/backgrounds/storm_overlay_ragnaros_base_summon/storm_overlay_ragnaros_base_summon.m3	305a5fa9e63b5e406723ebe2e4e4ccc3	126944
mods/heroes.stormmod/base.stormassets/assets/ui/backgrounds/storm_overlay_stitches_base_gorge/storm_overlay_stitches_base_gorge.m3	744c7ef74483e3bb0eb20f7ad46ced7d	236192
mods/heroes.stormmod/base.stormassets/assets/ui/backgrounds/storm_overlay_stitches_owc20_gorge/storm_overlay_stitches_owc20_gorge.m3	87754f4ec9b692af8341a7c0b522048f	234688
mods/heroes.stormmod/base.stormassets/assets/ui/backgrounds/storm_overlay_stitches_toys18_gorge/storm_overlay_stitches_toys18_gorge.m3	81ddee2657ca50223718b163394313b6	370368
mods/heroes.stormmod/base.stormassets/assets/ui/backgrounds/storm_overlay_stitches_toys18_gorge_var1/storm_overlay_stitches_toys18_gorge_var1.m3	4835c8264860775471866c7edf2c0732	370464
mods/heroes.stormmod/base.stormassets/assets/ui/backgrounds/storm_overlay_stitches_toys18_gorge_var2/storm_overlay_stitches_toys18_gorge_var2.m3	65f6f6bd79a94c6f3efce80a78762901	370464
mods/heroes.stormmod/base.stormassets/assets/ui/backgrounds/storm_overlay_stitches_toys18_gorge_var3/storm_overlay_stitches_toys18_gorge_var3.m3	16f0fd2ff60c39c448f48cb28fa6bb01	347216
mods/heroes.stormmod/base.stormassets/assets/ui/backgrounds/storm_overlay_stitches_toys18_gorge_var4/storm_overlay_stitches_toys18_gorge_var4.m3	112e23673ee066eb89f6e4ef1dce5a18	347216
mods/heroes.stormmod/base.stormassets/assets/ui/backgrounds/storm_overlay_stitches_toys18_gorge_var5/storm_overlay_stitches_toys18_gorge_var5.m3	a4c4086dd8e6ec31625f66ddc82ec3fb	347216
mods/heroes.stormmod/base.stormassets/assets/ui/backgrounds/storm_overlay_supercloak/storm_overlay_supercloak.m3	6450c8da05601fd4c96108feefbd3eff	36496
mods/heroes.stormmod/base.stormassets/assets/ui/backgrounds/storm_overlay_sylvanas_base_mindcontrol/storm_overlay_sylvanas_base_mindcontrol.m3	f31e195bfc806ab8062e6316889e9b2f	61104
mods/heroes.stormmod/base.stormassets/assets/ui/backgrounds/storm_overlay_tracer_base_pulsebomb/storm_overlay_tracer_base_pulsebomb.m3	97edcccf6c5f874a9f2b1566e0bbd9df	38016
