mods/heroes.stormmod/base.stormassets/assets/units/heroes/storm_morph_abathur_base_megathur/storm_morph_abathur_base_megathur.m3	d6f1b58d6bd8d32aa0ba0e3fc5772587	481776
mods/heroes.stormmod/base.stormassets/assets/units/heroes/storm_morph_abathur_base_megathur_death/storm_morph_abathur_base_megathur_death.m3	74fae4fe8ee76f95eefc030292fd8e2c	479232
mods/heroes.stormmod/base.stormassets/assets/units/heroes/storm_morph_abathur_base_megathur_requiredanims/storm_morph_abathur_base_megathur_requiredanims.m3a	e8e2272dba38c7589b5aeeae9b35e8f3	2441344
mods/heroes.stormmod/base.stormassets/assets/units/heroes/storm_morph_abathur_mecha_megathur/storm_morph_abathur_mecha_megathur.m3	f4f097d492079437e5fa33c12d553a60	479232
mods/heroes.stormmod/base.stormassets/assets/units/heroes/storm_morph_abathur_mecha_megathur_death/storm_morph_abathur_mecha_megathur_death.m3	05a80a20e2cdd8504ec2b7ec48e69732	539952
mods/heroes.stormmod/base.stormassets/assets/units/heroes/storm_morph_alexstraszadragon_base/storm_morph_alexstraszadragon_base.m3	625d550bb9f7d3b36f0fbc23ab82ef8b	369680
mods/heroes.stormmod/base.stormassets/assets/units/heroes/storm_morph_alexstraszadragon_base_death_mat/storm_morph_alexstraszadragon_base_death_mat.m3	8fd1d36a5422684fd70541af67e3ed36	14160
mods/heroes.stormmod/base.stormassets/assets/units/heroes/storm_morph_alexstraszadragon_base_replace_mat/storm_morph_alexstraszadragon_base_replace_mat.m3	c7c4fa33608f01bb0d90286543ff48fe	17232
mods/heroes.stormmod/base.stormassets/assets/units/heroes/storm_morph_alexstraszadragon_cowl/storm_morph_alexstraszadragon_cowl.m3	93c5273a2cc82b11daf3b2541958d95b	369680
mods/heroes.stormmod/base.stormassets/assets/units/heroes/storm_morph_alexstraszadragon_cowl_death_mat/storm_morph_alexstraszadragon_cowl_death_mat.m3	6b98fabc98659a685910ff1173583bc6	14160
mods/heroes.stormmod/base.stormassets/assets/units/heroes/storm_morph_alexstraszadragon_cowl_replace_mat/storm_morph_alexstraszadragon_cowl_replace_mat.m3	0121fb7227ac646a2de555c7e287e337	17216
mods/heroes.stormmod/base.stormassets/assets/units/heroes/storm_morph_alexstraszadragon_dark/storm_morph_alexstraszadragon_dark.m3	82003fd40e8cef24770e72e939ebc4a7	320752
mods/heroes.stormmod/base.stormassets/assets/units/heroes/storm_morph_alexstraszadragon_dark_death_mat/storm_morph_alexstraszadragon_dark_death_mat.m3	71a11518687165ca865331a100670ddf	14304
mods/heroes.stormmod/base.stormassets/assets/units/heroes/storm_morph_alexstraszadragon_dark_replace_mat/storm_morph_alexstraszadragon_dark_replace_mat.m3	60d5fcae9dd5db24c2145955d37563bb	17232
mods/heroes.stormmod/base.stormassets/assets/units/heroes/storm_morph_alexstraszadragon_requiredanims/storm_morph_alexstraszadragon_requiredanims.m3a	ff7f5a1294f0784c10f91bbab290b935	2682208
mods/heroes.stormmod/base.stormassets/assets/units/heroes/storm_morph_alexstraszadragon_spooky18/storm_morph_alexstraszadragon_spooky18.m3	8318e88f6c08847bc2de1e0c0b3e6485	365344
mods/heroes.stormmod/base.stormassets/assets/units/heroes/storm_morph_arthasbat_crimsoncount/storm_morph_arthasbat_crimsoncount.m3	e474ed314ec406279a8026b6cfc175b2	636736
mods/heroes.stormmod/base.stormassets/assets/units/heroes/storm_morph_d3wizardf_archon/storm_morph_d3wizardf_archon.m3	73dbc3573eba614d78ed8c0bdce26769	223824
mods/heroes.stormmod/base.stormassets/assets/units/heroes/storm_morph_d3wizardf_lunar_archon/storm_morph_d3wizardf_lunar_archon.m3	ced38802ac5f89dc2faa2b5fd95799f2	249792
mods/heroes.stormmod/base.stormassets/assets/units/heroes/storm_morph_d3wizardf_star_archon/storm_morph_d3wizardf_star_archon.m3	13aec8b3d5fb424277e1961e244536bc	294736
mods/heroes.stormmod/base.stormassets/assets/units/heroes/storm_morph_d3wizardf_templar_archon/storm_morph_d3wizardf_templar_archon.m3	b995ad948c6335132239453f48a58621	305280
mods/heroes.stormmod/base.stormassets/assets/units/heroes/storm_morph_etc_base_ghost/storm_morph_etc_base_ghost.m3	3508ec4d5ea971fb2011619414d9567a	764288
mods/heroes.stormmod/base.stormassets/assets/units/heroes/storm_morph_gazlowe_bag_robogoblin/storm_morph_gazlowe_bag_robogoblin.m3	3c2999c72482f16103fe62a9fcbcc7a2	905408
mods/heroes.stormmod/base.stormassets/assets/units/heroes/storm_morph_gazlowe_bag_robogoblin_deathragdoll/storm_morph_gazlowe_bag_robogoblin_deathragdoll.m3	da1e4358fc8a2be578a2e7b2139381a3	1028608
mods/heroes.stormmod/base.stormassets/assets/units/heroes/storm_morph_gazlowe_base_robogoblin/storm_morph_gazlowe_base_robogoblin.m3	b89ad729d07a32d441f27080079e415b	850848
mods/heroes.stormmod/base.stormassets/assets/units/heroes/storm_morph_gazlowe_base_robogoblin_deathragdoll/storm_morph_gazlowe_base_robogoblin_deathragdoll.m3	6db2138ed2af73603f33fce8aa84cf50	874480
mods/heroes.stormmod/base.stormassets/assets/units/heroes/storm_morph_gazlowe_bigtop_robogoblin/storm_morph_gazlowe_bigtop_robogoblin.m3	3b23256b3213288c89bc38a32a157ff8	770160
mods/heroes.stormmod/base.stormassets/assets/units/heroes/storm_morph_gazlowe_bigtop_robogoblin_deathragdoll/storm_morph_gazlowe_bigtop_robogoblin_deathragdoll.m3	2699fb44a8c2f354781278a7a181a01c	1092624
mods/heroes.stormmod/base.stormassets/assets/units/heroes/storm_morph_gazlowe_craft20_robogoblin/storm_morph_gazlowe_craft20_robogoblin.m3	4dc7e6f525dd5c81146e92c0ab20d8ad	579024
mods/heroes.stormmod/base.stormassets/assets/units/heroes/storm_morph_gazlowe_craft20_robogoblin_deathragdoll/storm_morph_gazlowe_craft20_robogoblin_deathragdoll.m3	51e3d3b8cd66fd849541bb3054b351b1	624208
mods/heroes.stormmod/base.stormassets/assets/units/heroes/storm_morph_gazlowe_scifi_robogoblin/storm_morph_gazlowe_scifi_robogoblin.m3	9abc119f2540d735ff7b03201cfe4b32	647408
mods/heroes.stormmod/base.stormassets/assets/units/heroes/storm_morph_gazlowe_scifi_robogoblin_deathragdoll/storm_morph_gazlowe_scifi_robogoblin_deathragdoll.m3	0bdff8017cbc609919eddc9177eda7a8	658432
mods/heroes.stormmod/base.stormassets/assets/units/heroes/storm_morph_gazlowe_ultimate_robogoblin/storm_morph_gazlowe_ultimate_robogoblin.m3	92b6c2da1177bfd4cd0028f5d3908e96	990240
mods/heroes.stormmod/base.stormassets/assets/units/heroes/storm_morph_gazlowe_ultimate_robogoblin_deathragdoll/storm_morph_gazlowe_ultimate_robogoblin_deathragdoll.m3	84494700b6bd7d2b41ecf40d287da3fd	1026112
mods/heroes.stormmod/base.stormassets/assets/units/heroes/storm_morph_greymaneworgen_base/storm_morph_greymaneworgen_base.m3	15dedbe98f83318c476cd44e410c154e	472496
mods/heroes.stormmod/base.stormassets/assets/units/heroes/storm_morph_greymaneworgen_base_deathragdoll/storm_morph_greymaneworgen_base_deathragdoll.m3	f7d643593c4181cbc648229838c61cfb	381568
mods/heroes.stormmod/base.stormassets/assets/units/heroes/storm_morph_greymaneworgen_base_home/storm_morph_greymaneworgen_base_home.m3	5c1e987991eb924fefff6404c395fc0b	510448
mods/heroes.stormmod/base.stormassets/assets/units/heroes/storm_morph_greymaneworgen_base_home/storm_morph_greymaneworgen_base_home_low.m3	5c5e1b41f854f2a33ea20012a803a5ba	510464
mods/heroes.stormmod/base.stormassets/assets/units/heroes/storm_morph_greymaneworgen_circus/storm_morph_greymaneworgen_circus.m3	55361dee954a355f3ecf1904231b2787	430816
mods/heroes.stormmod/base.stormassets/assets/units/heroes/storm_morph_greymaneworgen_circus_deathragdoll/storm_morph_greymaneworgen_circus_deathragdoll.m3	5a50ee513aa8f7a51a8695be185558d4	375424
mods/heroes.stormmod/base.stormassets/assets/units/heroes/storm_morph_greymaneworgen_circus_facialanims/storm_morph_greymaneworgen_circus_facialanims.m3a	6631b9ea4a9214d12a09eab8161139cb	139936
mods/heroes.stormmod/base.stormassets/assets/units/heroes/storm_morph_greymaneworgen_doctor/storm_morph_greymaneworgen_doctor.m3	ce62d743b7d920ee3bab2f8628805e32	442288
mods/heroes.stormmod/base.stormassets/assets/units/heroes/storm_morph_greymaneworgen_doctor_deathragdoll/storm_morph_greymaneworgen_doctor_deathragdoll.m3	0115e4dc78b842027d575e751e02fd3e	390000
mods/heroes.stormmod/base.stormassets/assets/units/heroes/storm_morph_greymaneworgen_doctor_facialanims/storm_morph_greymaneworgen_doctor_facialanims.m3a	0e21839c1704f6f821cebc1ec1123e65	91184
mods/heroes.stormmod/base.stormassets/assets/units/heroes/storm_morph_greymaneworgen_doctor_requiredanims/storm_morph_greymaneworgen_doctor_requiredanims.m3a	e464295a33458017d521d18c8856eebf	2667712
mods/heroes.stormmod/base.stormassets/assets/units/heroes/storm_morph_greymaneworgen_enforcer/storm_morph_greymaneworgen_enforcer.m3	7c313d6f0e5894beb9d596bebf4c36d8	443264
mods/heroes.stormmod/base.stormassets/assets/units/heroes/storm_morph_greymaneworgen_enforcer_deathragdoll/storm_morph_greymaneworgen_enforcer_deathragdoll.m3	e0370fe26a272fd05a48cc566e8d1cdb	378064
mods/heroes.stormmod/base.stormassets/assets/units/heroes/storm_morph_greymaneworgen_enforcer_facialanims/storm_morph_greymaneworgen_enforcer_facialanims.m3a	a9ca03a879e7077cf056727eb65cdcef	91936
mods/heroes.stormmod/base.stormassets/assets/units/heroes/storm_morph_greymaneworgen_enforcer_requiredanims/storm_morph_greymaneworgen_enforcer_requiredanims.m3a	8529ce958a5aa6978ae7343d98e792d2	2239792
mods/heroes.stormmod/base.stormassets/assets/units/heroes/storm_morph_greymaneworgen_facialanims/storm_morph_greymaneworgen_facialanims.m3a	8bb02d273cfa7a3b2b6c9f195e689d02	112384
mods/heroes.stormmod/base.stormassets/assets/units/heroes/storm_morph_greymaneworgen_requiredanims/storm_morph_greymaneworgen_requiredanims.m3a	d8c4e60fabafa300cd234c0dec401776	3754384
mods/heroes.stormmod/base.stormassets/assets/units/heroes/storm_morph_greymaneworgen_ultimate/storm_morph_greymaneworgen_ultimate.m3	89c6904e88bfb51fda1bb385de0b3558	480064
mods/heroes.stormmod/base.stormassets/assets/units/heroes/storm_morph_greymaneworgen_ultimate_deathragdoll/storm_morph_greymaneworgen_ultimate_deathragdoll.m3	a512a12bfe2b025d7f77454ef4e155a4	408528
mods/heroes.stormmod/base.stormassets/assets/units/heroes/storm_morph_illidandemon_lunar/storm_morph_illidandemon_lunar.m3	ac995b308e7f3963e261386e77cd4caf	602544
mods/heroes.stormmod/base.stormassets/assets/units/heroes/storm_morph_illidandemon_lunar_deathragdoll/storm_morph_illidandemon_lunar_deathragdoll.m3	5492d59fb0fdfb19f211856c8fcbd726	580528
mods/heroes.stormmod/base.stormassets/assets/units/heroes/storm_morph_illidandemon_shando/storm_morph_illidandemon_shando.m3	5a999261125d8cdc749c6d6dd063f8fa	656304
mods/heroes.stormmod/base.stormassets/assets/units/heroes/storm_morph_illidandemon_shando_deathragdoll/storm_morph_illidandemon_shando_deathragdoll.m3	2de35c956c9dbd169f10bbb81fc8f9ab	504192
mods/heroes.stormmod/base.stormassets/assets/units/heroes/storm_morph_illidandemon_spectre/storm_morph_illidandemon_spectre.m3	92354b83bfc819b7e411256c87bc303a	502080
mods/heroes.stormmod/base.stormassets/assets/units/heroes/storm_morph_illidandemon_spectre_deathragdoll/storm_morph_illidandemon_spectre_deathragdoll.m3	5f0c6b4068ad6be619f12f0ffb0f74f4	495072
mods/heroes.stormmod/base.stormassets/assets/units/heroes/storm_morph_kerrigan_bat/storm_morph_kerrigan_bat.m3	8575af22a40baf6d828877347448683d	208352
mods/heroes.stormmod/base.stormassets/assets/units/heroes/storm_morph_kerrigan_bat_requiredanims/storm_morph_kerrigan_bat_requiredanims.m3a	27d741a2dceb53deaaf9067d0f578b9c	226928
mods/heroes.stormmod/base.stormassets/assets/units/heroes/storm_morph_lostvikingsship_base/storm_morph_lostvikingsship_base.m3	e2bb51749f706c12cf78b8c5463d85c7	800112
mods/heroes.stormmod/base.stormassets/assets/units/heroes/storm_morph_lostvikingsship_portraitanims/storm_morph_lostvikingsship_portraitanims.m3a	65c5c183f38cc76bf5518a2eb8940746	49840
mods/heroes.stormmod/base.stormassets/assets/units/heroes/storm_morph_lostvikingsship_requiredanims/storm_morph_lostvikingsship_requiredanims.m3a	6a687ecd947e27d7f8c69430397a86c1	137264
mods/heroes.stormmod/base.stormassets/assets/units/heroes/storm_morph_medivhraven_base/storm_morph_medivhraven_base.m3	1cad18e0afb9e5b6c5c8568dfecd45a6	88208
mods/heroes.stormmod/base.stormassets/assets/units/heroes/storm_morph_medivhraven_knightowl/storm_morph_medivhraven_knightowl.m3	b5aa50f789e557c4459009ea275f293c	114768
mods/heroes.stormmod/base.stormassets/assets/units/heroes/storm_morph_medivhraven_requiredanims/storm_morph_medivhraven_requiredanims.m3a	036449705a007976c3c09dfa2ff39bfa	372112
mods/heroes.stormmod/base.stormassets/assets/units/heroes/storm_morph_valeerashadow_base/storm_morph_valeerashadow_base.m3	2c7a0d1514e5ca658ede770fdf6c2f88	412416
mods/heroes.stormmod/base.stormassets/assets/units/heroes/storm_morph_valeerashadow_hunter/storm_morph_valeerashadow_hunter.m3	dc070f41bed1861904f6c493f99b339b	482688
mods/heroes.stormmod/base.stormassets/assets/units/heroes/storm_morph_valeerashadow_wcav/storm_morph_valeerashadow_wcav.m3	43eed0931e075260b84acdbb0393aa10	421856
mods/heroes.stormmod/base.stormassets/assets/units/mounts/storm_mount_antelope_rank18/storm_mount_antelope_rank18_00.m3	ade9ac4e7c79a9c67d1cbb030a57d25e	221728
mods/heroes.stormmod/base.stormassets/assets/units/mounts/storm_mount_antelope_rank18/storm_mount_antelope_rank18_01.m3	77055af6695beef15322e3eff1922bee	313616
mods/heroes.stormmod/base.stormassets/assets/units/mounts/storm_mount_antelope_requiredanims/storm_mount_antelope_requiredanims.m3a	618d7b51e92c685141d084e7bac73f43	557072
mods/heroes.stormmod/base.stormassets/assets/units/mounts/storm_mount_azmodan_madaxe18/storm_mount_azmodan_madaxe18.m3	8a87be4ae08cdf4165b1c368c2943f88	159648
mods/heroes.stormmod/base.stormassets/assets/units/mounts/storm_mount_azmodan_madaxe18_requiredanims/storm_mount_azmodan_madaxe18_requiredanims.m3a	9c07ab7b0fdd950d431f0058ce575d66	124752
mods/heroes.stormmod/base.stormassets/assets/units/mounts/storm_mount_balloonduck_summer20/storm_mount_balloonduck_summer20.m3	d0917b9fba10829d0ee33a29a5070220	187056
mods/heroes.stormmod/base.stormassets/assets/units/mounts/storm_mount_balloonduck_summer20_death/storm_mount_balloonduck_summer20_death.m3	9e670347a4911c3254dd639e9d3b1330	217920
mods/heroes.stormmod/base.stormassets/assets/units/mounts/storm_mount_balloonduck_summer20_requiredanims/storm_mount_balloonduck_summer20_requiredanims.m3a	9176ab69fa5bdd01d6be12241f245496	156368
mods/heroes.stormmod/base.stormassets/assets/units/mounts/storm_mount_balloonduck_summer20_var1_death/storm_mount_balloonduck_summer20_var1_death.m3	ef1e0474d008d2908063f3b8ec640d52	217472
mods/heroes.stormmod/base.stormassets/assets/units/mounts/storm_mount_balloonduck_summer20_var2_death/storm_mount_balloonduck_summer20_var2_death.m3	5c27f262581d167137130bdb15e66002	217472
mods/heroes.stormmod/base.stormassets/assets/units/mounts/storm_mount_banner_azmodunk/storm_mount_banner_azmodunk.m3	ec8490ef3fecf0ede9b9363459f50263	147680
mods/heroes.stormmod/base.stormassets/assets/units/mounts/storm_mount_banner_dorm18/storm_mount_banner_dorm18.m3	9eda006bddd6251b7bf40cacde267f87	72736
mods/heroes.stormmod/base.stormassets/assets/units/mounts/storm_mount_banner_kerricheer/storm_mount_banner_kerricheer.m3	fbbf260f8061a98f9f62ee9a7d792b70	72736
mods/heroes.stormmod/base.stormassets/assets/units/mounts/storm_mount_banner_requiredanims/storm_mount_banner_requiredanims.m3a	6ccc65ea05367dbe63bc8d7b774a0f70	125040
mods/heroes.stormmod/base.stormassets/assets/units/mounts/storm_mount_battlebeast_base/storm_mount_battlebeast_base.m3	1c11d2f3ffc3089e18c0c129e84f50ca	204080
mods/heroes.stormmod/base.stormassets/assets/units/mounts/storm_mount_battlebeast_dark20/storm_mount_battlebeast_dark20.m3	e1a5f570ab22e26f9fcf54021dc5b43f	376624
mods/heroes.stormmod/base.stormassets/assets/units/mounts/storm_mount_battlebeast_esport17/storm_mount_battlebeast_esport17_00.m3	53a7516f8f6896450e3c84014ae997d4	274160
mods/heroes.stormmod/base.stormassets/assets/units/mounts/storm_mount_battlebeast_esport17/storm_mount_battlebeast_esport17_01.m3	bfd4fb6713eaad67d478b4e25d996b4b	337520
mods/heroes.stormmod/base.stormassets/assets/units/mounts/storm_mount_battlebeast_nexus/storm_mount_battlebeast_nexus.m3	9a2a671bb296b71d9af83eeebeecc454	354464
mods/heroes.stormmod/base.stormassets/assets/units/mounts/storm_mount_battlebeast_rank16/storm_mount_battlebeast_rank16_00.m3	74b89a54da550d1cd7162cd8d26b5e9e	302096
mods/heroes.stormmod/base.stormassets/assets/units/mounts/storm_mount_battlebeast_rank16/storm_mount_battlebeast_rank16_01.m3	f4896d0093fac69dd99edba570458f0d	365456
mods/heroes.stormmod/base.stormassets/assets/units/mounts/storm_mount_battlebeast_requiredanims/storm_mount_battlebeast_requiredanims.m3a	5505eaa5ec785b19c7b34bd38426bd9e	214000
mods/heroes.stormmod/base.stormassets/assets/units/mounts/storm_mount_battlebeast_saddled/storm_mount_battlebeast_saddled.m3	0e857f4d3ff94750e5b2994e391bc7f3	306944
mods/heroes.stormmod/base.stormassets/assets/units/mounts/storm_mount_battlebeast_saddled_var3_mat/storm_mount_battlebeast_saddled_var3_mat.m3	db1cf42fba0427a3ad069e3865b2b4eb	12240
mods/heroes.stormmod/base.stormassets/assets/units/mounts/storm_mount_battlebeast_triceratops/storm_mount_battlebeast_triceratops_00.m3	f324020deb3dcd74d4d9316f8b507c6f	318944
mods/heroes.stormmod/base.stormassets/assets/units/mounts/storm_mount_battlebeast_triceratops/storm_mount_battlebeast_triceratops_01.m3	eac52d452114440264a4cd0caa6d1eb1	411296
mods/heroes.stormmod/base.stormassets/assets/units/mounts/storm_mount_battlebeast_triceratops_requiredanims/storm_mount_battlebeast_triceratops_requiredanims.m3a	623590b0b99f3d6541bc052bd176b4aa	151664
mods/heroes.stormmod/base.stormassets/assets/units/mounts/storm_mount_bear_celestial/storm_mount_bear_celestial.m3	3c4288bfc830dd3f95d004cc78af24be	362880
mods/heroes.stormmod/base.stormassets/assets/units/mounts/storm_mount_bear_rank17/storm_mount_bear_rank17_00.m3	fedfaa636f5b37afd82cfb9f3edcd553	256816
mods/heroes.stormmod/base.stormassets/assets/units/mounts/storm_mount_bear_rank17/storm_mount_bear_rank17_01.m3	d86093776bf958666c75d9d92181ab6b	280352
mods/heroes.stormmod/base.stormassets/assets/units/mounts/storm_mount_bear_rank21s1/storm_mount_bear_rank21s1.m3	e5c243b04e9aa0678c170944bcff8e98	283728
mods/heroes.stormmod/base.stormassets/assets/units/mounts/storm_mount_bear_requiredanims/storm_mount_bear_requiredanims.m3a	c41af85106097ad8033c18e1e272c2ff	197312
mods/heroes.stormmod/base.stormassets/assets/units/mounts/storm_mount_bear_war/storm_mount_bear_war.m3	ad0c3bbf3faa783ba9e0181b9c5c6a50	467968
mods/heroes.stormmod/base.stormassets/assets/units/mounts/storm_mount_bike_requiredanims/storm_mount_bike_requiredanims.m3a	edf0719b8dac80e0f7f9d59563039d69	124000
mods/heroes.stormmod/base.stormassets/assets/units/mounts/storm_mount_bike_starbreaker/storm_mount_bike_starbreaker.m3	f56bc963d75b13b86881cd449e7ff2ed	367168
mods/heroes.stormmod/base.stormassets/assets/units/mounts/storm_mount_billiegoat_base/storm_mount_billiegoat_base.m3	4edaa694e7ad53429c8a0de223453b11	334752
mods/heroes.stormmod/base.stormassets/assets/units/mounts/storm_mount_billiegoat_celestial/storm_mount_billiegoat_celestial.m3	8ac9e898d4e15c161d67ee493893c1a0	510192
mods/heroes.stormmod/base.stormassets/assets/units/mounts/storm_mount_bottle_base/storm_mount_bottle_base.m3	89cce93624d4a341ed14f6013b323ff7	539536
mods/heroes.stormmod/base.stormassets/assets/units/mounts/storm_mount_bottle_requiredanims/storm_mount_bottle_requiredanims.m3a	088b18e8839af3e3c6948c6f57b7b787	219216
mods/heroes.stormmod/base.stormassets/assets/units/mounts/storm_mount_carpet_luxoria/storm_mount_carpet_luxoria.m3	7be3434f2be66416d102dd6e1eea1fde	316224
mods/heroes.stormmod/base.stormassets/assets/units/mounts/storm_mount_cat_fire/storm_mount_cat_fire.m3	43df60fb1a40805106a5943b2c900abc	392368
mods/heroes.stormmod/base.stormassets/assets/units/mounts/storm_mount_cat_haunted/storm_mount_cat_haunted.m3	c2440d9c33432669fa47d4bddb18de7b	327328
mods/heroes.stormmod/base.stormassets/assets/units/mounts/storm_mount_cat_haunted_requiredanims/storm_mount_cat_haunted_requiredanims.m3a	fe1be366ebe90e148cb5d9708ff2d3b4	265360
mods/heroes.stormmod/base.stormassets/assets/units/mounts/storm_mount_cat_requiredanims/storm_mount_cat_requiredanims.m3a	08f77c9aeb9f3b4b90c37f4837fc41da	132928
mods/heroes.stormmod/base.stormassets/assets/units/mounts/storm_mount_cerberus_myth20/storm_mount_cerberus_myth20.m3	77e7fb0f4685231696d751c9faa413cf	326608
mods/heroes.stormmod/base.stormassets/assets/units/mounts/storm_mount_cerberus_myth20_requiredanims/storm_mount_cerberus_myth20_requiredanims.m3a	33a3dc0b3bbf91113b94b7edabdf1d76	260592
mods/heroes.stormmod/base.stormassets/assets/units/mounts/storm_mount_cloud_base/storm_mount_cloud_base_00.m3	ec58d74d0c7c153fba26410920209a96	92160
mods/heroes.stormmod/base.stormassets/assets/units/mounts/storm_mount_cloud_base/storm_mount_cloud_base_01.m3	08e88f95c7cf7c7b9ac8adc3f30c07d6	92160
mods/heroes.stormmod/base.stormassets/assets/units/mounts/storm_mount_cloud_base/storm_mount_cloud_base_02.m3	c07df702ce149f708be5602f25fc1a88	92160
mods/heroes.stormmod/base.stormassets/assets/units/mounts/storm_mount_cloud_whimsy/storm_mount_cloud_whimsy_00.m3	1420d2c098affba7309922318737a6c4	78592
mods/heroes.stormmod/base.stormassets/assets/units/mounts/storm_mount_cloud_whimsy/storm_mount_cloud_whimsy_01.m3	7060eae7c10ec6547fdbba5ceb71974a	83632
mods/heroes.stormmod/base.stormassets/assets/units/mounts/storm_mount_cloud_whimsy/storm_mount_cloud_whimsy_02.m3	45b69f8f90b018d8fa07406d19f066b7	73424
mods/heroes.stormmod/base.stormassets/assets/units/mounts/storm_mount_cloud_whimsy/storm_mount_cloud_whimsy_03.m3	b0d2ce04b02a10673fdf9063dae90bf8	49024
mods/heroes.stormmod/base.stormassets/assets/units/mounts/storm_mount_cloud_whimsy/storm_mount_cloud_whimsy_04.m3	60b8f851531cb22c6fbfa285abd1e2ee	90512
mods/heroes.stormmod/base.stormassets/assets/units/mounts/storm_mount_crab_celestial/storm_mount_crab_celestial.m3	13b9e02908748b5bd1f84c0b907412a1	401152
mods/heroes.stormmod/base.stormassets/assets/units/mounts/storm_mount_crab_rank18/storm_mount_crab_rank18_00.m3	504ca667c49a2b0bddd78987f6b00f95	189600
mods/heroes.stormmod/base.stormassets/assets/units/mounts/storm_mount_crab_rank18/storm_mount_crab_rank18_01.m3	e160f3550a288320df8926f25544ba87	257296
mods/heroes.stormmod/base.stormassets/assets/units/mounts/storm_mount_crab_requiredanims/storm_mount_crab_requiredanims.m3a	eeede7361b560912b4ced80a3cf8733f	488976
mods/heroes.stormmod/base.stormassets/assets/units/mounts/storm_mount_cyberwolf_base/storm_mount_cyberwolf_base.m3	ba82d2048d54862710aba711a20079f2	393936
mods/heroes.stormmod/base.stormassets/assets/units/mounts/storm_mount_cyberwolf_black/storm_mount_cyberwolf_black.m3	efc424528443f76c88e466dc12deb019	393984
mods/heroes.stormmod/base.stormassets/assets/units/mounts/storm_mount_cyberwolf_gold/storm_mount_cyberwolf_gold.m3	3ae74a760acb8ad99fc76acb3a402ef6	393984
mods/heroes.stormmod/base.stormassets/assets/units/mounts/storm_mount_deer_rank16/storm_mount_deer_rank16.m3	756abcbdc9b0b0ce336a4a15c241daf2	404128
mods/heroes.stormmod/base.stormassets/assets/units/mounts/storm_mount_deer_rank16/storm_mount_deer_rank16_01.m3	0cbd942326bbae4e69c685b357fe7218	456480
mods/heroes.stormmod/base.stormassets/assets/units/mounts/storm_mount_deer_requiredanims/storm_mount_deer_requiredanims.m3a	67381c6842961fca4ef298563e4d6d8b	228272
mods/heroes.stormmod/base.stormassets/assets/units/mounts/storm_mount_direwolf_base/storm_mount_direwolf_base_v06.m3	9598346bb935b32bae5d8965e8343250	292240
mods/heroes.stormmod/base.stormassets/assets/units/mounts/storm_mount_direwolf_esport17/storm_mount_direwolf_esport17_00.m3	52f0f620ed298c042f14e192f07a37f4	226640
mods/heroes.stormmod/base.stormassets/assets/units/mounts/storm_mount_direwolf_esport17/storm_mount_direwolf_esport17_01.m3	b273a29adf0eaa63aeb853075962582b	296752
mods/heroes.stormmod/base.stormassets/assets/units/mounts/storm_mount_direwolf_ironsides/storm_mount_direwolf_ironsides.m3	446c308974e8cb92b131325fd6736b5d	343408
mods/heroes.stormmod/base.stormassets/assets/units/mounts/storm_mount_direwolf_rank15/storm_mount_direwolf_rank15_00.m3	483846e5e368b76c7d288243aafb0ae7	256512
mods/heroes.stormmod/base.stormassets/assets/units/mounts/storm_mount_direwolf_rank15/storm_mount_direwolf_rank15_01.m3	669507627a57dacb238aa58f7563aa4a	329680
mods/heroes.stormmod/base.stormassets/assets/units/mounts/storm_mount_direwolf_rank15_01_var5/storm_mount_direwolf_rank15_01_var5.m3	35f7ea0ccfda0552a5febed2251cc301	275056
mods/heroes.stormmod/base.stormassets/assets/units/mounts/storm_mount_direwolf_requiredanims/storm_mount_direwolf_requiredanims.m3a	cb4c59b9f529249bd20131ab429321ba	424784
mods/heroes.stormmod/base.stormassets/assets/units/mounts/storm_mount_direwolf_requiredanims/storm_mount_direwolf_requiredanims_v06.m3a	e1431fe3846e8f2aaa58dd0edc682571	322688
mods/heroes.stormmod/base.stormassets/assets/units/mounts/storm_mount_dog_army19/storm_mount_dog_army19.m3	c25dfac631c42614dd0e19ca24577789	476416
mods/heroes.stormmod/base.stormassets/assets/units/mounts/storm_mount_dog_army19_requiredanims/storm_mount_dog_army19_requiredanims.m3a	e151f8a21ce1b0a8b4047acfc504680e	184304
mods/heroes.stormmod/base.stormassets/assets/units/mounts/storm_mount_dog_bandage19/storm_mount_dog_bandage19.m3	334f80e9386220e61dc98864c76e6eae	314672
mods/heroes.stormmod/base.stormassets/assets/units/mounts/storm_mount_dog_bandage19_requiredanims/storm_mount_dog_bandage19_requiredanims.m3a	e8deb0c453860f5e750a0556fb844fca	659712
mods/heroes.stormmod/base.stormassets/assets/units/mounts/storm_mount_dog_foo/storm_mount_dog_foo.m3	c327ae676c3603e62b530d17a833fe38	413248
mods/heroes.stormmod/base.stormassets/assets/units/mounts/storm_mount_dog_foo_requiredanims/storm_mount_dog_foo_requiredanims.m3a	b90c54c971eda0016d1145f940acc34f	1688992
mods/heroes.stormmod/base.stormassets/assets/units/mounts/storm_mount_dog_foo_var4/storm_mount_dog_foo_var4.m3	f8fcd77dd09922eb020baf763b1324e9	755232
mods/heroes.stormmod/base.stormassets/assets/units/mounts/storm_mount_dog_requiredanims/storm_mount_dog_requiredanims.m3a	ba529a72e7697774bb05a66c40a5ee80	1041088
mods/heroes.stormmod/base.stormassets/assets/units/mounts/storm_mount_dog_summer18/storm_mount_dog_summer18.m3	9474e29a576560b6c135befe57bb0db8	282000
mods/heroes.stormmod/base.stormassets/assets/units/mounts/storm_mount_dollarbill_base/storm_mount_dollarbill_base.m3	2314728b663c85ad0ce925432184d8aa	81024
mods/heroes.stormmod/base.stormassets/assets/units/mounts/storm_mount_doubloon_base/storm_mount_doubloon_base.m3	5a725018879ecc2f3b180ae71abbb872	133488
mods/heroes.stormmod/base.stormassets/assets/units/mounts/storm_mount_eye_base/storm_mount_eye_base.m3	6d6167ef6a86d1082cc714d1fe0560d6	290128
mods/heroes.stormmod/base.stormassets/assets/units/mounts/storm_mount_eye_requiredanims/storm_mount_eye_requiredanims.m3a	c0fe4d7616e94a5804a1d245d0be6ccc	267808
mods/heroes.stormmod/base.stormassets/assets/units/mounts/storm_mount_eyepad_dark18/storm_mount_eyepad_dark18.m3	a621783e2b119d2fea9262e1e0c18a3e	137008
mods/heroes.stormmod/base.stormassets/assets/units/mounts/storm_mount_felstalker_base/storm_mount_felstalker_base.m3	49df73344556c1d8b57c659e8d231071	226272
mods/heroes.stormmod/base.stormassets/assets/units/mounts/storm_mount_felstalker_demon/storm_mount_felstalker_demon.m3	b1b915745761f59ca6e4ed7f5be238a5	398704
mods/heroes.stormmod/base.stormassets/assets/units/mounts/storm_mount_felstalker_requiredanims/storm_mount_felstalker_requiredanims.m3a	14334b68a40de6a7185763dc6455bb8b	171744
mods/heroes.stormmod/base.stormassets/assets/units/mounts/storm_mount_goat_adultbillie/storm_mount_goat_adultbillie.m3	42d40b99a49062fdeab74efbcdfe9364	233680
mods/heroes.stormmod/base.stormassets/assets/units/mounts/storm_mount_goat_adultbillie_requiredanims/storm_mount_goat_adultbillie_requiredanims.m3a	96062a8652285a6151fd2af1c2ab1867	1280464
mods/heroes.stormmod/base.stormassets/assets/units/mounts/storm_mount_goat_base/storm_mount_goat_base.m3	1e129cea23cfa427d8f665db50bf9d46	326352
mods/heroes.stormmod/base.stormassets/assets/units/mounts/storm_mount_goat_birthday19/storm_mount_goat_birthday19.m3	320fe0112bd26d231ce85d88d75d9109	248704
mods/heroes.stormmod/base.stormassets/assets/units/mounts/storm_mount_goat_guardian21/storm_mount_goat_guardian21.m3	8127a1cfc519d4ebd4a929c655a4295c	291472
mods/heroes.stormmod/base.stormassets/assets/units/mounts/storm_mount_goat_guardian21_var1/storm_mount_goat_guardian21_var1.m3	a6a865368f0f3becf76205edb2e94ae2	291488
mods/heroes.stormmod/base.stormassets/assets/units/mounts/storm_mount_goat_guardian21_var2/storm_mount_goat_guardian21_var2.m3	72c09914b84a1ac75dfc91253a8643e4	291488
mods/heroes.stormmod/base.stormassets/assets/units/mounts/storm_mount_goat_guardian21_var3/storm_mount_goat_guardian21_var3.m3	dd141b2a49dd368dcf0b7acba202056c	291488
mods/heroes.stormmod/base.stormassets/assets/units/mounts/storm_mount_goat_hell/storm_mount_goat_hell.m3	fc375aa56fda92b64a99782ba6e8c310	474320
mods/heroes.stormmod/base.stormassets/assets/units/mounts/storm_mount_hearthstonecard_base/storm_mount_hearthstonecard_base.m3	266feef63758749481b0d38d375ed219	79472
mods/heroes.stormmod/base.stormassets/assets/units/mounts/storm_mount_hearthstonecard_cookiebite/storm_mount_hearthstonecard_cookiebite.m3	277499a24fa9043c60f608a7cc10ac3b	64464
mods/heroes.stormmod/base.stormassets/assets/units/mounts/storm_mount_hearthstonecard_medivh/storm_mount_hearthstonecard_medivh.m3	9198d424f9d6023dbc643a06b1ad60d4	98768
mods/heroes.stormmod/base.stormassets/assets/units/mounts/storm_mount_hearthstonecard_requiredanims/storm_mount_hearthstonecard_requiredanims.m3a	97585fa732453b03a650808655134121	221136
mods/heroes.stormmod/base.stormassets/assets/units/mounts/storm_mount_hearthstonecard_soapbar/storm_mount_hearthstonecard_soapbar.m3	532bae3b4f8c5eb22038a6b5cccc5b4c	52528
mods/heroes.stormmod/base.stormassets/assets/units/mounts/storm_mount_hearthstonecard_soapbar_requiredanims/storm_mount_hearthstonecard_soapbar_requiredanims.m3a	1dd1726d3d2684b534956a2e1676ade7	168000
mods/heroes.stormmod/base.stormassets/assets/units/mounts/storm_mount_herobeast_butcher/storm_mount_herobeast_butcher.m3	b4eba806e1697468332686d7aa22a945	302848
mods/heroes.stormmod/base.stormassets/assets/units/mounts/storm_mount_herohorse_demonic/storm_mount_herohorse_demonic.m3	21e6e5d0fa3f88c9571fed17649307e2	420144
mods/heroes.stormmod/base.stormassets/assets/units/mounts/storm_mount_herohorse_guanyu/storm_mount_herohorse_guanyu.m3	4d49e104a33895f26cbe92999a6d7bae	293296
mods/heroes.stormmod/base.stormassets/assets/units/mounts/storm_mount_herohorse_illidan/storm_mount_herohorse_illidan.m3	a645908494e3707d7ed2bcb3a6730a94	346016
mods/heroes.stormmod/base.stormassets/assets/units/mounts/storm_mount_herohorse_judgement/storm_mount_herohorse_judgement.m3	d41d6751cd2e421672601e588c214f5f	707040
mods/heroes.stormmod/base.stormassets/assets/units/mounts/storm_mount_herohorse_malthael/storm_mount_herohorse_malthael.m3	6dec562e976a5097e3048c97fa570664	450416
mods/heroes.stormmod/base.stormassets/assets/units/mounts/storm_mount_herohorse_marshall/storm_mount_herohorse_marshall.m3	b3946293748d55147298cd1a2d683220	431536
mods/heroes.stormmod/base.stormassets/assets/units/mounts/storm_mount_herohorse_nazeebra/storm_mount_herohorse_nazeebra.m3	b263a253df54591c5bcd62781ef161d2	282528
mods/heroes.stormmod/base.stormassets/assets/units/mounts/storm_mount_herohorse_tyrael/storm_mount_herohorse_tyrael.m3	dfe2c0977b5f45209379116f4b6c34ee	434640
mods/heroes.stormmod/base.stormassets/assets/units/mounts/storm_mount_horse_base/storm_mount_horse_base_v06.m3	09bd51c50a2dea6c22aaec0c3df32048	176304
mods/heroes.stormmod/base.stormassets/assets/units/mounts/storm_mount_horse_celestial/storm_mount_horse_celestial.m3	d3c6d1cf362ea53985b4f50d1d782c8d	456032
mods/heroes.stormmod/base.stormassets/assets/units/mounts/storm_mount_horse_craft20/storm_mount_horse_craft20.m3	97db0065c924ae61100a9a01ad671185	293136
mods/heroes.stormmod/base.stormassets/assets/units/mounts/storm_mount_horse_dead/storm_mount_horse_dead.m3	d0f283ada88730a53d9d322fc1e1df2c	198160
mods/heroes.stormmod/base.stormassets/assets/units/mounts/storm_mount_horse_ghost/storm_mount_horse_ghost.m3	7d9b4f48b523dcd0e089cb401dca4b86	393248
mods/heroes.stormmod/base.stormassets/assets/units/mounts/storm_mount_horse_ghostinvisible/storm_mount_horse_ghostinvisible.m3	6c503784ce69ef0f9b32bb5a9846495f	376656
mods/heroes.stormmod/base.stormassets/assets/units/mounts/storm_mount_horse_hhorseman/storm_mount_horse_hhorseman.m3	35d3758732ebdb5304ef0d5d08aef8dd	344000
mods/heroes.stormmod/base.stormassets/assets/units/mounts/storm_mount_horse_invisible/storm_mount_horse_invisible.m3	cd57fa0a9c91f6df5cd243ba15c573ba	298288
mods/heroes.stormmod/base.stormassets/assets/units/mounts/storm_mount_horse_myth20/storm_mount_horse_myth20.m3	0333c691ddb489548733641629e4173b	274176
mods/heroes.stormmod/base.stormassets/assets/units/mounts/storm_mount_horse_nexus/storm_mount_horse_nexus.m3	073ee36d35146c0bb7a6e172e63234a5	390336
mods/heroes.stormmod/base.stormassets/assets/units/mounts/storm_mount_horse_nexusgold/storm_mount_horse_nexusgold.m3	6cd73060e0fa99aa4fc8dc6a6ee48d4e	378576
mods/heroes.stormmod/base.stormassets/assets/units/mounts/storm_mount_horse_rank17_base/storm_mount_horse_rank17_base.m3	039d215b213c85c003a0059f27fa9a74	248960
mods/heroes.stormmod/base.stormassets/assets/units/mounts/storm_mount_horse_rank17_epic/storm_mount_horse_rank17_epic.m3	3a99681d7d1348839be6784d78b7cfaa	253232
mods/heroes.stormmod/base.stormassets/assets/units/mounts/storm_mount_horse_requiredanims/storm_mount_horse_requiredanims.m3a	e8aca74bf3fe76fb4b5f371e26153bdb	696592
mods/heroes.stormmod/base.stormassets/assets/units/mounts/storm_mount_horse_requiredanims/storm_mount_horse_requiredanims_v06.m3a	1f87a75019b1196732c9cd094c329153	349984
mods/heroes.stormmod/base.stormassets/assets/units/mounts/storm_mount_horse_saddled/storm_mount_horse_saddled_v06.m3	52e3076859af72f8c23750077c2cac7d	232272
mods/heroes.stormmod/base.stormassets/assets/units/mounts/storm_mount_horse_toys18/storm_mount_horse_toys18.m3	bfbd9512ce1f2a58704b7e8bcdc0ef3f	156304
mods/heroes.stormmod/base.stormassets/assets/units/mounts/storm_mount_horse_toys18_requiredanims/storm_mount_horse_toys18_requiredanims.m3a	a19427fcc8520ffa3fcafac5cade777d	280144
mods/heroes.stormmod/base.stormassets/assets/units/mounts/storm_mount_horse_toys19/storm_mount_horse_toys19.m3	0ec5922cceec72a97f1d7af1f68af48c	227264
mods/heroes.stormmod/base.stormassets/assets/units/mounts/storm_mount_horse_toys19_requiredanims/storm_mount_horse_toys19_requiredanims.m3a	d5e2b0e92dcaf89cd1f5aa90e1d59d60	33360
mods/heroes.stormmod/base.stormassets/assets/units/mounts/storm_mount_horse_unicorn/storm_mount_horse_unicorn_v06.m3	97a841180b760bda25976c6fcafcf4e5	206704
mods/heroes.stormmod/base.stormassets/assets/units/mounts/storm_mount_kelthuzad_base/storm_mount_kelthuzad_base.m3	667aa5069bb2f4ee92200d1957166d98	42224
mods/heroes.stormmod/base.stormassets/assets/units/mounts/storm_mount_kelthuzad_starlich/storm_mount_kelthuzad_starlich.m3	d0c6b458fe0df431a6aa3b9d3d5651a6	42352
mods/heroes.stormmod/base.stormassets/assets/units/mounts/storm_mount_lion_greymane/storm_mount_lion_greymane.m3	95b31c6e106cc0644625c181310b5067	328448
mods/heroes.stormmod/base.stormassets/assets/units/mounts/storm_mount_lion_rank16/storm_mount_lion_rank16_00.m3	1a244d9fb27eeb3f61c50df6030820bb	297200
mods/heroes.stormmod/base.stormassets/assets/units/mounts/storm_mount_lion_rank16/storm_mount_lion_rank16_01.m3	93c7794c09ac39acd09eecac4b38e653	349056
mods/heroes.stormmod/base.stormassets/assets/units/mounts/storm_mount_lion_requiredanims/storm_mount_lion_requiredanims.m3a	aabc0b142c3dc1d48b273628abe5a639	164352
mods/heroes.stormmod/base.stormassets/assets/units/mounts/storm_mount_lion_toys18/storm_mount_lion_toys18.m3	9220e7f9f7f35c475a78394e85e487c2	371792
mods/heroes.stormmod/base.stormassets/assets/units/mounts/storm_mount_lion_toys18_requiredanims/storm_mount_lion_toys18_requiredanims.m3a	5fd0d11342bd37cea3867f2c12ac9d15	239648
mods/heroes.stormmod/base.stormassets/assets/units/mounts/storm_mount_lunardragon_base/storm_mount_lunardragon_base.m3	d1c84d0d3c10ac5c99a3071a6a13fa0b	296800
mods/heroes.stormmod/base.stormassets/assets/units/mounts/storm_mount_lunardragon_requiredanims/storm_mount_lunardragon_requiredanims.m3a	e610c3a4333671a5c5885fe6f54efb60	130736
mods/heroes.stormmod/base.stormassets/assets/units/mounts/storm_mount_meatwagon_base/storm_mount_meatwagon_base.m3	66bf484ec40fd01729deb5ce7ebc0190	244432
mods/heroes.stormmod/base.stormassets/assets/units/mounts/storm_mount_meatwagon_requiredanims/storm_mount_meatwagon_requiredanims.m3a	8b82c7f146a9fbfd0125fbf63a63d624	144512
mods/heroes.stormmod/base.stormassets/assets/units/mounts/storm_mount_moneypig_base/storm_mount_moneypig_base.m3	38b6895976ae4a7ae554634e3493c960	121728
mods/heroes.stormmod/base.stormassets/assets/units/mounts/storm_mount_moneypig_base_var3/storm_mount_moneypig_base_var3.m3	c617cd941f421fe00ccda957bb0cd0ef	121296
mods/heroes.stormmod/base.stormassets/assets/units/mounts/storm_mount_moneypig_requiredanims/storm_mount_moneypig_requiredanims.m3a	5fa91c18bf079bf143438101a86bae62	302944
mods/heroes.stormmod/base.stormassets/assets/units/mounts/storm_mount_mouse_summer20/storm_mount_mouse_summer20.m3	2ffbdac57166c96acb3ca6649b47e9ec	336192
mods/heroes.stormmod/base.stormassets/assets/units/mounts/storm_mount_mouse_summer20_requiredanims/storm_mount_mouse_summer20_requiredanims.m3a	71a136ef403801c56b02bf162d2b0e57	253856
mods/heroes.stormmod/base.stormassets/assets/units/mounts/storm_mount_nexagon_champfal16/storm_mount_nexagon_champfal16.m3	a3b1cc4cc735a1055a08fbf428157176	55824
mods/heroes.stormmod/base.stormassets/assets/units/mounts/storm_mount_nexagon_champspr16/storm_mount_nexagon_champspr16.m3	0329f6ce1173da17d2a035a97e03f019	55824
mods/heroes.stormmod/base.stormassets/assets/units/mounts/storm_mount_nexagon_champsum16/storm_mount_nexagon_champsum16.m3	259e88f886eb8c0d720f05c61714a52a	55824
mods/heroes.stormmod/base.stormassets/assets/units/mounts/storm_mount_nexagon_cloud9/storm_mount_nexagon_cloud9.m3	423e7c35847cfe53e001ac1e30fb55f0	47808
mods/heroes.stormmod/base.stormassets/assets/units/mounts/storm_mount_nexagon_madaxe18/storm_mount_nexagon_madaxe18.m3	2e72d2235366a2b5d587b1d3513f79cb	223376
mods/heroes.stormmod/base.stormassets/assets/units/mounts/storm_mount_nexagon_ow/storm_mount_nexagon_ow.m3	cd818af9b64caf4075a40a6384729e39	47808
mods/heroes.stormmod/base.stormassets/assets/units/mounts/storm_mount_nexagon_requiredanims/storm_mount_nexagon_requiredanims.m3a	2d14598846de35d2ee58eb2f527b48e4	51616
mods/heroes.stormmod/base.stormassets/assets/units/mounts/storm_mount_nexagon_spooky18/storm_mount_nexagon_spooky18.m3	a9ac1c8cfe62a24d1e3ffc14ea8651d2	305200
mods/heroes.stormmod/base.stormassets/assets/units/mounts/storm_mount_nexagon_spooky18_death/storm_mount_nexagon_spooky18_death.m3	f81b0319bc887f44062d6f071301fe01	343696
mods/heroes.stormmod/base.stormassets/assets/units/mounts/storm_mount_nexagon_spooky18_requiredanims/storm_mount_nexagon_spooky18_requiredanims.m3a	08e6955c34625e3d5f46fe8c3f7dc233	472864
mods/heroes.stormmod/base.stormassets/assets/units/mounts/storm_mount_nexagon_spooky18_var1/storm_mount_nexagon_spooky18_var1.m3	0abbdb6c42a00383202434e33d67635c	324256
mods/heroes.stormmod/base.stormassets/assets/units/mounts/storm_mount_nexagon_spooky18_var1_death/storm_mount_nexagon_spooky18_var1_death.m3	46adf92b3753ab5fa0c1fb587565f017	352528
mods/heroes.stormmod/base.stormassets/assets/units/mounts/storm_mount_nexagon_spooky18_var1_requiredanims/storm_mount_nexagon_spooky18_var1_requiredanims.m3a	0d19a157fb92a6d72a63950fb67949a8	505504
mods/heroes.stormmod/base.stormassets/assets/units/mounts/storm_mount_nexagon_spooky18_var2/storm_mount_nexagon_spooky18_var2.m3	f6bfc8f03a9767cca856b7984557bef0	303664
mods/heroes.stormmod/base.stormassets/assets/units/mounts/storm_mount_nexagon_spooky18_var2_death/storm_mount_nexagon_spooky18_var2_death.m3	8977af896a7c2522bd10f3385c3cb5ad	315120
mods/heroes.stormmod/base.stormassets/assets/units/mounts/storm_mount_nexagon_spooky18_var3/storm_mount_nexagon_spooky18_var3.m3	0e35dc4e898ea2a557d81332f1783db5	301008
mods/heroes.stormmod/base.stormassets/assets/units/mounts/storm_mount_nexagon_spooky18_var3_death/storm_mount_nexagon_spooky18_var3_death.m3	ee3780eda2a1cdf8851145a2ce1dea84	314320
mods/heroes.stormmod/base.stormassets/assets/units/mounts/storm_mount_owlseeker_altered20/storm_mount_owlseeker_altered20.m3	e51172d759c2c3ba4f1390273225ad6c	335120
mods/heroes.stormmod/base.stormassets/assets/units/mounts/storm_mount_owlseeker_altered20_requiredanims/storm_mount_owlseeker_altered20_requiredanims.m3a	0da8cacb5fbe4c275167b65390276a8e	199312
mods/heroes.stormmod/base.stormassets/assets/units/mounts/storm_mount_pig_fel/storm_mount_pig_fel.m3	3f33ac08976182aa433ef7e52131a0ce	452176
mods/heroes.stormmod/base.stormassets/assets/units/mounts/storm_mount_pig_nexus/storm_mount_pig_nexus.m3	46f889b88aafb287e22724d4799ec436	318656
mods/heroes.stormmod/base.stormassets/assets/units/mounts/storm_mount_pig_pinata/storm_mount_pig_pinata.m3	e002f0996772f7f8df103bcd70b7907a	434368
mods/heroes.stormmod/base.stormassets/assets/units/mounts/storm_mount_pig_pinata_death/storm_mount_pig_pinata_death.m3	cebf49084e60059aad1a4566e7692af2	458992
mods/heroes.stormmod/base.stormassets/assets/units/mounts/storm_mount_pig_pinata_requiredanims/storm_mount_pig_pinata_requiredanims.m3a	fb8846078c3f6f426c720c0523c21fec	517984
mods/heroes.stormmod/base.stormassets/assets/units/mounts/storm_mount_pig_pinata_var1_death/storm_mount_pig_pinata_var1_death.m3	3515a69ace45503a86cd606999a4c274	414656
mods/heroes.stormmod/base.stormassets/assets/units/mounts/storm_mount_pig_pinata_var2_death/storm_mount_pig_pinata_var2_death.m3	baa351267139c98a520718c6097c3211	414656
mods/heroes.stormmod/base.stormassets/assets/units/mounts/storm_mount_pig_pinata_var3_death/storm_mount_pig_pinata_var3_death.m3	878f9981fff90a7c651a89e676b3cf32	414656
mods/heroes.stormmod/base.stormassets/assets/units/mounts/storm_mount_pig_pinata_var4_death/storm_mount_pig_pinata_var4_death.m3	b163362096571ddf02c42c8bb3fbac33	414656
mods/heroes.stormmod/base.stormassets/assets/units/mounts/storm_mount_pig_rank18/storm_mount_pig_rank18_00.m3	4bf89a05a5505e09c1e43467ba946443	281728
mods/heroes.stormmod/base.stormassets/assets/units/mounts/storm_mount_pig_rank18/storm_mount_pig_rank18_01.m3	ac9b3bf21e45498105b7ac92c22a2f44	321072
mods/heroes.stormmod/base.stormassets/assets/units/mounts/storm_mount_pig_requiredanims/storm_mount_pig_requiredanims.m3a	8e0e1ab7fe6c1437f4754ab4e7820dda	439392
mods/heroes.stormmod/base.stormassets/assets/units/mounts/storm_mount_pig_spring19/storm_mount_pig_spring19.m3	3d1baf60fe535f22f6361b26f644bf31	360720
mods/heroes.stormmod/base.stormassets/assets/units/mounts/storm_mount_raccoon_mobster19/storm_mount_raccoon_mobster19.m3	d3775b06d18687b34b77df0342f33364	350416
mods/heroes.stormmod/base.stormassets/assets/units/mounts/storm_mount_raccoon_requiredanims/storm_mount_raccoon_requiredanims.m3a	56ce4ddd3bb917eab40edd2e76ed712c	1112848
mods/heroes.stormmod/base.stormassets/assets/units/mounts/storm_mount_ragnaros_base/storm_mount_ragnaros_base.m3	1363b6315d9098729d33a15d9b1dfd5c	263312
mods/heroes.stormmod/base.stormassets/assets/units/mounts/storm_mount_ragnaros_lil/storm_mount_ragnaros_lil.m3	c69c567c6f9b06171915982c62a5f1aa	263776
mods/heroes.stormmod/base.stormassets/assets/units/mounts/storm_mount_ragnaros_ultimate/storm_mount_ragnaros_ultimate.m3	6aa54476ebe76b9f23ee995db1067965	263296
mods/heroes.stormmod/base.stormassets/assets/units/mounts/storm_mount_ram_cyber/storm_mount_ram_cyber.m3	583b4d65b5573c48b2517e4c1e5b1120	375024
mods/heroes.stormmod/base.stormassets/assets/units/mounts/storm_mount_ram_requiredanims/storm_mount_ram_requiredanims.m3a	47f8f40f781ecf8c1b9ac311bf3c900d	167072
mods/heroes.stormmod/base.stormassets/assets/units/mounts/storm_mount_ram_wcav/storm_mount_ram_wcav_00.m3	65300fc08c91bafb6fddffe84811ce44	222848
mods/heroes.stormmod/base.stormassets/assets/units/mounts/storm_mount_ram_wcav/storm_mount_ram_wcav_01.m3	93d1c24802bc7ea923b79af56c39e6f3	289440
mods/heroes.stormmod/base.stormassets/assets/units/mounts/storm_mount_ram_wcav_requiredanims/storm_mount_ram_wcav_requiredanims.m3a	7d03eff207a802881e54ff863e2b0b2a	109296
mods/heroes.stormmod/base.stormassets/assets/units/mounts/storm_mount_raptor_celestial/storm_mount_raptor_celestial.m3	671fa9e832d4ae8cf228171c7a4e98fd	380448
mods/heroes.stormmod/base.stormassets/assets/units/mounts/storm_mount_raptor_orgrimmar/storm_mount_raptor_orgrimmar.m3	e9d4663ebab95d1f17d2e5d0209d4a98	347984
mods/heroes.stormmod/base.stormassets/assets/units/mounts/storm_mount_raptor_rank17/storm_mount_raptor_rank17_00.m3	daa7192c09efab83e8b28d6319696b9d	357472
mods/heroes.stormmod/base.stormassets/assets/units/mounts/storm_mount_raptor_rank17/storm_mount_raptor_rank17_01.m3	01c978a202cdab11e94f18bf175dcb7a	441504
mods/heroes.stormmod/base.stormassets/assets/units/mounts/storm_mount_raptor_requiredanims/storm_mount_raptor_requiredanims.m3a	f9d2f2a48d316e88d2657de08e8d60b1	165216
mods/heroes.stormmod/base.stormassets/assets/units/mounts/storm_mount_raven_base/storm_mount_raven_base.m3	dc95acb9d08e617ea2e870ca497b5947	407696
mods/heroes.stormmod/base.stormassets/assets/units/mounts/storm_mount_raven_requiredanims/storm_mount_raven_requiredanims.m3a	5da47194baacc31d5db7bce3324bf94a	465184
mods/heroes.stormmod/base.stormassets/assets/units/mounts/storm_mount_reaver_base/storm_mount_reaver_base.m3	0592b24fa269f02183d57c1f516dd083	550880
mods/heroes.stormmod/base.stormassets/assets/units/mounts/storm_mount_reaver_requiredanims/storm_mount_reaver_requiredanims.m3a	72a259be8adad9391ec6218674e78930	125712
mods/heroes.stormmod/base.stormassets/assets/units/mounts/storm_mount_reigndeer_base/storm_mount_reigndeer_base.m3	120747f124456e1351e4b6e9296a7418	408976
mods/heroes.stormmod/base.stormassets/assets/units/mounts/storm_mount_reigndeer_ice17/storm_mount_reigndeer_ice17.m3	33d226d9d220992bff05a373950d911f	398992
mods/heroes.stormmod/base.stormassets/assets/units/mounts/storm_mount_reigndeer_requiredanims/storm_mount_reigndeer_requiredanims.m3a	692025821df2267fcc7a6dd578b41922	221088
mods/heroes.stormmod/base.stormassets/assets/units/mounts/storm_mount_rocket_lunar18/storm_mount_rocket_lunar18.m3	696339be9f8f214ad2e6405b08e33753	177472
mods/heroes.stormmod/base.stormassets/assets/units/mounts/storm_mount_rocket_requiredanims/storm_mount_rocket_requiredanims.m3a	ea297a47979cb51a2893724dcc6128a7	170672
mods/heroes.stormmod/base.stormassets/assets/units/mounts/storm_mount_rooster_lunar/storm_mount_rooster_lunar.m3	f90de6917baa68bba209b2f988fe7018	554224
mods/heroes.stormmod/base.stormassets/assets/units/mounts/storm_mount_rooster_lunar19/storm_mount_rooster_lunar19.m3	bb48bb13634e622d15bf4781cb1b5a94	554256
mods/heroes.stormmod/base.stormassets/assets/units/mounts/storm_mount_rooster_requiredanims/storm_mount_rooster_requiredanims.m3a	09c2cab0826b98ef3471f0609088a857	282192
mods/heroes.stormmod/base.stormassets/assets/units/mounts/storm_mount_sheep_craft20/storm_mount_sheep_craft20.m3	ab9b9ae34ccc69b6a61997e4d85f87a3	230976
mods/heroes.stormmod/base.stormassets/assets/units/mounts/storm_mount_sheep_craft20_death/storm_mount_sheep_craft20_death.m3	14e18bcd799feaf9c91aecafdf23f92a	280080
mods/heroes.stormmod/base.stormassets/assets/units/mounts/storm_mount_sheep_craft20_requiredanims/storm_mount_sheep_craft20_requiredanims.m3a	1a07d856d76ba34f720ac31de9d404de	310672
mods/heroes.stormmod/base.stormassets/assets/units/mounts/storm_mount_sheep_craft20_var1_death/storm_mount_sheep_craft20_var1_death.m3	14218052e9d0b8d1bc9b82284fbbbb26	280096
mods/heroes.stormmod/base.stormassets/assets/units/mounts/storm_mount_sheep_craft20_var2_death/storm_mount_sheep_craft20_var2_death.m3	658d2fedc9499118dd42675c794ac3f7	276592
mods/heroes.stormmod/base.stormassets/assets/units/mounts/storm_mount_sheep_craft20_var3_death/storm_mount_sheep_craft20_var3_death.m3	6e888902c5a874f2ba130ff4dae67245	276592
mods/heroes.stormmod/base.stormassets/assets/units/mounts/storm_mount_sheep_craft20_var4_death/storm_mount_sheep_craft20_var4_death.m3	03ced66f753ca6d5d280d32f5a1a194d	276592
mods/heroes.stormmod/base.stormassets/assets/units/mounts/storm_mount_sheep_craft20_var5_death/storm_mount_sheep_craft20_var5_death.m3	25e5d7d36db76b6b754bb29343743fcc	276592
mods/heroes.stormmod/base.stormassets/assets/units/mounts/storm_mount_snake_celestial/storm_mount_snake_celestial.m3	8be84831a70d6cc92a8fd29e68551c46	347456
mods/heroes.stormmod/base.stormassets/assets/units/mounts/storm_mount_snake_luxoria/storm_mount_snake_luxoria.m3	3be8ac8b1b7c90d1f006d44f570c4787	256512
mods/heroes.stormmod/base.stormassets/assets/units/mounts/storm_mount_snake_requiredanims/storm_mount_snake_requiredanims.m3a	fdfb4541b7fb173605f8b42cd28df7bf	130320
mods/heroes.stormmod/base.stormassets/assets/units/mounts/storm_mount_spectrebike_base/storm_mount_spectrebike_base.m3	98e4960ee779701d5045ba9defd87f98	297120
mods/heroes.stormmod/base.stormassets/assets/units/mounts/storm_mount_spectrebike_requiredanims/storm_mount_spectrebike_requiredanims.m3a	321280ece4501cdc805e8ea7f8b095ca	118992
mods/heroes.stormmod/base.stormassets/assets/units/mounts/storm_mount_speederbike_base/storm_mount_speederbike_base.m3	68c43c33d5e546ffb960e4e7b03ea1dc	199200
mods/heroes.stormmod/base.stormassets/assets/units/mounts/storm_mount_speederbike_buggy/storm_mount_speederbike_buggy.m3	f08c7bae7d5ad2383eb6a120e3ca8800	286528
mods/heroes.stormmod/base.stormassets/assets/units/mounts/storm_mount_speederbike_buggy_requiredanims/storm_mount_speederbike_buggy_requiredanims.m3a	83c308efb7da1e9becc78b24b74eceeb	296464
mods/heroes.stormmod/base.stormassets/assets/units/mounts/storm_mount_speederbike_hellfire/storm_mount_speederbike_hellfire.m3	f115dc79b107dc452cfa1a3f18dd07df	439856
mods/heroes.stormmod/base.stormassets/assets/units/mounts/storm_mount_speederbike_hellfire_requiredanims/storm_mount_speederbike_hellfire_requiredanims.m3a	816c937d247f71761af8cb3ee84f5fe2	356480
mods/heroes.stormmod/base.stormassets/assets/units/mounts/storm_mount_speederbike_oni/storm_mount_speederbike_oni.m3	ca014f00ca7ddf186f65b53f5f30ef6d	229872
mods/heroes.stormmod/base.stormassets/assets/units/mounts/storm_mount_speederbike_oni_requiredanims/storm_mount_speederbike_oni_requiredanims.m3a	d61afd54d7b57131ea2834786e27f11f	272176
mods/heroes.stormmod/base.stormassets/assets/units/mounts/storm_mount_speederbike_oni_var6_mat/storm_mount_speederbike_oni_var6_mat.m3	58f30bafdb81422c0e3a046d40022988	22368
mods/heroes.stormmod/base.stormassets/assets/units/mounts/storm_mount_speederbike_police/storm_mount_speederbike_police.m3	4b950888612f1865cce204ee0bbf9463	367504
mods/heroes.stormmod/base.stormassets/assets/units/mounts/storm_mount_speederbike_police/storm_mount_speederbike_police_low.m3	da148ee64b45d31dc0eedffe987f27ea	330944
mods/heroes.stormmod/base.stormassets/assets/units/mounts/storm_mount_speederbike_requiredanims/storm_mount_speederbike_requiredanims.m3a	ef9d0a8a3c17663fef49919d1976393c	177824
mods/heroes.stormmod/base.stormassets/assets/units/mounts/storm_mount_speederbike_road/storm_mount_speederbike_road.m3	c7cf47bb7b9ba6e81a46ba5dacabe612	506128
mods/heroes.stormmod/base.stormassets/assets/units/mounts/storm_mount_speederbike_road_requiredanims/storm_mount_speederbike_road_requiredanims.m3a	6ee45975a474a3fb0150c24dd566f23b	419744
mods/heroes.stormmod/base.stormassets/assets/units/mounts/storm_mount_speederbike_sidecar19/storm_mount_speederbike_sidecar19.m3	70f07660303c8ef017f89b15ac54b434	377248
mods/heroes.stormmod/base.stormassets/assets/units/mounts/storm_mount_speederbike_sidecar19_requiredanims/storm_mount_speederbike_sidecar19_requiredanims.m3a	5b99d407b3b50aed8f56f6ddc373dd76	92768
mods/heroes.stormmod/base.stormassets/assets/units/mounts/storm_mount_spider_base/storm_mount_spider_base.m3	1171baa2e092514c78f4e6205646f303	521968
mods/heroes.stormmod/base.stormassets/assets/units/mounts/storm_mount_spider_enforcer/storm_mount_spider_enforcer.m3	bd04512d93b172d2fa4cc3804f3af206	285760
mods/heroes.stormmod/base.stormassets/assets/units/mounts/storm_mount_spider_enforcer_requiredanims/storm_mount_spider_enforcer_requiredanims.m3a	84e97069192ca582f28b6b4b9955e320	112464
mods/heroes.stormmod/base.stormassets/assets/units/mounts/storm_mount_spider_requiredanims/storm_mount_spider_requiredanims.m3a	16901b231c2abd1299dbf57e30ed9fee	162768
mods/heroes.stormmod/base.stormassets/assets/units/mounts/storm_mount_starchariot_base/storm_mount_starchariot_base.m3	e1e979f3a15e73d55513a47c4154b501	66544
mods/heroes.stormmod/base.stormassets/assets/units/mounts/storm_mount_surf_board/storm_mount_surf_board.m3	ff15b2ab941fe9375eec0f9772e6c5d1	134704
mods/heroes.stormmod/base.stormassets/assets/units/mounts/storm_mount_surf_board_requiredanims/storm_mount_surf_board_requiredanims.m3a	9cd4839b49a66207d87420f36bc5df9f	238496
mods/heroes.stormmod/base.stormassets/assets/units/mounts/storm_mount_surf_boardbite/storm_mount_surf_boardbite.m3	6a84ab9338f1e2430fb2d72d0b07a95e	163424
mods/heroes.stormmod/base.stormassets/assets/units/mounts/storm_mount_surf_celestial/storm_mount_surf_celestial.m3	e4841305c6f4d2c9cb5741475d4971a3	120432
mods/heroes.stormmod/base.stormassets/assets/units/mounts/storm_mount_surf_heart/storm_mount_surf_heart.m3	5227678990773dee8cab9347f1cb94ba	49312
mods/heroes.stormmod/base.stormassets/assets/units/mounts/storm_mount_surf_lunar20/storm_mount_surf_lunar20.m3	e4330640b5e29d8291d1f657c2955540	25104
mods/heroes.stormmod/base.stormassets/assets/units/mounts/storm_mount_surf_lunar20_requiredanims/storm_mount_surf_lunar20_requiredanims.m3a	0c07afe8610a99ae8c68d0fccf415b92	138528
mods/heroes.stormmod/base.stormassets/assets/units/mounts/storm_mount_surf_mecha19/storm_mount_surf_mecha19.m3	8e142d71b29e220cbf49177ef8aeda88	195552
mods/heroes.stormmod/base.stormassets/assets/units/mounts/storm_mount_surf_nexusshark/storm_mount_surf_nexusshark.m3	395364b2bd69e022b944e1a2065c8dd4	272768
mods/heroes.stormmod/base.stormassets/assets/units/mounts/storm_mount_surf_requiredanims/storm_mount_surf_requiredanims.m3a	77d0f828a2681ca1cc3d92243e703873	53392
mods/heroes.stormmod/base.stormassets/assets/units/mounts/storm_mount_surf_shark18/storm_mount_surf_shark18.m3	1bd9773ef705a2a96acf12377b0bf960	213792
mods/heroes.stormmod/base.stormassets/assets/units/mounts/storm_mount_surf_shark18_requiredanims/storm_mount_surf_shark18_requiredanims.m3a	709c8116748c9aff4af6959190eaacc3	552352
mods/heroes.stormmod/base.stormassets/assets/units/mounts/storm_mount_surf_snowflake/storm_mount_surf_snowflake.m3	e22618d6a0c9dc2631acba055f971d19	85328
mods/heroes.stormmod/base.stormassets/assets/units/mounts/storm_mount_tiger_altered20/storm_mount_tiger_altered20.m3	d14b07c4faaf84ccb6db762e8deb19e6	297088
mods/heroes.stormmod/base.stormassets/assets/units/mounts/storm_mount_tiger_gold/storm_mount_tiger_gold_v08.m3	4dc7840ec54de49f6f9eb257a70ececa	174624
mods/heroes.stormmod/base.stormassets/assets/units/mounts/storm_mount_tiger_lunar/storm_mount_tiger_lunar_v08.m3	81c90784a2065e9dc2bfd3c53aba561b	294944
mods/heroes.stormmod/base.stormassets/assets/units/mounts/storm_mount_tiger_nexus/storm_mount_tiger_nexus.m3	a02ab49aee0e73b19bb5a10ec29ef3a9	246592
mods/heroes.stormmod/base.stormassets/assets/units/mounts/storm_mount_tiger_nexus/storm_mount_tiger_nexus_low.m3	8594bd0af6e62766ff6361d96d0f3c32	246480
mods/heroes.stormmod/base.stormassets/assets/units/mounts/storm_mount_tiger_requiredanims/storm_mount_tiger_requiredanims_v08.m3a	282052d637d69dbfc64d3cdc1b6e7b42	407504
mods/heroes.stormmod/base.stormassets/assets/units/mounts/storm_mount_tiger_royal/storm_mount_tiger_royal.m3	601849e12e30bc51a35d28f09831ba16	287040
mods/heroes.stormmod/base.stormassets/assets/units/mounts/storm_mount_tracerbike_owc20/storm_mount_tracerbike_owc20.m3	a22a77fc084da49429a0d4e3b9c39f5b	397728
mods/heroes.stormmod/base.stormassets/assets/units/mounts/storm_mount_tracerbike_owc20_requiredanims/storm_mount_tracerbike_owc20_requiredanims.m3a	7b16f1669ab1b835a897de90d3bf7a8a	72928
mods/heroes.stormmod/base.stormassets/assets/units/mounts/storm_mount_traincart_requiredanims/storm_mount_traincart_requiredanims.m3a	5a10cd13d2fa3161010128d6e88700ef	25584
mods/heroes.stormmod/base.stormassets/assets/units/mounts/storm_mount_traincart_toys19/storm_mount_traincart_toys19.m3	e412ebb6e0d6015bf7a9c8ba24f2d58c	113536
mods/heroes.stormmod/base.stormassets/assets/units/mounts/storm_mount_trainengine_requiredanims/storm_mount_trainengine_requiredanims.m3a	3e0bb4b9d24d455b7c634ba7d70cf017	34064
mods/heroes.stormmod/base.stormassets/assets/units/mounts/storm_mount_trainengine_toys19/storm_mount_trainengine_toys19.m3	b08a2891be93d6a83d20169ea1d087aa	204048
mods/heroes.stormmod/base.stormassets/assets/units/mounts/storm_mount_treasuregoblin_base/storm_mount_treasuregoblin_base.m3	312c74d0c94456a3c1989d957415b714	502944
mods/heroes.stormmod/base.stormassets/assets/units/mounts/storm_mount_treasuregoblin_mobster19_requiredanims/storm_mount_treasuregoblin_mobster19_requiredanims.m3a	e2644af047e884d4576f75efb17d3fb0	569488
mods/heroes.stormmod/base.stormassets/assets/units/mounts/storm_mount_treasuregoblin_requiredanims/storm_mount_treasuregoblin_requiredanims.m3a	5779953fb9e15ac1bcc8917374d25f5c	174128
mods/heroes.stormmod/base.stormassets/assets/units/mounts/storm_mount_treasuregoblin_winter/storm_mount_treasuregoblin_winter.m3	2a18f07a97244b2d210ab474fbe0008d	624384
mods/heroes.stormmod/base.stormassets/assets/units/mounts/storm_mount_triceratops_requiredanims/storm_mount_triceratops_requiredanims.m3a	78a9199b4219f44e6d3438773ba3af44	225264
mods/heroes.stormmod/base.stormassets/assets/units/mounts/storm_mount_turtle_rankspr19/storm_mount_turtle_rankspr19_00.m3	bd1c755bb7279561d9f62d75b4dead58	163504
mods/heroes.stormmod/base.stormassets/assets/units/mounts/storm_mount_turtle_rankspr19/storm_mount_turtle_rankspr19_01.m3	736d130cc3c2e537a161bed3cf5ff0e4	245984
mods/heroes.stormmod/base.stormassets/assets/units/mounts/storm_mount_turtle_requiredanims/storm_mount_turtle_requiredanims.m3a	4a81950ee538f48a87701225d75ac492	284976
mods/heroes.stormmod/base.stormassets/assets/units/mounts/storm_mount_voidspeeder_base/storm_mount_voidspeeder_base.m3	99672f213c9e73f2940e1f0d82258e8f	98592
mods/heroes.stormmod/base.stormassets/assets/units/mounts/storm_mount_vulture_army18/storm_mount_vulture_army18.m3	e5787f8cb696ecddc36fac65087a3e93	237424
mods/heroes.stormmod/base.stormassets/assets/units/mounts/storm_mount_vulture_base/storm_mount_vulture_base.m3	3fe8d8362b2cf1590836a669387ba58d	262288
mods/heroes.stormmod/base.stormassets/assets/units/mounts/storm_mount_vulture_craft20/storm_mount_vulture_craft20.m3	93ee810278045bfad5cbe5a2e0c41ff2	338496
mods/heroes.stormmod/base.stormassets/assets/units/mounts/storm_mount_vulture_requiredanims/storm_mount_vulture_requiredanims.m3a	c49f8fc8daca36700923be90dba9d901	219440
mods/heroes.stormmod/base.stormassets/assets/units/mounts/storm_mount_warhorse_anniversary/storm_mount_warhorse_anniversary.m3	a5b00cc481d1812bf9431172480e0cd2	329936
mods/heroes.stormmod/base.stormassets/assets/units/mounts/storm_mount_warhorse_chess/storm_mount_warhorse_chess.m3	a8108aaa4ece78d58cea2ccd9c18c18f	352864
mods/heroes.stormmod/base.stormassets/assets/units/mounts/storm_mount_warhorse_hgc18/storm_mount_warhorse_hgc18.m3	fb00bb62bb92046197147bd6725d656a	226992
mods/heroes.stormmod/base.stormassets/assets/units/mounts/storm_mount_warhorse_light/storm_mount_warhorse_light_v06.m3	ee17b334cdd60f8fd8f5d5f8838a6723	319376
mods/heroes.stormmod/base.stormassets/assets/units/mounts/storm_mount_warhorse_reverence19/storm_mount_warhorse_reverence19.m3	193d2ef4258e9999a2fe5f021fa80be2	487968
mods/heroes.stormmod/base.stormassets/assets/units/mounts/storm_mount_wolf_dark18/storm_mount_wolf_dark18.m3	d2429bade06b014bd291e56f0eed6b73	392688
mods/heroes.stormmod/base.stormassets/assets/units/mounts/storm_mount_wolf_dark18_requiredanims/storm_mount_wolf_dark18_requiredanims.m3a	f450b405ac20487d926ea18d9348d7ae	398704
mods/heroes.stormmod/base.stormassets/assets/units/mounts/storm_mount_wolf_wcav/storm_mount_wolf_wcav_00.m3	feacd929aae8ca360deca2e22cdecbf4	255456
mods/heroes.stormmod/base.stormassets/assets/units/mounts/storm_mount_wolf_wcav/storm_mount_wolf_wcav_01.m3	0c836d1b23bb9798e54e7064c834fb91	532512
mods/heroes.stormmod/base.stormassets/assets/units/mounts/storm_mount_wolf_wcav_requiredanims/storm_mount_wolf_wcav_requiredanims.m3a	34fb1faae68dd3a180f6ef7d698c5ab7	181488
mods/heroes.stormmod/base.stormassets/assets/units/mounts/storm_mount_zergling_base/storm_mount_zergling_base.m3	fc32d7158e702db9d9ab8ea89613845d	242080
mods/heroes.stormmod/base.stormassets/assets/units/mounts/storm_mount_zergling_requiredanims/storm_mount_zergling_requiredanims.m3a	3d017cfe218d33f57bd26b560b1cf915	611248
