mods/heroes.stormmod/base.stormassets/assets/textures/aoe_splat_blue.dds	c10fd638c0f51903d55eb4cba630403c	43832
mods/heroes.stormmod/base.stormassets/assets/textures/aoe_splat_blue.lvl0	372551292e7a7d6cd51eb59f38fb1592	2872
mods/heroes.stormmod/base.stormassets/assets/textures/aoe_splatterran1.dds	e835865e497f600c752e1eded395cf68	43832
mods/heroes.stormmod/base.stormassets/assets/textures/aoe_splatterran1.lvl0	f7f73f6b8054b1dc193ddb21cc3d8ee5	824
mods/heroes.stormmod/base.stormassets/assets/textures/aoe_splatterran1c.dds	b98939389742d3af458be2be28580879	43832
mods/heroes.stormmod/base.stormassets/assets/textures/aoe_splatterran1c.lvl0	7769b2a98aec324f3972501b5c646106	2872
mods/heroes.stormmod/base.stormassets/assets/textures/aoe_splatterran1c_white.dds	bf3411efa1bf59c1a4e9d3e64c1a95cf	32896
mods/heroes.stormmod/base.stormassets/assets/textures/aoe_splatterran2_blue.dds	3cbe82fc3a371286ba61fafcaf36897e	43832
mods/heroes.stormmod/base.stormassets/assets/textures/aoe_splatterran2_blue.lvl0	abd9fc6e1c618cd5722c56139f9de6ca	2872
mods/heroes.stormmod/base.stormassets/assets/textures/aoe_splatterran2_green.dds	842f16ffe7f7509e67a7fe1da0e2ac65	43832
mods/heroes.stormmod/base.stormassets/assets/textures/aoe_splatterran2_green.lvl0	def2a898ab714b47a4a2594b2db838a6	2872
mods/heroes.stormmod/base.stormassets/assets/textures/aoe_splatterran2_green2.dds	a7e08e2c562a08a9334a06315d186790	87536
mods/heroes.stormmod/base.stormassets/assets/textures/aoe_splatterran2_green2.lvl0	d6996d9a1fbda2178faf05f741d957df	5616
mods/heroes.stormmod/base.stormassets/assets/textures/aoe_splatterran2_green3.dds	07fe7c8979db3b4e07261b8597a85ec0	87536
mods/heroes.stormmod/base.stormassets/assets/textures/aoe_splatterran2_green3.lvl0	a3d3554aea127c4279b4b3b1013a1462	5616
mods/heroes.stormmod/base.stormassets/assets/textures/aoe_splatterran2_green3tc.dds	fa549a98370c39c4ac178773c66dd574	87536
mods/heroes.stormmod/base.stormassets/assets/textures/aoe_splatterran2_green3tc.lvl0	6f1304782a18572dd091d747fa7ff073	5616
mods/heroes.stormmod/base.stormassets/assets/textures/aoe_splatterran2_orange.dds	cdf2eb2238c8601f6bd82c758a33d551	43832
mods/heroes.stormmod/base.stormassets/assets/textures/aoe_splatterran2_orange.lvl0	c1845ee2490408b54e4e6fa0ebfaf0f4	2872
mods/heroes.stormmod/base.stormassets/assets/textures/aoe_splatterran2_white.dds	d0099504089bcf684d4a7edab55ef8cb	87536
mods/heroes.stormmod/base.stormassets/assets/textures/aoe_splatterran2_white.lvl0	777e0569fb5b063a5bc2872d04fbfc3d	5616
mods/heroes.stormmod/base.stormassets/assets/textures/aoe_splatterran2tc.dds	0a16ef59d39e15fa9ffeea2222742bab	87536
mods/heroes.stormmod/base.stormassets/assets/textures/aoe_splatterran2tc.lvl0	f456e75352da0102db1e88ef8c8fdb02	5616
mods/heroes.stormmod/base.stormassets/assets/textures/aoe_splatterran2tca.dds	43e838bcde06777099aceb0f32807dae	87536
mods/heroes.stormmod/base.stormassets/assets/textures/aoe_splatterran2tca.lvl0	e3bfa22db747050b4b2137ba1d0219c4	5616
mods/heroes.stormmod/base.stormassets/assets/textures/storm_aoe_splatprotoss_2.dds	44a0903bcc66f70932be4ce1f84f01c5	349680
mods/heroes.stormmod/base.stormassets/assets/textures/storm_aoe_splatprotoss_2.lvl0	a6d954db6519ed8f97940ab005012efb	22000
mods/heroes.stormmod/base.stormassets/assets/textures/storm_aoecursorfantasy.dds	8753cdbabc7da992bd78bb45cb6ae62c	349680
mods/heroes.stormmod/base.stormassets/assets/textures/storm_aoecursorfantasy.lvl0	f12723d5523081c421291966b33aa253	5616
mods/heroes.stormmod/base.stormassets/assets/textures/storm_aoecursortech01.dds	01af6653f887f07c5eb82b4eb06bd0ed	349680
mods/heroes.stormmod/base.stormassets/assets/textures/storm_aoecursortech01.lvl0	743eea20b72d06e7d445dff7f73cb213	5616
