mods/heroes.stormmod/base.stormassets/assets/textures/ash_b1.dds	bd74273346b1bee98e0ecc7ee5131636	87536
mods/heroes.stormmod/base.stormassets/assets/textures/ash_b1.lvl0	b533a5fb98e3b65522a18698b299f367	5616
mods/heroes.stormmod/base.stormassets/assets/textures/ash_r1.dds	2aca0b3e41c098ad7946b46bf16102ac	87536
mods/heroes.stormmod/base.stormassets/assets/textures/ash_r1.lvl0	e24e17bc61b5d1c0357b7bb6aaf7f000	5616
mods/heroes.stormmod/base.stormassets/assets/textures/ashes_deathragdoll_alpha.dds	d68ecd41112d487a7d443f5979e972be	43832
mods/heroes.stormmod/base.stormassets/assets/textures/ashes_deathragdoll_alpha.lvl0	54c2e1fa2ddcc53ceb255eaec567286c	2872
mods/heroes.stormmod/base.stormassets/assets/textures/ashtrailtiling_green.dds	fb8ead39e95c73089fb1dd97050ad6e1	43848
mods/heroes.stormmod/base.stormassets/assets/textures/ashtrailtiling_green.lvl0	75a1d4be21d2112d1783f1794c747172	840
mods/heroes.stormmod/base.stormassets/assets/textures/ashtrailtiling_green_blur.dds	29670e71e8246d5c4108b5db35795fc2	11080
mods/heroes.stormmod/base.stormassets/assets/textures/ashtrailtiling_green_blur.lvl0	d77603a5a6da7d2e5a2b8018b7ebc3b8	840
mods/heroes.stormmod/base.stormassets/assets/textures/ashtrailtiling_green_blur_rgb.dds	8b29cf3de53e341b9b00eafc68181c67	22032
mods/heroes.stormmod/base.stormassets/assets/textures/ashtrailtiling_green_blur_rgb.lvl0	0091f3aac0af066929f6d67e6ad67473	272
mods/heroes.stormmod/base.stormassets/assets/textures/ashtrailtiling_purple.dds	15b64b3d5de9b91a73336d3971a3aff0	43848
mods/heroes.stormmod/base.stormassets/assets/textures/ashtrailtiling_purple.lvl0	843173eebd1b82dad38a7dbb9ef16694	328
mods/heroes.stormmod/base.stormassets/assets/textures/ashtrailtiling_red.dds	7ec7fb755177b8efc079e346a78a4358	43848
mods/heroes.stormmod/base.stormassets/assets/textures/ashtrailtiling_red.lvl0	226eb7aa88dc0848718fff4e4aa00805	840
mods/heroes.stormmod/base.stormassets/assets/textures/ashtrailtiling_teal.dds	55f8746b32b5c723d633bc28c5fee47d	43848
mods/heroes.stormmod/base.stormassets/assets/textures/ashtrailtiling_teal.lvl0	8f80bf44c94715382b52edd93d6b758d	840
mods/heroes.stormmod/base.stormassets/assets/textures/storm_ash_r1.dds	2aca0b3e41c098ad7946b46bf16102ac	87536
mods/heroes.stormmod/base.stormassets/assets/textures/storm_ash_r1.lvl0	e24e17bc61b5d1c0357b7bb6aaf7f000	5616
mods/heroes.stormmod/base.stormassets/assets/textures/storm_ash_r2.dds	88d92774375efdaae53c99372d8282ab	87536
mods/heroes.stormmod/base.stormassets/assets/textures/storm_ash_r2.lvl0	bfea527bc5fe98aba2652fae7647f0e5	5616
mods/heroes.stormmod/base.stormassets/assets/textures/storm_ashenvalecliff0_diffuse_00.dds	1b81f4e41d019654297ff843f260f144	1398256
mods/heroes.stormmod/base.stormassets/assets/textures/storm_ashenvalecliff0_diffuse_00.lvl0	c4f082a74e721629e9168b6429085f06	5616
mods/heroes.stormmod/base.stormassets/assets/textures/storm_ashenvalecliff0_diffuse_01.dds	cf726ab4190570eb9431553c7989206f	1398256
mods/heroes.stormmod/base.stormassets/assets/textures/storm_ashenvalecliff0_diffuse_01.lvl0	050e48d8947c93626b9ddefc7e8dedc3	5616
mods/heroes.stormmod/base.stormassets/assets/textures/storm_ashenvalecliff0_normal_00.dds	4a1d1458885d367ba63b56950b102a96	1398260
mods/heroes.stormmod/base.stormassets/assets/textures/storm_ashenvalecliff0_normal_00.lvl0	a4ffbb79bf5b8fdd3e98e49f9a813b94	5616
mods/heroes.stormmod/base.stormassets/assets/textures/storm_ashenvalecliff0_normal_01.dds	8e5d77173c3fef386df9c1c1fd0309f5	1398260
mods/heroes.stormmod/base.stormassets/assets/textures/storm_ashenvalecliff0_normal_01.lvl0	e44e3192df792b02ee707bb447ae90b5	5616
mods/heroes.stormmod/base.stormassets/assets/textures/storm_ashenvalecliff0_specular_00.dds	fa6905e23cef16f2459fa14f58bdf663	699192
mods/heroes.stormmod/base.stormassets/assets/textures/storm_ashenvalecliff0_specular_00.lvl0	89ccba46a101162547d829fbcdb8754b	2872
mods/heroes.stormmod/base.stormassets/assets/textures/storm_ashenvalecliff0_specular_01.dds	5a2315a7e6fc9c1db14b55232e27c7a1	699192
mods/heroes.stormmod/base.stormassets/assets/textures/storm_ashenvalecliff0_specular_01.lvl0	481ea7546478d1e7af7b020b3504a7e1	2872
mods/heroes.stormmod/base.stormassets/assets/textures/storm_ashenvalecliff1_diffuse.dds	1e1f816cc86ee2f0d121ebdd039cc9dd	349680
mods/heroes.stormmod/base.stormassets/assets/textures/storm_ashenvalecliff1_diffuse.lvl0	ea461f9d049a834f5b792d88edd26632	5616
mods/heroes.stormmod/base.stormassets/assets/textures/storm_ashtrailtiling_yellow.dds	961e292343a41c8557ab5868f71aab63	43848
mods/heroes.stormmod/base.stormassets/assets/textures/storm_ashtrailtiling_yellow.lvl0	e8be086bb12b1e300467cb1e220a76c2	840
