mods/heroes.stormmod/base.stormassets/assets/textures/cocoon_web_mark.dds	f64041076d4ab7211fe89a3e6edddf56	43832
mods/heroes.stormmod/base.stormassets/assets/textures/cocoon_web_mark.lvl0	951af4114b95a5eb0f401a9345d8277d	2872
mods/heroes.stormmod/base.stormassets/assets/textures/cocoonoverlayuitexture_diff.dds	ee2fb5c958daaa02d5f0d74b0d19307b	1398256
mods/heroes.stormmod/base.stormassets/assets/textures/cocoonoverlayuitexture_diff.lvl0	c9b59bb78503536e856fb49a65e7d7a0	5616
mods/heroes.stormmod/base.stormassets/assets/textures/cocoonoverlayuitexture_norm.dds	ca844f2695448617c4f88f4b2eb0efe1	1398260
mods/heroes.stormmod/base.stormassets/assets/textures/cocoonoverlayuitexture_norm.lvl0	9bdbdebd505c38d185a729693f192d33	5616
mods/heroes.stormmod/base.stormassets/assets/textures/cocoonoverlayuitexture_spec.dds	46a8653c1d264116857894516603499f	1398256
mods/heroes.stormmod/base.stormassets/assets/textures/cocoonoverlayuitexture_spec.lvl0	66bc0184743b91b32b802d76917864e0	5616
mods/heroes.stormmod/base.stormassets/assets/textures/color.dds	4ceb57f4ff95d74c5c10bc90e20f5762	87536
mods/heroes.stormmod/base.stormassets/assets/textures/color.lvl0	22020c5b0125364534f136a38c311f36	5616
mods/heroes.stormmod/base.stormassets/assets/textures/comic_shape1.dds	c9c947a3c40c6a4fb8bbd739135b06e7	11064
mods/heroes.stormmod/base.stormassets/assets/textures/comic_shape1.lvl0	2d3220689fdb752c498eaf6ac352a329	2872
mods/heroes.stormmod/base.stormassets/assets/textures/comicenergy_shot.dds	b4100fb05352cf46a2f2a67d1cdabee4	87528
mods/heroes.stormmod/base.stormassets/assets/textures/comicenergy_shot.lvl0	136a8a265bfdc6f9d4e8e972d885db61	1512
mods/heroes.stormmod/base.stormassets/assets/textures/compositegootilebrown.dds	0f5e88e1c8740b5d4bfc8a6c75163550	87536
mods/heroes.stormmod/base.stormassets/assets/textures/compositegootilebrown.lvl0	45035b4fc7225cc85efd8be21b738fb9	5616
mods/heroes.stormmod/base.stormassets/assets/textures/compositegootilegreen.dds	1028d2daeedf515afd984f7b056179b3	87536
mods/heroes.stormmod/base.stormassets/assets/textures/compositegootilegreen.lvl0	31278296c6676fc47daca6b29a15c5b9	5616
mods/heroes.stormmod/base.stormassets/assets/textures/comstat1.dds	5a1ab7f386ce89b68332f8f0f1310d38	349680
mods/heroes.stormmod/base.stormassets/assets/textures/comstat1.lvl0	fb02ca59c8ac912b680767cdecf1c2b7	5616
mods/heroes.stormmod/base.stormassets/assets/textures/comstat1_blue.dds	245f9e135743b6d2bf0bc3c89fdd2226	349680
mods/heroes.stormmod/base.stormassets/assets/textures/comstat1_blue.lvl0	2808a90382fb5d3535b6e7cceac86883	5616
mods/heroes.stormmod/base.stormassets/assets/textures/comstat1_blue01_new.dds	8ef9095669bd4ecee90388fc7cacb4ac	349680
mods/heroes.stormmod/base.stormassets/assets/textures/comstat1_blue01_new.lvl0	2073ea6d0f511505e76c2faab047f58c	5616
mods/heroes.stormmod/base.stormassets/assets/textures/comstat1_blue01_new_blur.dds	80cb15f45ff8520e1ba8ba30c0b3de3c	349680
mods/heroes.stormmod/base.stormassets/assets/textures/comstat1_blue01_new_blur.lvl0	8e861e522e3f29a1fc5a0945a0cfe980	5616
mods/heroes.stormmod/base.stormassets/assets/textures/comstat_sczion_nuke.dds	b0afe8a2b2d0542ca2a477e0fbc73807	349680
mods/heroes.stormmod/base.stormassets/assets/textures/comstat_sczion_nuke.lvl0	d74500ebdf04e68006dd2dcdc6d48202	5616
mods/heroes.stormmod/base.stormassets/assets/textures/con2.dds	055d3dd987d2537c052a38696b41b7b2	11064
mods/heroes.stormmod/base.stormassets/assets/textures/con2.lvl0	9a8669f5ec9a0cae6647284ed3d66cba	184
mods/heroes.stormmod/base.stormassets/assets/textures/con5.dds	0fdea37b83d4fafebb4661b7c165332d	2872
mods/heroes.stormmod/base.stormassets/assets/textures/con5.lvl0	d16556bf81d3f7a887101db1cac59463	824
mods/heroes.stormmod/base.stormassets/assets/textures/con5_red.dds	d812cf2c801455d94970242165756708	22000
mods/heroes.stormmod/base.stormassets/assets/textures/con5_red.lvl0	4421115c87c465ca66dd2fa16db15636	5616
mods/heroes.stormmod/base.stormassets/assets/textures/concussivesmoke1.dds	2cca39ba251175964c75f7d5f80369cd	43832
mods/heroes.stormmod/base.stormassets/assets/textures/concussivesmoke1.lvl0	a930fbc4e2cd5c3747bae674fe9d644c	2872
mods/heroes.stormmod/base.stormassets/assets/textures/concussivesmoke2.dds	58c041cb325dde718db8122fec3f7908	87536
mods/heroes.stormmod/base.stormassets/assets/textures/concussivesmoke2.lvl0	6db4b247f5412a5fc045ff3a40940b9d	5616
mods/heroes.stormmod/base.stormassets/assets/textures/concussivesmoke2b.dds	8cefc81c77e64d6b1e8e57ea3128215d	87536
mods/heroes.stormmod/base.stormassets/assets/textures/concussivesmoke2b.lvl0	368373b4fe86fdd4ac1dc126a11d9eab	5616
mods/heroes.stormmod/base.stormassets/assets/textures/condensation_normal3.dds	1e3e8c15413871fd37ab1bc0316f2785	349684
mods/heroes.stormmod/base.stormassets/assets/textures/condensation_normal3.lvl0	2f4dd621b6ce947afb863c66ae39f581	5616
mods/heroes.stormmod/base.stormassets/assets/textures/condensation_normal3_disp.dds	6c33ce80886988df0af7a86bc81bbb4f	174904
mods/heroes.stormmod/base.stormassets/assets/textures/condensation_normal3_disp.lvl0	14d298cc47aab676216926acc6c808c9	2872
mods/heroes.stormmod/base.stormassets/assets/textures/condensation_normal3x.dds	59a1da31f4677d2b8d38b1636b265d47	349684
mods/heroes.stormmod/base.stormassets/assets/textures/condensation_normal3x.lvl0	93cc091d6db293fdf7744cd32d4e03d2	5616
mods/heroes.stormmod/base.stormassets/assets/textures/condensation_normal4.dds	97adb09936a9de7bc8d5693a4caa411e	349684
mods/heroes.stormmod/base.stormassets/assets/textures/condensation_normal4.lvl0	d58b5a7081f6ad6ffed9f320d34dafc0	5616
mods/heroes.stormmod/base.stormassets/assets/textures/consoleblinkalphaadd1.dds	fb4e6f3885d5499956d8e19c60247548	87568
mods/heroes.stormmod/base.stormassets/assets/textures/consoleblinkalphaadd1.lvl0	ab61b312c5ecbf01b12ee93028b625aa	1552
mods/heroes.stormmod/base.stormassets/assets/textures/consoleblinkalphaadd1_orange.dds	d0ea604fc495b9811a6fa240c0c65f64	87568
mods/heroes.stormmod/base.stormassets/assets/textures/consoleblinkalphaadd1_orange.lvl0	c21d35d389c2a5e60c7b2af7139a6ec2	528
mods/heroes.stormmod/base.stormassets/assets/textures/consoleblinkalphaadd1red.dds	1166bcda347c37dd8df0972c7039e3ba	87568
mods/heroes.stormmod/base.stormassets/assets/textures/consoleblinkalphaadd1red.lvl0	9c8dcedc7db197c2b275888eba9ab2fc	1552
mods/heroes.stormmod/base.stormassets/assets/textures/coreattackping.dds	53c2ba3da49976fb12550a179614ba10	87536
mods/heroes.stormmod/base.stormassets/assets/textures/coreattackping.lvl0	9dfe76cd8efef97e09b6516975c8d2eb	5616
mods/heroes.stormmod/base.stormassets/assets/textures/corruptormissile.dds	51f4b75aafa61bd8158f64d547d44ce2	11064
mods/heroes.stormmod/base.stormassets/assets/textures/corruptormissile.lvl0	6fadd83a97792cf449cea76231762e39	312
mods/heroes.stormmod/base.stormassets/assets/textures/corruptormissile_emissive.dds	590842a5c109b4fccbd5cb6616ea0b91	43832
mods/heroes.stormmod/base.stormassets/assets/textures/corruptormissile_emissive.lvl0	43d68795e341be0177ca09c7dcdb68b0	824
mods/heroes.stormmod/base.stormassets/assets/textures/corruptorportrait_reflection.dds	9efd0d78c5bf2dca3923ccdc99978e79	65744
mods/heroes.stormmod/base.stormassets/assets/textures/corruptorportrait_reflection.lvl0	1145288da5d0723a15d325798db9b196	16592
mods/heroes.stormmod/base.stormassets/assets/textures/storm_cocoonrepeating.dds	000279018765c9c92d7c6338dc4852ec	43856
mods/heroes.stormmod/base.stormassets/assets/textures/storm_cocoonrepeating.lvl0	b1a0a81a0f7b0d2de3e26baaa573fe29	848
mods/heroes.stormmod/base.stormassets/assets/textures/storm_cocoonweba01.dds	671b5426f1368d210d1d10031acecbc5	21992
mods/heroes.stormmod/base.stormassets/assets/textures/storm_cocoonweba01.lvl0	4ac49a9a478377810a97891fc199ba56	1512
mods/heroes.stormmod/base.stormassets/assets/textures/storm_cocoonweba02.dds	66991e552be3d56ee713f2031ab5e7a0	43856
mods/heroes.stormmod/base.stormassets/assets/textures/storm_cocoonweba02.lvl0	6f004aabd75509256b458a7b8c1bdaa4	2896
mods/heroes.stormmod/base.stormassets/assets/textures/storm_coin_lunar_d.dds	fc2c9c22238e7b015814be69c86c2c4a	349680
mods/heroes.stormmod/base.stormassets/assets/textures/storm_coin_lunar_d.lvl0	aca0a6f1820b08e0ac18f1f0b371382c	5616
mods/heroes.stormmod/base.stormassets/assets/textures/storm_coin_lunar_n.dds	731ee81f435af3e373dc6c2f58fa33ea	349684
mods/heroes.stormmod/base.stormassets/assets/textures/storm_coin_lunar_n.lvl0	51c87a26782c96a8f3fdc2a8080c16d0	5616
mods/heroes.stormmod/base.stormassets/assets/textures/storm_collision_edges.dds	b8e3bf34e73f0d3974e09d45154f7267	43818
mods/heroes.stormmod/base.stormassets/assets/textures/storm_color_orange.dds	45dc8ed2f74cb0475f409a7aa88f4f67	312
mods/heroes.stormmod/base.stormassets/assets/textures/storm_color_purple.dds	04396ca72243893004526b0e657656c2	312
mods/heroes.stormmod/base.stormassets/assets/textures/storm_color_redgold.dds	209e0f6b9e04528b85982e01c965c5a3	312
mods/heroes.stormmod/base.stormassets/assets/textures/storm_colorgrad01.dds	a39e9c7b7c262f322c96f9856db99835	5608
mods/heroes.stormmod/base.stormassets/assets/textures/storm_colorgrad01.lvl0	de2ef94fbc9ed66812d6fa11af065ea9	1512
mods/heroes.stormmod/base.stormassets/assets/textures/storm_colorgrad02.dds	7b9c820cbdbd5c1dd5bcd14db444bb59	2872
mods/heroes.stormmod/base.stormassets/assets/textures/storm_colorgrad02.lvl0	b2d2f9ff9903304e09f9c1ddd3e36df0	824
mods/heroes.stormmod/base.stormassets/assets/textures/storm_colorgrad02_orangepurple.dds	4d34ae6d79287c983ca436d5848b126c	11064
mods/heroes.stormmod/base.stormassets/assets/textures/storm_colorgrad02_orangepurple.lvl0	6980dde87b6d668792f681690dff4941	2872
mods/heroes.stormmod/base.stormassets/assets/textures/storm_colorgrad02_yelloworangepurple.dds	17e81b471a76d7747d05f67cce65c7d8	11064
mods/heroes.stormmod/base.stormassets/assets/textures/storm_colorgrad02_yelloworangepurple.lvl0	20c3bbe2305e50103f54783a0a89e86d	184
mods/heroes.stormmod/base.stormassets/assets/textures/storm_colorgrad03.dds	4abff8ae9760fca69cb9d44049baa784	2872
mods/heroes.stormmod/base.stormassets/assets/textures/storm_colorgrad03.lvl0	86730c4be98778af03fc62d38bb72525	824
mods/heroes.stormmod/base.stormassets/assets/textures/storm_colorgrad04.dds	d0b09b5652d5bec53b91001d61a22002	2872
mods/heroes.stormmod/base.stormassets/assets/textures/storm_colorgrad04.lvl0	1a6144cd877189cf924bff9908d1f801	824
mods/heroes.stormmod/base.stormassets/assets/textures/storm_colorgrad05.dds	596870d276da332cd70e7f2b75a2ea2e	2872
mods/heroes.stormmod/base.stormassets/assets/textures/storm_colorgrad05.lvl0	e8b3ffae9c4739a30a1c6df77f7c0f3d	824
mods/heroes.stormmod/base.stormassets/assets/textures/storm_colorgrad05a.dds	16fcd9bbacbca54eacc7b4717e1bc415	2872
mods/heroes.stormmod/base.stormassets/assets/textures/storm_colorgrad05b.dds	ec899513c9b9053aea0526d6641c49c8	2872
mods/heroes.stormmod/base.stormassets/assets/textures/storm_colorgrad05b.lvl0	d36748ae621d855d0207d2555a350470	184
mods/heroes.stormmod/base.stormassets/assets/textures/storm_colorgrad06.dds	45ced850422f082045940628eff9f768	2872
mods/heroes.stormmod/base.stormassets/assets/textures/storm_colorgrad06.lvl0	a54bfb8858f429d91814b2f4dff2651b	312
mods/heroes.stormmod/base.stormassets/assets/textures/storm_colorgrad06a.dds	03fb9fcca106a7b912aa90576677dbd7	2872
mods/heroes.stormmod/base.stormassets/assets/textures/storm_colorgrad06a.lvl0	c627b73be5a69b4910928e1f8a030a91	824
mods/heroes.stormmod/base.stormassets/assets/textures/storm_colorgrad07.dds	2d2dfbdfa80b9fd8779d3586918e5694	2872
mods/heroes.stormmod/base.stormassets/assets/textures/storm_colorgrad07.lvl0	35008b9d144cf3fc23ba641d19f3c8fd	184
mods/heroes.stormmod/base.stormassets/assets/textures/storm_colorgrad09.dds	51ce740275061bcb1bc8a6ac227db18e	2872
mods/heroes.stormmod/base.stormassets/assets/textures/storm_colorgrad09.lvl0	02b800398e310bc71c5327570ad2e401	312
mods/heroes.stormmod/base.stormassets/assets/textures/storm_colorgrad10.dds	d071a06817db5fdadb90c7444a888936	2872
mods/heroes.stormmod/base.stormassets/assets/textures/storm_colorgrad10.lvl0	93000b7d71082387401e55ead0bda3cf	184
mods/heroes.stormmod/base.stormassets/assets/textures/storm_colorgrad_bluepink.dds	65a8ce61cd976dd3222b8e4b72997ef3	11064
mods/heroes.stormmod/base.stormassets/assets/textures/storm_colorgrad_bluepink.lvl0	a8d134ff908cc51af3d742b31c98de71	312
mods/heroes.stormmod/base.stormassets/assets/textures/storm_colorgrad_bronze.dds	f27d4c228d3f38649953c8b64bd161d7	11064
mods/heroes.stormmod/base.stormassets/assets/textures/storm_colorgrad_bronze.lvl0	56300b80e5fe5c6c53ad95829fccc2e1	184
mods/heroes.stormmod/base.stormassets/assets/textures/storm_colorgrad_c_greenyellow.dds	0dc89f2f00ee06e4e8d6f836f164d721	2872
mods/heroes.stormmod/base.stormassets/assets/textures/storm_colorgrad_ggreen.dds	d892a0bc07f17cbdaea3341455eced79	11064
mods/heroes.stormmod/base.stormassets/assets/textures/storm_colorgrad_ggreen.lvl0	53082d083d3404de3544fa8d03dd6ed7	2872
mods/heroes.stormmod/base.stormassets/assets/textures/storm_colorgrad_greengreydark_bright.dds	986fd1ac0243d1383446e7cbbad84e9f	11064
mods/heroes.stormmod/base.stormassets/assets/textures/storm_colorgrad_greengreydark_bright.lvl0	4a5783c87ed9c500324598726079c110	2872
mods/heroes.stormmod/base.stormassets/assets/textures/storm_colorgrad_greensick.dds	c7c05e1282797121a93ce1f93d0c959d	11064
mods/heroes.stormmod/base.stormassets/assets/textures/storm_colorgrad_greensick.lvl0	89d1172e65c99b8be174c3a60f8c7af6	2872
mods/heroes.stormmod/base.stormassets/assets/textures/storm_colorgrad_gsand.dds	7df8c3172028e9492e925897ec59205b	11064
mods/heroes.stormmod/base.stormassets/assets/textures/storm_colorgrad_gsand.lvl0	841c1d810b44be49135b72ae77572054	2872
mods/heroes.stormmod/base.stormassets/assets/textures/storm_colorgrad_pink.dds	3c90e1f2a74685b632f9c76a697d7a9d	824
mods/heroes.stormmod/base.stormassets/assets/textures/storm_colorgrad_pink.lvl0	7290237da3a0c0fbdefab14b92669d3b	184
mods/heroes.stormmod/base.stormassets/assets/textures/storm_colorgrad_pinkblue.dds	abc67b8d21cc75c37b2e9bcea63bd7fa	824
mods/heroes.stormmod/base.stormassets/assets/textures/storm_colorgrad_pinkblue.lvl0	878bffd47dab7a918a9e800eeed30f19	312
mods/heroes.stormmod/base.stormassets/assets/textures/storm_colorgrad_pinkred.dds	600bdd647930ccfcffa47001486a5ff3	174904
mods/heroes.stormmod/base.stormassets/assets/textures/storm_colorgrad_pinkred.lvl0	ea89eaa8fa1889a66fc9d6696d77eb91	824
mods/heroes.stormmod/base.stormassets/assets/textures/storm_colorgrad_purpledark.dds	92ba7896dcaac6db37cab850fce6cc3f	824
mods/heroes.stormmod/base.stormassets/assets/textures/storm_colorgrad_purpledarkblue.dds	cdc92b3dafd88d14284cdc653aee709c	2872
mods/heroes.stormmod/base.stormassets/assets/textures/storm_colorgrad_purplegrey.dds	1ed0aa5855b605e7bf9792975a92de6a	11064
mods/heroes.stormmod/base.stormassets/assets/textures/storm_colorgrad_purplegrey.lvl0	aaa70d180777519388444cb6d3596d78	2872
mods/heroes.stormmod/base.stormassets/assets/textures/storm_colorgrad_purplegreydark.dds	2a0e6e73870c5b37bb885cbba39ecc2b	11064
mods/heroes.stormmod/base.stormassets/assets/textures/storm_colorgrad_purplegreydark.lvl0	aa13a465bd7bdc8c1a7d42ee4345f2ff	2872
mods/heroes.stormmod/base.stormassets/assets/textures/storm_colorgrad_purplegreydark_bright.dds	4d8928c1fc7d2c563499f62c5f4ac225	11064
mods/heroes.stormmod/base.stormassets/assets/textures/storm_colorgrad_purplegreydark_bright.lvl0	e60125f6d6000e28fd44f841634a9ba6	2872
mods/heroes.stormmod/base.stormassets/assets/textures/storm_colorgrad_purplewhite.dds	6047372f8af2b492643b2b4f3cb9037b	11064
mods/heroes.stormmod/base.stormassets/assets/textures/storm_colorgrad_purplewhite.lvl0	ab8597045dbb7ad29d0524708e6c5a1e	2872
mods/heroes.stormmod/base.stormassets/assets/textures/storm_colorgrad_radial_blue.dds	5ae11c7fa70e26ce3fc48a924040a97b	2872
mods/heroes.stormmod/base.stormassets/assets/textures/storm_colorgrad_radial_blue.lvl0	99e986321695783d3ae958916e2800b0	152
mods/heroes.stormmod/base.stormassets/assets/textures/storm_colorgrad_radial_green.dds	832555610c8a3a06d4ee411b1fd834ec	2872
mods/heroes.stormmod/base.stormassets/assets/textures/storm_colorgrad_radial_green.lvl0	eddd33d94b31dbe59b537d715b08b560	152
mods/heroes.stormmod/base.stormassets/assets/textures/storm_colorgrad_radial_purpledark.dds	c835a3691cb2f9d9dded0d7d201bc117	824
mods/heroes.stormmod/base.stormassets/assets/textures/storm_colorgrad_radial_purpledark.lvl0	b0ca6fd13f4039fe87083186b2c98192	312
mods/heroes.stormmod/base.stormassets/assets/textures/storm_colorgrad_radial_red.dds	181cd4659eee410cd1def4e740f22b6f	2872
mods/heroes.stormmod/base.stormassets/assets/textures/storm_colorgrad_reddarkred.dds	e4da9b4aad898b97d7eb55e088a6be8a	11064
mods/heroes.stormmod/base.stormassets/assets/textures/storm_colorgrad_reddarkred.lvl0	1d3616f46f153530a4c1e84469432328	184
mods/heroes.stormmod/base.stormassets/assets/textures/storm_colorgrad_teal.dds	86a82919e877c30c78db6469c8cdbdf9	11064
mods/heroes.stormmod/base.stormassets/assets/textures/storm_colorgrad_teal.lvl0	bf2cba959b178eaf318b2b795ed6cf53	184
mods/heroes.stormmod/base.stormassets/assets/textures/storm_colorgrad_tealbrown.dds	28c9b9d289a832961285c61269362429	11064
mods/heroes.stormmod/base.stormassets/assets/textures/storm_colorgrad_tealbrown.lvl0	b34a1f8bb98b421639760f833388fca4	2872
mods/heroes.stormmod/base.stormassets/assets/textures/storm_colorgrad_tealgreen.dds	5db6c847bf7d4561c5aba12fd85c1d19	22000
mods/heroes.stormmod/base.stormassets/assets/textures/storm_colorgrad_tealgreen.lvl0	2c94b77be8c30198f73086e5931ec3f1	5616
mods/heroes.stormmod/base.stormassets/assets/textures/storm_colorgrad_whitegreen.dds	4de2a6a2a687da02d079ce392c5787e5	174904
mods/heroes.stormmod/base.stormassets/assets/textures/storm_colorgrad_whitegreen.lvl0	eef11ffa36ab69e0ea6f1b3a05442c3c	824
mods/heroes.stormmod/base.stormassets/assets/textures/storm_colorgrad_whitepink.dds	9fb32834c9715b02cdbb04f5c8538d35	11064
mods/heroes.stormmod/base.stormassets/assets/textures/storm_colorgrad_whitepink.lvl0	63902534b630cce1bb14cbc1872255e6	2872
mods/heroes.stormmod/base.stormassets/assets/textures/storm_colorgrad_yellowblue_01.dds	fac171b86c365492dd86a2b1d5e7d322	11064
mods/heroes.stormmod/base.stormassets/assets/textures/storm_colorgrad_yellowblue_01.lvl0	774ad7e65863a2a66fab775ab20e4083	2872
mods/heroes.stormmod/base.stormassets/assets/textures/storm_colorgrad_yelloworange.dds	7b10fc2aee612801c3e1273933f365d0	11064
mods/heroes.stormmod/base.stormassets/assets/textures/storm_colorgrad_yelloworange.lvl0	ca91fc61913e8d68f34626b3a8bf4cbe	2872
mods/heroes.stormmod/base.stormassets/assets/textures/storm_colorgrad_yelloworange_01.dds	7ce84224fdf510e93f26a025c8262a9f	11064
mods/heroes.stormmod/base.stormassets/assets/textures/storm_colorgrad_yelloworange_01.lvl0	e58a6f88a992dfbf23b85e14b8ce7e67	2872
mods/heroes.stormmod/base.stormassets/assets/textures/storm_colorgrad_yelloworange_center_01.dds	7ac5fbe6bb3effd2477844bacd7c6535	11064
mods/heroes.stormmod/base.stormassets/assets/textures/storm_colorgrad_yelloworange_center_01.lvl0	ce3a5032f1f93d691ea2c52302db29f0	2872
mods/heroes.stormmod/base.stormassets/assets/textures/storm_colorgrad_yellowpink.dds	ea063693ceb5f6a0deec939354c908b6	2872
mods/heroes.stormmod/base.stormassets/assets/textures/storm_colorgrad_yellowredblue_01.dds	54800fd3aae4b2cdd81c57eed25cf4f0	11064
mods/heroes.stormmod/base.stormassets/assets/textures/storm_colorgrad_yellowredblue_01.lvl0	386bf7ed3374c2453e555b9c5a72fd19	184
mods/heroes.stormmod/base.stormassets/assets/textures/storm_colorray01.dds	7e4a64992179971b3230f304f66ecb22	43856
mods/heroes.stormmod/base.stormassets/assets/textures/storm_colorray01.lvl0	9a446a3a0a4ae4642d1aa69e00f451de	2896
mods/heroes.stormmod/base.stormassets/assets/textures/storm_colors_random_01.dds	9166a0c744c894cee3d7cb1c92a62240	11064
mods/heroes.stormmod/base.stormassets/assets/textures/storm_colors_random_01.lvl0	6ea3fc1430ae7cab4ac682ae116d6843	184
mods/heroes.stormmod/base.stormassets/assets/textures/storm_comic_streak.dds	d2a918fb9132b66f73845a487fae55a9	349680
mods/heroes.stormmod/base.stormassets/assets/textures/storm_comic_streak.lvl0	bf19b8f70a83a372e6d95042c1ca0327	1520
mods/heroes.stormmod/base.stormassets/assets/textures/storm_comicbook01.dds	e0843c7858586a9bede7cb112085e2fc	87536
mods/heroes.stormmod/base.stormassets/assets/textures/storm_comicbook01.lvl0	d01e674d3d6302b7b0d3671b487af04f	5616
mods/heroes.stormmod/base.stormassets/assets/textures/storm_comicbook02.dds	29d2414f275eb595afd37d0d67ea46e3	87536
mods/heroes.stormmod/base.stormassets/assets/textures/storm_comicbook02.lvl0	56eb7fcb875a8479cb3c06ccfd0396b1	5616
mods/heroes.stormmod/base.stormassets/assets/textures/storm_comicbook03.dds	8bc4756f8626e70a699013c922dc55cc	87536
mods/heroes.stormmod/base.stormassets/assets/textures/storm_comicbook03.lvl0	1393880750686748199537857cff22b2	5616
mods/heroes.stormmod/base.stormassets/assets/textures/storm_comicbook04.dds	f8e02e13c26290aa9f9054a3b70279ea	87536
mods/heroes.stormmod/base.stormassets/assets/textures/storm_comicbook04.lvl0	4b8d4f7d0db89d9890730c9ddc278665	5616
mods/heroes.stormmod/base.stormassets/assets/textures/storm_comicbook_shape.dds	6d6be898ffdd2dcc842947ae623c864e	174928
mods/heroes.stormmod/base.stormassets/assets/textures/storm_comicbook_shape.lvl0	4e7ea4fcbff4e89b32ac139e87599c95	2896
mods/heroes.stormmod/base.stormassets/assets/textures/storm_comicbook_shape2.dds	4d324aca2a16a99ad82f60c2f21e9159	349680
mods/heroes.stormmod/base.stormassets/assets/textures/storm_comicbook_shape2.lvl0	a4b0e660b039f21f32b68519a13b4648	5616
mods/heroes.stormmod/base.stormassets/assets/textures/storm_comicbook_shape_bw.dds	8ae6337ab0a8740c5efd6805e9861a45	87528
mods/heroes.stormmod/base.stormassets/assets/textures/storm_comicbook_shape_bw.lvl0	e572a708b82f9fed57924936a27ee069	1512
mods/heroes.stormmod/base.stormassets/assets/textures/storm_comicbook_text.dds	e747916fc47d5a11268f9c8205a8bdfd	87536
mods/heroes.stormmod/base.stormassets/assets/textures/storm_comicbook_text.lvl0	2f5af194d752d92daef1c6d91b73041b	5616
mods/heroes.stormmod/base.stormassets/assets/textures/storm_comicbook_text02.dds	f6d6c9700fccff5c7b005548da27dc9f	87536
mods/heroes.stormmod/base.stormassets/assets/textures/storm_comicbook_text02.lvl0	04e6022e657eddcaeab6fdf5a462c687	5616
mods/heroes.stormmod/base.stormassets/assets/textures/storm_comiccloud.dds	30939de44a251a842da01f5d32fd1d8f	87528
mods/heroes.stormmod/base.stormassets/assets/textures/storm_comiccloud.lvl0	289701d1be1be153fb867b694095e496	1512
mods/heroes.stormmod/base.stormassets/assets/textures/storm_commander_raynor_camo_diff.dds	89c467bafde00f04b07e0cb1957048d8	1398256
mods/heroes.stormmod/base.stormassets/assets/textures/storm_commander_raynor_camo_diff.lvl0	b4753c0aaf92f36a03f33d30eedc749f	5616
mods/heroes.stormmod/base.stormassets/assets/textures/storm_commander_raynor_desert_diff.dds	5ff624fb33f8cf6ed4e4ed760d877151	699192
mods/heroes.stormmod/base.stormassets/assets/textures/storm_commander_raynor_desert_diff.lvl0	c3a4c458e6b3168ca5f28e077c5be027	2872
mods/heroes.stormmod/base.stormassets/assets/textures/storm_contextmenu_background.dds	cc6461dfb7cdb584a0e96990d3723abd	90196
mods/heroes.stormmod/base.stormassets/assets/textures/storm_contextmenu_item_highlight.dds	355d3fb231414906f0d6f3942a0130d0	38856
mods/heroes.stormmod/base.stormassets/assets/textures/storm_contextmenu_item_normal.dds	7269d5db11a681997074525125e86617	33748
mods/heroes.stormmod/base.stormassets/assets/textures/storm_coregears_diff.dds	341a5881686d7d5bce8aae998b005ebe	699192
mods/heroes.stormmod/base.stormassets/assets/textures/storm_coregears_diff.lvl0	293706ac13fff8f7dc925c0ec045e87d	2872
mods/heroes.stormmod/base.stormassets/assets/textures/storm_coregears_norm.dds	ef5344f612d668a40aed08e2c7d97d86	1398260
mods/heroes.stormmod/base.stormassets/assets/textures/storm_coregears_norm.lvl0	e60d861f47aed02423c1c72bcff51080	5616
mods/heroes.stormmod/base.stormassets/assets/textures/storm_coregears_spec.dds	3f59eaff9eecfc5dc04af94651f8d246	1398256
mods/heroes.stormmod/base.stormassets/assets/textures/storm_coregears_spec.lvl0	628c7715999bcbefe40be9c41263b82b	5616
mods/heroes.stormmod/base.stormassets/assets/textures/storm_coregem_diff.dds	e40bf010723076efb4499b8b7dc29c7b	699192
mods/heroes.stormmod/base.stormassets/assets/textures/storm_coregem_diff.lvl0	066f448f57c512f53b89e478a3df4549	2872
mods/heroes.stormmod/base.stormassets/assets/textures/storm_coregem_disp.dds	393ae3a1aa0c8f5535dbd7208a6a0875	1398256
mods/heroes.stormmod/base.stormassets/assets/textures/storm_coregem_disp.lvl0	d3e1c93c557f4918f7fbf0fc804e18bc	5616
mods/heroes.stormmod/base.stormassets/assets/textures/storm_coregem_emis.dds	9fb38016b3faa013e327f8f9ddd8429d	699192
mods/heroes.stormmod/base.stormassets/assets/textures/storm_coregem_emis.lvl0	0350cddc8012b464f8135c9ce4d59878	2872
mods/heroes.stormmod/base.stormassets/assets/textures/storm_coregem_norm.dds	8730d15bf0a564c52f21c26a69c02588	1398260
mods/heroes.stormmod/base.stormassets/assets/textures/storm_coregem_norm.lvl0	946ab1d804a276ae397ae30bc2386489	5616
mods/heroes.stormmod/base.stormassets/assets/textures/storm_coregem_spec.dds	02228b2f50a288adaf500a6fdd5f4998	1398256
mods/heroes.stormmod/base.stormassets/assets/textures/storm_coregem_spec.lvl0	39881154ab53ec5f584b6530a5eb205b	5616
mods/heroes.stormmod/base.stormassets/assets/textures/storm_coregemdeath_diff.dds	87bd86cad7cb298212b6e87015691173	1398256
mods/heroes.stormmod/base.stormassets/assets/textures/storm_coregemdeath_diff.lvl0	851b517b078584cce8451524116c62b2	5616
mods/heroes.stormmod/base.stormassets/assets/textures/storm_coregemdeath_norm.dds	1e2480e492f77e2a6eeafbc2501faf3c	1398260
mods/heroes.stormmod/base.stormassets/assets/textures/storm_coregemdeath_norm.lvl0	6ad22c3c28a2439822ddadfeea3ade0c	5616
mods/heroes.stormmod/base.stormassets/assets/textures/storm_coregemmesh_diff.dds	a5a7b161f011840bb9a1c97f8d2e5b90	349680
mods/heroes.stormmod/base.stormassets/assets/textures/storm_coregemmesh_diff.lvl0	481e7b3514a63eaf3631c2ee83d269f1	1520
mods/heroes.stormmod/base.stormassets/assets/textures/storm_coregemmesh_emis.dds	a0d5b285d0171b737b388306500d9eec	174904
mods/heroes.stormmod/base.stormassets/assets/textures/storm_coregemmesh_emis.lvl0	48155ba638ca5f262e6f87a2632dabc9	824
mods/heroes.stormmod/base.stormassets/assets/textures/storm_coregemmesh_norm.dds	65fb446427827efdabac4bb612b95c66	349684
mods/heroes.stormmod/base.stormassets/assets/textures/storm_coregemmesh_norm.lvl0	2d51355cc3071878b2fca2dd87d9268a	1520
mods/heroes.stormmod/base.stormassets/assets/textures/storm_coregemmesh_spec.dds	76a6bfdb9ae3fef63857afad7b78b50e	349680
mods/heroes.stormmod/base.stormassets/assets/textures/storm_coregemmesh_spec.lvl0	300318a6a5213bbcd1027034cb7860cd	1520
