mods/heroes.stormmod/base.stormassets/assets/textures/ds19_clouds.dds	baf6e005e07e2bdc5df4b35f843ba9ba	87536
mods/heroes.stormmod/base.stormassets/assets/textures/ds19_clouds.lvl0	e725fd5adf4dfa9ea74cdd251b4faef9	496
mods/heroes.stormmod/base.stormassets/assets/textures/storm_ds19_1.dds	3534244ddb24f4eb560f07758ca06328	1398256
mods/heroes.stormmod/base.stormassets/assets/textures/storm_ds19_1.lvl0	0e351c9c7e2b3770f7dd945b67bad9ff	5616
mods/heroes.stormmod/base.stormassets/assets/textures/storm_ds19_1_low.dds	2e0054a07868aaa653b2e997da3297d7	349680
mods/heroes.stormmod/base.stormassets/assets/textures/storm_ds19_1_low.lvl0	0e4d10d94c222ff0ecbe767fc19951d0	1520
mods/heroes.stormmod/base.stormassets/assets/textures/storm_ds19_1normal.dds	3867761d575cfcde7629c43256a91d2b	1398256
mods/heroes.stormmod/base.stormassets/assets/textures/storm_ds19_1normal.lvl0	7e945d8d0c8c0e3e41c9ec1c032c49b1	5616
mods/heroes.stormmod/base.stormassets/assets/textures/storm_ds19_2.dds	f7d61b68c319b3dc6c20e974f945e47d	1398256
mods/heroes.stormmod/base.stormassets/assets/textures/storm_ds19_2.lvl0	a0c0920047bb3ab4a4e769ae272674c2	5616
mods/heroes.stormmod/base.stormassets/assets/textures/storm_ds19_2_low.dds	9a9228cd5a4c4f536e28cb6257ce7636	349680
mods/heroes.stormmod/base.stormassets/assets/textures/storm_ds19_2_low.lvl0	5f446ccd46b06077dbd3e5f985ce7b10	1520
mods/heroes.stormmod/base.stormassets/assets/textures/storm_ds19_2normal.dds	b1a9e5d8a6d7872beba789fa46929107	1398256
mods/heroes.stormmod/base.stormassets/assets/textures/storm_ds19_2normal.lvl0	11922876f886835ae127a3057389a908	5616
mods/heroes.stormmod/base.stormassets/assets/textures/storm_ds19_3.dds	a63b9382ebfeb91210e88ce901831bd1	1398256
mods/heroes.stormmod/base.stormassets/assets/textures/storm_ds19_3.lvl0	cb91f6245cee98edb1739859829a5f31	5616
mods/heroes.stormmod/base.stormassets/assets/textures/storm_ds19_3_low.dds	8cdaf80a28823d844610aa373a71bcab	349680
mods/heroes.stormmod/base.stormassets/assets/textures/storm_ds19_3_low.lvl0	855106cc0bc0b31d7151f138548e1542	1520
mods/heroes.stormmod/base.stormassets/assets/textures/storm_ds19_3normal.dds	11595d04bc34f35dffe2ff45439116d9	1398256
mods/heroes.stormmod/base.stormassets/assets/textures/storm_ds19_3normal.lvl0	461776dcf1457b3d4282dd43c5f8aa56	5616
mods/heroes.stormmod/base.stormassets/assets/textures/storm_ds19_4.dds	2c55f082d93f4aa2fc88527848ed15af	1398256
mods/heroes.stormmod/base.stormassets/assets/textures/storm_ds19_4.lvl0	8f6911ae75c6f52dc4fd08dcb2293b28	5616
mods/heroes.stormmod/base.stormassets/assets/textures/storm_ds19_4_low.dds	137860ccb5051d8f6270de4806ac7861	349680
mods/heroes.stormmod/base.stormassets/assets/textures/storm_ds19_4_low.lvl0	57e6a9ab1dc264487c146cc081dc51e3	1520
mods/heroes.stormmod/base.stormassets/assets/textures/storm_ds19_4normal.dds	e4468102b102e13f79d01b137b8ca7db	1398256
mods/heroes.stormmod/base.stormassets/assets/textures/storm_ds19_4normal.lvl0	6cc7d31108c6576449e2452437f25a21	5616
mods/heroes.stormmod/base.stormassets/assets/textures/storm_ds19_5.dds	f7509d72119d66c17ad5258730fd9372	1398256
mods/heroes.stormmod/base.stormassets/assets/textures/storm_ds19_5.lvl0	7186f97300775c93825966f4f893248c	5616
mods/heroes.stormmod/base.stormassets/assets/textures/storm_ds19_5_low.dds	a417e9762b63033b1bd828848cc2ff1d	349680
mods/heroes.stormmod/base.stormassets/assets/textures/storm_ds19_5_low.lvl0	f1a615a8b4c7d90f280b2cd47eda44b6	1520
mods/heroes.stormmod/base.stormassets/assets/textures/storm_ds19_5normal.dds	b1a9e5d8a6d7872beba789fa46929107	1398256
mods/heroes.stormmod/base.stormassets/assets/textures/storm_ds19_5normal.lvl0	11922876f886835ae127a3057389a908	5616
mods/heroes.stormmod/base.stormassets/assets/textures/storm_ds19_6.dds	54131e0fa25ea2d18f8cc533e933736d	1398256
mods/heroes.stormmod/base.stormassets/assets/textures/storm_ds19_6.lvl0	fbd1b8def47bca3184f46e9785102b56	5616
mods/heroes.stormmod/base.stormassets/assets/textures/storm_ds19_6_low.dds	296e26224b490509b603920ca3208215	349680
mods/heroes.stormmod/base.stormassets/assets/textures/storm_ds19_6_low.lvl0	5e720f92687c4716d3c7773414587b01	1520
mods/heroes.stormmod/base.stormassets/assets/textures/storm_ds19_6normal.dds	1a29658532af2b0a02a94aec0fe596d6	1398256
mods/heroes.stormmod/base.stormassets/assets/textures/storm_ds19_6normal.lvl0	23ae27eddfd177267eea6796508d47b1	5616
mods/heroes.stormmod/base.stormassets/assets/textures/storm_ds19_7.dds	1d0e2ddbcb1afa4e51bf3f3166213216	1398256
mods/heroes.stormmod/base.stormassets/assets/textures/storm_ds19_7.lvl0	54787d0429972f665a17928b21bcf22e	5616
mods/heroes.stormmod/base.stormassets/assets/textures/storm_ds19_7_low.dds	d9527715edf56d95084c1199ba935012	349680
mods/heroes.stormmod/base.stormassets/assets/textures/storm_ds19_7_low.lvl0	0d9cf008f9a9d3e133837f049b97679e	1520
mods/heroes.stormmod/base.stormassets/assets/textures/storm_ds19_7normal.dds	1a29658532af2b0a02a94aec0fe596d6	1398256
mods/heroes.stormmod/base.stormassets/assets/textures/storm_ds19_7normal.lvl0	23ae27eddfd177267eea6796508d47b1	5616
mods/heroes.stormmod/base.stormassets/assets/textures/storm_ds19_8.dds	0a3e08db2a7935c6f5b0241d25a1050c	1398256
mods/heroes.stormmod/base.stormassets/assets/textures/storm_ds19_8.lvl0	7156a4ea8f01e029337e598f8f3f8b16	5616
mods/heroes.stormmod/base.stormassets/assets/textures/storm_ds19_8_low.dds	c29f21d50cee5aa9a9cbaa6d2bbb8114	349680
mods/heroes.stormmod/base.stormassets/assets/textures/storm_ds19_8_low.lvl0	077a112375b78c138704aebd0d161107	1520
mods/heroes.stormmod/base.stormassets/assets/textures/storm_ds19_8normal.dds	8cf459403605dd313f98132f0c57b209	1398256
mods/heroes.stormmod/base.stormassets/assets/textures/storm_ds19_8normal.lvl0	be2a3492536f4736062dc8c51fafdcdf	5616
mods/heroes.stormmod/base.stormassets/assets/textures/storm_ds19_dragonknight_platform_aosplat.dds	2d553ee75365b28d8d50379269eb34df	87536
mods/heroes.stormmod/base.stormassets/assets/textures/storm_ds19_dragonknight_platform_aosplat.lvl0	4102d60f25a420572e06eaa90272dfa4	496
mods/heroes.stormmod/base.stormassets/assets/textures/storm_ds19_dragonknight_platform_diff.dds	bbb49f67978388f43413e3c0b82f9951	699192
mods/heroes.stormmod/base.stormassets/assets/textures/storm_ds19_dragonknight_platform_diff.lvl0	d0d16886c3e4ede07f8d021c7b916eb5	2872
mods/heroes.stormmod/base.stormassets/assets/textures/storm_ds19_dragonknight_platform_norm.dds	90a8ea9d035749e6fd57fe5a51a84ffc	349680
mods/heroes.stormmod/base.stormassets/assets/textures/storm_ds19_dragonknight_platform_norm.lvl0	9e028e64641e01bc87985e30aae91e2d	5616
mods/heroes.stormmod/base.stormassets/assets/textures/storm_ds19_dragonknight_platform_spec.dds	85d7e861b3d7c308c73c72b07bc344e8	349680
mods/heroes.stormmod/base.stormassets/assets/textures/storm_ds19_dragonknight_platform_spec.lvl0	d32ce89b05a874f828b5b9bf88c9adf8	5616
mods/heroes.stormmod/base.stormassets/assets/textures/storm_ds19_dragonknight_shrine_aosplat.dds	7c5ec868341a6cb8f24af9e2d4774094	87536
mods/heroes.stormmod/base.stormassets/assets/textures/storm_ds19_dragonknight_shrine_diff.dds	cad167aa1420fe5f76955351dafb49f9	699192
mods/heroes.stormmod/base.stormassets/assets/textures/storm_ds19_dragonknight_shrine_diff.lvl0	811554a4c873986a58364239d05ac1ed	824
mods/heroes.stormmod/base.stormassets/assets/textures/storm_ds19_dragonknight_shrine_emis.dds	4fd03321508898718ba889474b121188	699192
mods/heroes.stormmod/base.stormassets/assets/textures/storm_ds19_dragonknight_shrine_emis.lvl0	facc64453a92d2a0f182274365eb46b0	824
mods/heroes.stormmod/base.stormassets/assets/textures/storm_ds19_dragonknight_shrine_norm.dds	76251be34bee1bfe44c1a18160d478bc	1398260
mods/heroes.stormmod/base.stormassets/assets/textures/storm_ds19_dragonknight_shrine_norm.lvl0	1124a04786193ef8728d1b7b96b0ed5f	5616
mods/heroes.stormmod/base.stormassets/assets/textures/storm_ds19_dragonknight_shrine_spec.dds	f0dcd52828a0446e28d096c4641bc73e	1398256
mods/heroes.stormmod/base.stormassets/assets/textures/storm_ds19_dragonknight_shrine_spec.lvl0	83249d23ae7b2fe998cc4a1f7413221e	5616
