mods/heroes.stormmod/base.stormassets/assets/textures/embers_4a.dds	6e5f66881d5c6e7b897d41e5261f81d5	87536
mods/heroes.stormmod/base.stormassets/assets/textures/embers_4a.lvl0	05dbdc8c1819e1b09e4b7abeb7d3f65c	5616
mods/heroes.stormmod/base.stormassets/assets/textures/emergencylight1.dds	e4b53df6f871b79ea9f9b3022cf44637	43832
mods/heroes.stormmod/base.stormassets/assets/textures/emergencylight1.lvl0	193c7fe050d2eb4cb8d135a9dc2e398d	2872
mods/heroes.stormmod/base.stormassets/assets/textures/emergencylight3.dds	115dbb417e794907fd171632acfdcfb8	43832
mods/heroes.stormmod/base.stormassets/assets/textures/emergencylight3.lvl0	e06ea76e26c1c2f1bcbf60bb79f8baf5	2872
mods/heroes.stormmod/base.stormassets/assets/textures/emergytrail.dds	f4869a7306f74035f52127f132f0f2ae	87528
mods/heroes.stormmod/base.stormassets/assets/textures/emergytrail.lvl0	a73580ba0a49bf80f90e49f9816e3508	1512
mods/heroes.stormmod/base.stormassets/assets/textures/emergytrail_amon.dds	219aa4d78bb0903c736dd51161cab678	349712
mods/heroes.stormmod/base.stormassets/assets/textures/emergytrail_amon.lvl0	81bccebf775907f40f6406ba1896b320	1552
mods/heroes.stormmod/base.stormassets/assets/textures/emergytrail_purple.dds	3514b856d2280d7ffd5a2b4e00a7961a	21992
mods/heroes.stormmod/base.stormassets/assets/textures/emergytrail_purple.lvl0	09d52c0835e734c54fb53b6e91370238	1512
mods/heroes.stormmod/base.stormassets/assets/textures/emergytrailblur1.dds	42f70b12aed901dc6b9ca913e3b51165	43856
mods/heroes.stormmod/base.stormassets/assets/textures/emergytrailblur1.lvl0	efa373ce5f25fd87501487305798216e	848
mods/heroes.stormmod/base.stormassets/assets/textures/emergytrailcyan.dds	d963c37e6044fe95427c190118d982a4	174928
mods/heroes.stormmod/base.stormassets/assets/textures/emergytrailcyan.lvl0	9b3630e53640c5dce3ff0d262c44f089	2896
mods/heroes.stormmod/base.stormassets/assets/textures/emergytrailcyan2.dds	fee765b928e60d6a5d5926208f2f4619	174928
mods/heroes.stormmod/base.stormassets/assets/textures/emergytrailcyan2.lvl0	ba16ec7df7168fde95b20de9d2329e5a	2896
mods/heroes.stormmod/base.stormassets/assets/textures/emergytrailgreen.dds	e75a6288edc35832546cc0bcfd4a604f	174928
mods/heroes.stormmod/base.stormassets/assets/textures/emergytrailgreen.lvl0	8f8b3d494f68ee7fc8e2a1af6f31c8a8	2896
mods/heroes.stormmod/base.stormassets/assets/textures/emergytrailorange.dds	a1fcc58ac7572ce737bd33ca658bf7d9	174928
mods/heroes.stormmod/base.stormassets/assets/textures/emergytrailorange.lvl0	fff912a6158fb1e6eb70e2666e04cc29	2896
mods/heroes.stormmod/base.stormassets/assets/textures/emergytrailred.dds	d73bc88635733cfe0daeff00c5bf72a9	174928
mods/heroes.stormmod/base.stormassets/assets/textures/emergytrailred.lvl0	f98aa0a8167dd61517a20bf5b93859e5	2896
mods/heroes.stormmod/base.stormassets/assets/textures/emergytrailsmall.dds	ee261a7e37e116f83441c3ca77aa0484	87528
mods/heroes.stormmod/base.stormassets/assets/textures/emergytrailsmall.lvl0	aab0c6eecfcd98e72b22a8dc0e94accc	1512
mods/heroes.stormmod/base.stormassets/assets/textures/emergytrailsmallcyan.dds	efe8706cfb2c05351171494845dc36db	87528
mods/heroes.stormmod/base.stormassets/assets/textures/emergytrailsmallcyan.lvl0	f61d07c507077c570af72922852236c6	1512
mods/heroes.stormmod/base.stormassets/assets/textures/emergytrailteamcolor.dds	d5803fb4add7b81ae54fde8eb84bfa01	174928
mods/heroes.stormmod/base.stormassets/assets/textures/emergytrailteamcolor.lvl0	1930a4c09688f36ca88af8b6e4a93f7c	2896
mods/heroes.stormmod/base.stormassets/assets/textures/storm_ember_sharp.dds	3a6b8ef91cd7af19a11a5f9997b3d0fe	87536
mods/heroes.stormmod/base.stormassets/assets/textures/storm_ember_sharp.lvl0	19cf4ff8fc332edd2aecce16b1a5ae60	5616
mods/heroes.stormmod/base.stormassets/assets/textures/storm_ember_sharpflip.dds	e123a7367668771eddf7d92e40310caa	87536
mods/heroes.stormmod/base.stormassets/assets/textures/storm_ember_sharpflip.lvl0	3858e7b93de23aa785d88a5e607153d9	5616
mods/heroes.stormmod/base.stormassets/assets/textures/storm_emberarc.dds	34d53f8b036c9c1ed0895571c925065a	22000
mods/heroes.stormmod/base.stormassets/assets/textures/storm_emberarc.lvl0	700bc7a9aea4a4d16f99a3f1476433a9	5616
mods/heroes.stormmod/base.stormassets/assets/textures/storm_embers_bits.dds	20037a170042b0d2e4e4d9e387fd4f41	174928
mods/heroes.stormmod/base.stormassets/assets/textures/storm_embers_bits.lvl0	1e508a94df2e13c70a840c4e1319f8e8	2896
mods/heroes.stormmod/base.stormassets/assets/textures/storm_embers_smokey_blue.dds	c83bc9d2c13c4855455a4b3bb35b3e36	87536
mods/heroes.stormmod/base.stormassets/assets/textures/storm_embers_smokey_blue.lvl0	3fb70653d14cbd9ff63088c0b44ebd64	5616
mods/heroes.stormmod/base.stormassets/assets/textures/storm_embers_smokey_green.dds	58a308f4440b55e85fe08b03b28c4486	87536
mods/heroes.stormmod/base.stormassets/assets/textures/storm_embers_smokey_green.lvl0	ff71d14eab5b623dda7f795c2350d39d	5616
mods/heroes.stormmod/base.stormassets/assets/textures/storm_embers_smokey_purple.dds	87971c1c401ba6a90fd203cdc00f531a	87536
mods/heroes.stormmod/base.stormassets/assets/textures/storm_embers_smokey_purple.lvl0	97c6bd4cd5b88b6803fc86a210e69562	5616
mods/heroes.stormmod/base.stormassets/assets/textures/storm_embers_smokey_red.dds	01652c48413c26937405075deaa679e2	87536
mods/heroes.stormmod/base.stormassets/assets/textures/storm_embers_smokey_red.lvl0	4ed270ee8643b01e0252c737d0aed2b7	5616
mods/heroes.stormmod/base.stormassets/assets/textures/storm_embersa.dds	fff6ec9c8905cb4f6750efe5d563545e	43832
mods/heroes.stormmod/base.stormassets/assets/textures/storm_embersa.lvl0	45af1314d033dd9584c6d80f6b0b9daf	2872
mods/heroes.stormmod/base.stormassets/assets/textures/storm_emergytrail.dds	f4869a7306f74035f52127f132f0f2ae	87528
mods/heroes.stormmod/base.stormassets/assets/textures/storm_emergytrail.lvl0	a73580ba0a49bf80f90e49f9816e3508	1512
mods/heroes.stormmod/base.stormassets/assets/textures/storm_emergytrail_red.dds	9d68bb87bc42595b76583a6b73e3b65f	21992
mods/heroes.stormmod/base.stormassets/assets/textures/storm_emergytrail_red.lvl0	1d0a2f6ff5dc010572cbffac07561a90	1512
mods/heroes.stormmod/base.stormassets/assets/textures/storm_emergytrailteamcolor.dds	d5803fb4add7b81ae54fde8eb84bfa01	174928
mods/heroes.stormmod/base.stormassets/assets/textures/storm_emergytrailteamcolor.lvl0	1930a4c09688f36ca88af8b6e4a93f7c	2896
mods/heroes.stormmod/base.stormassets/assets/textures/storm_emoji_abathur_mecha_sheet.dds	007a794215cdbfa80dbe070b195fd8af	61568
mods/heroes.stormmod/base.stormassets/assets/textures/storm_emoji_abathur_sheet.dds	6238259e40fd4d1772848fc8d4ac6174	61568
mods/heroes.stormmod/base.stormassets/assets/textures/storm_emoji_alarak_sheet.dds	5a20dadc886283a0e93f4b7a76866db0	61568
mods/heroes.stormmod/base.stormassets/assets/textures/storm_emoji_alexstrasza_sheet.dds	b36c1d2e0b0c769d1458dd815267310c	61568
mods/heroes.stormmod/base.stormassets/assets/textures/storm_emoji_alteredfates_sheet.dds	633477a2418ef6dc65a63293970c4f47	41088
mods/heroes.stormmod/base.stormassets/assets/textures/storm_emoji_ana_army18_sheet.dds	535861901eb3c78cc891603f736c397d	61568
mods/heroes.stormmod/base.stormassets/assets/textures/storm_emoji_ana_sheet.dds	495507c088d5d9edd0b6517a80e38c79	61568
mods/heroes.stormmod/base.stormassets/assets/textures/storm_emoji_anduin_craft20_anim_sheet.dds	7a097968c8c83af8efac5c1ded048cae	41088
mods/heroes.stormmod/base.stormassets/assets/textures/storm_emoji_anduin_sheet.dds	a1d236b82d74c19701f1d225bc8f6c1d	61568
mods/heroes.stormmod/base.stormassets/assets/textures/storm_emoji_anubarak_sheet.dds	567e63e38e530bfc1d00a60e9d9cf8a0	61568
mods/heroes.stormmod/base.stormassets/assets/textures/storm_emoji_artanis_craft20_anim_sheet.dds	59770b4cf8e8537419ddfb70bd57e5f2	20608
mods/heroes.stormmod/base.stormassets/assets/textures/storm_emoji_artanis_sheet.dds	7bef346ed9b5d54340c3da47cb453442	61568
mods/heroes.stormmod/base.stormassets/assets/textures/storm_emoji_arthas_count_sheet.dds	9ada4635cab4e43fc24bbdd50ce5a731	61568
mods/heroes.stormmod/base.stormassets/assets/textures/storm_emoji_arthas_craft20_anim_sheet.dds	ceb64f65a00d05098dbfd2432264d7c0	41088
mods/heroes.stormmod/base.stormassets/assets/textures/storm_emoji_arthas_sheet.dds	271c3f696b945d53ca6c58ac957e589e	61568
mods/heroes.stormmod/base.stormassets/assets/textures/storm_emoji_auriel_sheet.dds	ba99b5ef7169ef554a85332d7e915aa4	61568
mods/heroes.stormmod/base.stormassets/assets/textures/storm_emoji_azmodan_sheet.dds	11c8343c993d2780b058706690c0913b	61568
mods/heroes.stormmod/base.stormassets/assets/textures/storm_emoji_ball_1_sheet.dds	b3566ee0a90cf09ea7f9068138d3698d	41088
mods/heroes.stormmod/base.stormassets/assets/textures/storm_emoji_brightwing_sheet.dds	f0aa7bc8cb745a1ee83c39e9c8ca25ce	61568
mods/heroes.stormmod/base.stormassets/assets/textures/storm_emoji_butcher_sheet.dds	3f07d6627ac94125891570ba6b2386a7	61568
mods/heroes.stormmod/base.stormassets/assets/textures/storm_emoji_carbot_alliance_sheet.dds	ed2a28470a0fe8e940d40d69152888b1	41088
mods/heroes.stormmod/base.stormassets/assets/textures/storm_emoji_carbot_diablo_sheet.dds	fc9915b1906cc2e73a580aac133c0494	41088
mods/heroes.stormmod/base.stormassets/assets/textures/storm_emoji_carbot_horde_sheet.dds	d5f2d18485a22750cdabd12824351fa3	41088
mods/heroes.stormmod/base.stormassets/assets/textures/storm_emoji_carbot_nexus_sheet.dds	c263cf67986bc7f29c6927bd97e24646	41088
mods/heroes.stormmod/base.stormassets/assets/textures/storm_emoji_cassia_sheet.dds	09ee2232204a2a925dc473a11297b2ed	61568
mods/heroes.stormmod/base.stormassets/assets/textures/storm_emoji_cat_blink_anim_sheet.dds	dd95fc7039c37c9f9e5d8217d5bd7a22	163968
mods/heroes.stormmod/base.stormassets/assets/textures/storm_emoji_cat_dealwithit_anim_sheet.dds	cffe52827d3160a463fca9fe982dee23	123008
mods/heroes.stormmod/base.stormassets/assets/textures/storm_emoji_cat_gleam_anim_sheet.dds	157737ebe8ed4e8f5b1bfe549747beea	143488
mods/heroes.stormmod/base.stormassets/assets/textures/storm_emoji_cat_grumpy_anim_sheet.dds	32ea6f1a093b4d49f595d99053888f7f	82048
mods/heroes.stormmod/base.stormassets/assets/textures/storm_emoji_cat_puke_anim_sheet.dds	91ae0a6b24ba06dbb9ef0c0ea07418ed	61568
mods/heroes.stormmod/base.stormassets/assets/textures/storm_emoji_celebrations_1_sheet.dds	a1660531a58f05cef87da2c07917f4dc	41088
mods/heroes.stormmod/base.stormassets/assets/textures/storm_emoji_chen_sheet.dds	a1a47c49617d8a167a98e60e07e7a2a2	61568
mods/heroes.stormmod/base.stormassets/assets/textures/storm_emoji_cho_sheet.dds	c9c74027ad5dec00cc28348dccc35610	61568
mods/heroes.stormmod/base.stormassets/assets/textures/storm_emoji_chomp_growl_anim_sheet.dds	ae3b5a3ae31d9e28b2a30bf4adbc22a6	20608
mods/heroes.stormmod/base.stormassets/assets/textures/storm_emoji_chomp_minion_anim_sheet.dds	fedee89bd40713c032945928c9e56d3c	20608
mods/heroes.stormmod/base.stormassets/assets/textures/storm_emoji_chomp_paku_anim_sheet.dds	c7c0aceb806a9db6e657c51809c94297	20608
mods/heroes.stormmod/base.stormassets/assets/textures/storm_emoji_chomp_pet_anim_sheet.dds	fe5639701ee6523e251316567d1de559	20608
mods/heroes.stormmod/base.stormassets/assets/textures/storm_emoji_chomp_wave_anim_sheet.dds	436fa0d2b7c23da3a2e0c71d0e28fb88	41088
mods/heroes.stormmod/base.stormassets/assets/textures/storm_emoji_chromie_sheet.dds	c056c201ce0c1d56699982ab96a5eb9a	61568
mods/heroes.stormmod/base.stormassets/assets/textures/storm_emoji_darknexus_sheet.dds	a06810e99437005d2c126d45a3bdf922	61568
mods/heroes.stormmod/base.stormassets/assets/textures/storm_emoji_death_1_sheet.dds	b013ac277bcaef38349308e1ec6b4153	41088
mods/heroes.stormmod/base.stormassets/assets/textures/storm_emoji_deathwing_sheet.dds	de496d7e5ff6862418ebabac51cb8bd0	61568
mods/heroes.stormmod/base.stormassets/assets/textures/storm_emoji_deckard_sheet.dds	5d0ba8dd5b2646dbed021efaf5b82052	61568
mods/heroes.stormmod/base.stormassets/assets/textures/storm_emoji_dehaka_mecha_sheet.dds	b2dad8b6c4f500a97aad01859e4912b6	61568
mods/heroes.stormmod/base.stormassets/assets/textures/storm_emoji_dehaka_sheet.dds	68c9f6469bf7213c349bf77247944564	61568
mods/heroes.stormmod/base.stormassets/assets/textures/storm_emoji_diablo_sheet.dds	18290440d00f70b5d2d6c9b3759a72ea	61568
mods/heroes.stormmod/base.stormassets/assets/textures/storm_emoji_diablo_summer18_sheet.dds	34acbc6a38f334ec1c57bb8287c176b9	61568
mods/heroes.stormmod/base.stormassets/assets/textures/storm_emoji_dragonknight_sheet.dds	9ca1063f462ada56ddebfcbea216aca9	61568
mods/heroes.stormmod/base.stormassets/assets/textures/storm_emoji_drink_1_sheet.dds	35e722bcb5355c3661f18849ef8fec2d	41088
mods/heroes.stormmod/base.stormassets/assets/textures/storm_emoji_dva_sheet.dds	e37b42dda912a6075859e2cd8037227c	61568
mods/heroes.stormmod/base.stormassets/assets/textures/storm_emoji_etc_sheet.dds	1aacf3cf448d9a02be765e963e5af37f	61568
mods/heroes.stormmod/base.stormassets/assets/textures/storm_emoji_eyeball_bloodlust_anim_sheet.dds	71a7b9ff82c99e2ac63ffd3db071cf0a	102528
mods/heroes.stormmod/base.stormassets/assets/textures/storm_emoji_eyeball_cthun_anim_sheet.dds	6f1000b9938f95818adda17a27301dca	20608
mods/heroes.stormmod/base.stormassets/assets/textures/storm_emoji_eyeball_human_anim_sheet.dds	1c2de42da8d832f5d72d8cd434566509	82048
mods/heroes.stormmod/base.stormassets/assets/textures/storm_emoji_eyeball_kilrogg_anim_sheet.dds	6db8630932aa5c37e926e125ae6f09b2	82048
mods/heroes.stormmod/base.stormassets/assets/textures/storm_emoji_eyeball_ravenlord_anim_sheet.dds	a5e95a5efa8f710a31942ce0764eac1a	82048
mods/heroes.stormmod/base.stormassets/assets/textures/storm_emoji_falstad_sheet.dds	f913078d47f1fb0a9cb2a11d3b49c148	61568
mods/heroes.stormmod/base.stormassets/assets/textures/storm_emoji_fenix_sheet.dds	e28e24ae82de8527162c14a1184ddd10	61568
mods/heroes.stormmod/base.stormassets/assets/textures/storm_emoji_firebat_sheet.dds	1347942d5844fd43e3c24180c4804fce	61568
mods/heroes.stormmod/base.stormassets/assets/textures/storm_emoji_food_1_sheet.dds	f9cbebea05eec148693bfda364ad0956	41088
mods/heroes.stormmod/base.stormassets/assets/textures/storm_emoji_food_2_sheet.dds	3b46fba28f8a8744199a6c54cc738a71	41088
mods/heroes.stormmod/base.stormassets/assets/textures/storm_emoji_food_3_sheet.dds	fee70d33406b6e213a2011016b72a1e4	41088
mods/heroes.stormmod/base.stormassets/assets/textures/storm_emoji_foodog_sheet.dds	8e1e5c207ca9a41c43bd1c5cea559f75	61568
mods/heroes.stormmod/base.stormassets/assets/textures/storm_emoji_gall_sheet.dds	934945322cf0eaf6f455b1652107c42f	61568
mods/heroes.stormmod/base.stormassets/assets/textures/storm_emoji_garrosh_sheet.dds	dc279fdd9a5a77b3a6d5b430882641ae	61568
mods/heroes.stormmod/base.stormassets/assets/textures/storm_emoji_garrosh_summer18_sheet.dds	57706025dd9a57e6639b0f6d3818942e	61568
mods/heroes.stormmod/base.stormassets/assets/textures/storm_emoji_gazlowe_sheet.dds	b0289366dd6ec327368f937e799123b9	61568
mods/heroes.stormmod/base.stormassets/assets/textures/storm_emoji_genji_army18_sheet.dds	cb400c31a5ae895b7bb49e58a77893f3	41088
mods/heroes.stormmod/base.stormassets/assets/textures/storm_emoji_genji_lunar_sheet.dds	a68bd61dcd7d2ff9603882142b491119	61568
mods/heroes.stormmod/base.stormassets/assets/textures/storm_emoji_genji_sheet.dds	e703d16f78f803506d15ff6fd90b69d7	61568
mods/heroes.stormmod/base.stormassets/assets/textures/storm_emoji_ghost_boogie_anim_sheet.dds	0cccc586cc342ee4283e78065fcf66c7	41088
mods/heroes.stormmod/base.stormassets/assets/textures/storm_emoji_ghost_cheer_anim_sheet.dds	c670f46df0019359ee42f458e24386a8	20608
mods/heroes.stormmod/base.stormassets/assets/textures/storm_emoji_ghost_golfclap_anim_sheet.dds	a107705a5920ab36fc496cc16e68fba5	20608
mods/heroes.stormmod/base.stormassets/assets/textures/storm_emoji_ghost_rage_anim_sheet.dds	0ce3dd718f215e13940573a166431f88	20608
mods/heroes.stormmod/base.stormassets/assets/textures/storm_emoji_ghost_worry_anim_sheet.dds	9c29d5a49628c62632b7b6c01fa117ce	41088
mods/heroes.stormmod/base.stormassets/assets/textures/storm_emoji_greymane_sheet.dds	52cd76ce682f96d998256c722b26d6cc	61568
mods/heroes.stormmod/base.stormassets/assets/textures/storm_emoji_greymane_worgen_doctor_sheet.dds	bd05f549f96f22cee16fbc160b23d941	61568
mods/heroes.stormmod/base.stormassets/assets/textures/storm_emoji_greymane_worgen_sheet.dds	f5bea32934f416fb561d1f5bc8cb03dc	61568
mods/heroes.stormmod/base.stormassets/assets/textures/storm_emoji_guldan_sheet.dds	9871baae4a65702bc4a5e699f811562b	61568
mods/heroes.stormmod/base.stormassets/assets/textures/storm_emoji_hammer_sheet.dds	bbebb04e4ddce8f690380b233c98edbc	61568
mods/heroes.stormmod/base.stormassets/assets/textures/storm_emoji_hands_bone_1_sheet.dds	96e4de1d905d067227a844145d4c5f8b	41088
mods/heroes.stormmod/base.stormassets/assets/textures/storm_emoji_hands_bone_2_sheet.dds	bd8df1828cf497ef747dce567b6eed92	41088
mods/heroes.stormmod/base.stormassets/assets/textures/storm_emoji_hands_bone_3_sheet.dds	76772b8496c9763f33a529637e2620fd	41088
mods/heroes.stormmod/base.stormassets/assets/textures/storm_emoji_hands_gauntlet_1_sheet.dds	1b256a246abaf5077d705510f8fe255e	41088
mods/heroes.stormmod/base.stormassets/assets/textures/storm_emoji_hands_gauntlet_2_sheet.dds	4cc722a4ef58920e20d0c4b00378368d	41088
mods/heroes.stormmod/base.stormassets/assets/textures/storm_emoji_hands_gauntlet_3_sheet.dds	c5bfe15dfe67cf26d0aa64c60c21b66c	41088
mods/heroes.stormmod/base.stormassets/assets/textures/storm_emoji_hands_generic_1_sheet.dds	67255919fd4d5b77be00ed2b6f1bb65f	41088
mods/heroes.stormmod/base.stormassets/assets/textures/storm_emoji_hands_generic_2_sheet.dds	88c1840b114c7d0a138fb0470d621eef	41088
mods/heroes.stormmod/base.stormassets/assets/textures/storm_emoji_hands_generic_3_sheet.dds	2b97558f8ffff21335ac2674cbc77c12	41088
mods/heroes.stormmod/base.stormassets/assets/textures/storm_emoji_hands_orc_1_sheet.dds	f3cef305e5ce9e3a66523ba640a364a1	41088
mods/heroes.stormmod/base.stormassets/assets/textures/storm_emoji_hands_orc_2_sheet.dds	d3520a63b90c4aaf576b9650a9923ebc	41088
mods/heroes.stormmod/base.stormassets/assets/textures/storm_emoji_hands_orc_3_sheet.dds	78a78cde117e335b62cc2d142adcabb9	41088
mods/heroes.stormmod/base.stormassets/assets/textures/storm_emoji_hanzo_sheet.dds	ac8e702c737aeb2caa369831736e8198	61568
mods/heroes.stormmod/base.stormassets/assets/textures/storm_emoji_hearts_1_sheet.dds	4c7be5523ab72d97645cba8d7633ec94	41088
mods/heroes.stormmod/base.stormassets/assets/textures/storm_emoji_hogger_sheet.dds	584b6e5e18f87a04090f45c2e36458b0	61568
mods/heroes.stormmod/base.stormassets/assets/textures/storm_emoji_illidan_lunar_sheet.dds	1fb14f5ce9867f9c2d3c7e4399f09d25	61568
mods/heroes.stormmod/base.stormassets/assets/textures/storm_emoji_illidan_sheet.dds	07b2c6ccf10da07ff3454680df9def53	61568
mods/heroes.stormmod/base.stormassets/assets/textures/storm_emoji_imperius_sheet.dds	c8475f9728f5b101dfd1864b4c5ca4e7	61568
mods/heroes.stormmod/base.stormassets/assets/textures/storm_emoji_jaina_dreadlord_sheet.dds	3bac43666c2d3dfa96363bfb68428f31	61568
mods/heroes.stormmod/base.stormassets/assets/textures/storm_emoji_jaina_sheet.dds	b437ecaa1765311df8b380b32f2954fc	61568
mods/heroes.stormmod/base.stormassets/assets/textures/storm_emoji_johanna_owc20_anim_sheet.dds	8f45d08b616afb887a741ece31fccd96	20608
mods/heroes.stormmod/base.stormassets/assets/textures/storm_emoji_johanna_sheet.dds	fcd6085fba2a0151c32b4df494ef991b	61568
mods/heroes.stormmod/base.stormassets/assets/textures/storm_emoji_junkrat_sheet.dds	0bee83e34d657461b4c9c3254cd076e9	61568
mods/heroes.stormmod/base.stormassets/assets/textures/storm_emoji_kaelthas_lunar_sheet.dds	b84bd01593503f44c77d8cfc6dab2db3	61568
mods/heroes.stormmod/base.stormassets/assets/textures/storm_emoji_kaelthas_sheet.dds	6b202cf166a358f84237f936085c14b8	61568
mods/heroes.stormmod/base.stormassets/assets/textures/storm_emoji_kelthuzad_sheet.dds	8c728710cc741592bf0a62e3adc9c5d4	61568
mods/heroes.stormmod/base.stormassets/assets/textures/storm_emoji_kerrigan_classic21_anim_sheet.dds	257b1d1c1c984d31ee94a27d7a4fb990	41088
mods/heroes.stormmod/base.stormassets/assets/textures/storm_emoji_kerrigan_countess_sheet.dds	cee338ec6d596d2606380abb17fbc5db	61568
mods/heroes.stormmod/base.stormassets/assets/textures/storm_emoji_kerrigan_sheet.dds	0707da30b2d5057d9480dff121c23368	61568
mods/heroes.stormmod/base.stormassets/assets/textures/storm_emoji_kharazim_sheet.dds	9ced7cd321f1550371a2659d55602a7f	61568
mods/heroes.stormmod/base.stormassets/assets/textures/storm_emoji_leoric_sheet.dds	8042374c6ee1c16c46680bd3df5e160d	61568
mods/heroes.stormmod/base.stormassets/assets/textures/storm_emoji_lili_lunar_sheet.dds	f57b2840a50e898e3feee87905826039	61568
mods/heroes.stormmod/base.stormassets/assets/textures/storm_emoji_lili_sheet.dds	065cdc88576149f848e3b8bb4f689cf9	61568
mods/heroes.stormmod/base.stormassets/assets/textures/storm_emoji_liming_sheet.dds	4faccb392966cf0c188b4f0d026eda9c	61568
mods/heroes.stormmod/base.stormassets/assets/textures/storm_emoji_lostviking_classic21_anim_sheet.dds	85806a50eed59003e6e29228c7833d47	61568
mods/heroes.stormmod/base.stormassets/assets/textures/storm_emoji_lostvikings_sheet.dds	a549e923f0eeb40a7b8f713e14296e62	61568
mods/heroes.stormmod/base.stormassets/assets/textures/storm_emoji_lucio_sheet.dds	b16291be941db4076ddef2090666d9cc	61568
mods/heroes.stormmod/base.stormassets/assets/textures/storm_emoji_lunara_sheet.dds	b502210192fb0326a42f27c890bb5028	61568
mods/heroes.stormmod/base.stormassets/assets/textures/storm_emoji_lunara_summer18_sheet.dds	d82aa859b6d7157f0fc41881200bea4a	61568
mods/heroes.stormmod/base.stormassets/assets/textures/storm_emoji_madaxe19_1_sheet.dds	9d4c32d0c8ef0f8390826ba53dccb472	41088
mods/heroes.stormmod/base.stormassets/assets/textures/storm_emoji_madaxe19_2_sheet.dds	84d0fc36be70b43243dba378c3e6c423	41088
mods/heroes.stormmod/base.stormassets/assets/textures/storm_emoji_maiev_sheet.dds	0c9882c7dcdcc84e2e8993a14b452bbb	61568
mods/heroes.stormmod/base.stormassets/assets/textures/storm_emoji_malfurion_sheet.dds	f6aca84387323e6e25d67eae01af2122	61568
mods/heroes.stormmod/base.stormassets/assets/textures/storm_emoji_malfurion_winterveil_sheet.dds	f5477a26008b110bdb3a3190b3607500	61568
mods/heroes.stormmod/base.stormassets/assets/textures/storm_emoji_malganis_sheet.dds	10aaf20388081921975fe20f70f16c91	61568
mods/heroes.stormmod/base.stormassets/assets/textures/storm_emoji_malthael_sheet.dds	81e7fab12c9b2d518be7c23f810bcab1	61568
mods/heroes.stormmod/base.stormassets/assets/textures/storm_emoji_mecha_malthael_anim_sheet.dds	a610f2eb493074d94501c1547d9c613e	51328
mods/heroes.stormmod/base.stormassets/assets/textures/storm_emoji_mecha_pilotvalla_anim_sheet.dds	b7b2b3bacc4414b13236e84df6695cfd	20608
mods/heroes.stormmod/base.stormassets/assets/textures/storm_emoji_mecha_pilotyrel_anim_sheet.dds	f550499c2e3e23dc56e4fdc4fdf72a7e	25728
mods/heroes.stormmod/base.stormassets/assets/textures/storm_emoji_mecha_valla_anim_sheet.dds	65f837d794a0da23fffaa851ec8f9640	51328
mods/heroes.stormmod/base.stormassets/assets/textures/storm_emoji_mecha_yrel_anim_sheet.dds	953d26471815547c5a07ad64c72a9e66	15488
mods/heroes.stormmod/base.stormassets/assets/textures/storm_emoji_medivh_sheet.dds	e4d65e85be107bd64d83a4c7022c291c	61568
mods/heroes.stormmod/base.stormassets/assets/textures/storm_emoji_mei_sheet.dds	223645cf77763ed72d4a78f21f9f9c60	61568
mods/heroes.stormmod/base.stormassets/assets/textures/storm_emoji_mephisto_sheet.dds	9e8ee5644b18ce28293b469d5ae71817	61568
mods/heroes.stormmod/base.stormassets/assets/textures/storm_emoji_mobster19_hammercar_sheet.dds	d865ca2f1f9a9e5d52c021930be44521	61568
mods/heroes.stormmod/base.stormassets/assets/textures/storm_emoji_mobster19_junkrat_sheet.dds	15a9871aeff983020882060a04951d72	41088
mods/heroes.stormmod/base.stormassets/assets/textures/storm_emoji_mobster19_orphea_sheet.dds	c176770f39519d91d338dfe8bac11c2b	41088
mods/heroes.stormmod/base.stormassets/assets/textures/storm_emoji_mobster19_raccoon_sheet.dds	8dad55287a97aa9df80b36bd6d6def07	41088
mods/heroes.stormmod/base.stormassets/assets/textures/storm_emoji_mobster19_whitemane_sheet.dds	563e46bdf76fc9656ebe2301e986c2ec	41088
mods/heroes.stormmod/base.stormassets/assets/textures/storm_emoji_morales_sheet.dds	c4c9bd7e3d9eba2dc34e40bfc27b8fa6	61568
mods/heroes.stormmod/base.stormassets/assets/textures/storm_emoji_muradin_sheet.dds	48bf94790b4ba6efead5b278a340c06b	61568
mods/heroes.stormmod/base.stormassets/assets/textures/storm_emoji_murky_sheet.dds	49fe2ccadc9292233cb12ad7dafbbe53	61568
mods/heroes.stormmod/base.stormassets/assets/textures/storm_emoji_myth_sheet.dds	969f108035e79e3096c0051419d131e3	41088
mods/heroes.stormmod/base.stormassets/assets/textures/storm_emoji_nature_1_sheet.dds	f249a1ce7871cd768343c2b17641ac07	41088
mods/heroes.stormmod/base.stormassets/assets/textures/storm_emoji_nazeebo_sheet.dds	8d1007e8afa70e169602536031693c4d	61568
mods/heroes.stormmod/base.stormassets/assets/textures/storm_emoji_nazeebo_winterveil_sheet.dds	04f6d19f953199ede40c89ea93b56904	61568
mods/heroes.stormmod/base.stormassets/assets/textures/storm_emoji_nexomania_diablo_anim_sheet.dds	c168e40345b843730fc5d046d382f8a5	41088
mods/heroes.stormmod/base.stormassets/assets/textures/storm_emoji_nexomania_garrosh_anim_sheet.dds	98461fbd1a0a63c5dacd7ab3d01db392	61568
mods/heroes.stormmod/base.stormassets/assets/textures/storm_emoji_nexomania_imperius_anim_sheet.dds	01cdbf613ba61b628d62186a463f3067	41088
mods/heroes.stormmod/base.stormassets/assets/textures/storm_emoji_nexomania_lili_anim_sheet.dds	edef6601f9fe8cd0f839403fba443c2d	38528
mods/heroes.stormmod/base.stormassets/assets/textures/storm_emoji_nexomania_malganis_anim_sheet.dds	1249baf508294f28ffce6ad471848036	102528
mods/heroes.stormmod/base.stormassets/assets/textures/storm_emoji_nexus_sheet.dds	88fd0d5feda56b84f2d3a229c3aa8253	61568
mods/heroes.stormmod/base.stormassets/assets/textures/storm_emoji_nexushunter_sheet.dds	6c7d15ff315637181023163c162161fb	61568
mods/heroes.stormmod/base.stormassets/assets/textures/storm_emoji_nova_owc20_anim_sheet.dds	493f1dab7aa218b099d2c1680cfc32c8	41088
mods/heroes.stormmod/base.stormassets/assets/textures/storm_emoji_nova_sheet.dds	f56e477ba162003104d9a63e3b1e79e8	61568
mods/heroes.stormmod/base.stormassets/assets/textures/storm_emoji_orphea_sheet.dds	9335ef9aaa8221d95d49e55638870be0	61568
mods/heroes.stormmod/base.stormassets/assets/textures/storm_emoji_pachimari_owc20_anim_sheet.dds	f576d07e5616f25c1fcbba4500175fc1	41088
mods/heroes.stormmod/base.stormassets/assets/textures/storm_emoji_pachimari_sheet.dds	f45f81f5943efbdf6b644ef92a86c155	61568
mods/heroes.stormmod/base.stormassets/assets/textures/storm_emoji_phrases_generic_sheet.dds	1ce3efa295e0260b45b8ea51b36e8517	41088
mods/heroes.stormmod/base.stormassets/assets/textures/storm_emoji_phrases_hallowsend_sheet.dds	cf98cc9733569a2e48bb5deef4b43531	41088
mods/heroes.stormmod/base.stormassets/assets/textures/storm_emoji_phrases_lunar_sheet.dds	03f461a1da437148d99dd10ab7c3419e	41088
mods/heroes.stormmod/base.stormassets/assets/textures/storm_emoji_phrases_mecha_sheet.dds	accd08e818b071495625ba831e0804f4	41088
mods/heroes.stormmod/base.stormassets/assets/textures/storm_emoji_phrases_spring19_sheet.dds	01b56ff1c2ff3c6b580daeb07c901b9c	41088
mods/heroes.stormmod/base.stormassets/assets/textures/storm_emoji_phrases_sweets_sheet.dds	fed7a9f747c0c3d4749de45c23eb14cf	41088
mods/heroes.stormmod/base.stormassets/assets/textures/storm_emoji_phrases_winterveil_sheet.dds	ccb25111203f05e0f8a335fae5ac4031	41088
mods/heroes.stormmod/base.stormassets/assets/textures/storm_emoji_probius_sheet.dds	ca0b356a987fa6adcc19d65f458c4edb	61568
mods/heroes.stormmod/base.stormassets/assets/textures/storm_emoji_ragnaros_sheet.dds	75b8bb08c82cfd15807e221837babc0a	61568
mods/heroes.stormmod/base.stormassets/assets/textures/storm_emoji_raynor_owc20_anim_sheet.dds	9350239b8baeaabcd798988cdc54a7dd	41088
mods/heroes.stormmod/base.stormassets/assets/textures/storm_emoji_raynor_sheet.dds	f038694a731ed82460be8c4868888ee6	61568
mods/heroes.stormmod/base.stormassets/assets/textures/storm_emoji_reghar_classic21_anim_sheet.dds	aa4df2029cdf227f063c6af6098e0aff	41088
mods/heroes.stormmod/base.stormassets/assets/textures/storm_emoji_rehgar_classic21_anim_sheet.dds	57cea3e231ed0ef834f222ad558c6fb1	41088
mods/heroes.stormmod/base.stormassets/assets/textures/storm_emoji_rehgar_mecha_sheet.dds	34b11555329081b8ad3a4ee12fc52d2f	61568
mods/heroes.stormmod/base.stormassets/assets/textures/storm_emoji_rehgar_sheet.dds	4590e7efcd7b92c7d65645bd08bc15b7	61568
mods/heroes.stormmod/base.stormassets/assets/textures/storm_emoji_rehgar_winterveil_sheet.dds	bc4f9f70dd8fbde6a0865c021ae322db	61568
mods/heroes.stormmod/base.stormassets/assets/textures/storm_emoji_rexxar_sheet.dds	7c7ee0c4f2b24ffdd9a0e59389884b86	61568
mods/heroes.stormmod/base.stormassets/assets/textures/storm_emoji_samuro_sheet.dds	f3b40100297222fa2b913908a9772da0	61568
mods/heroes.stormmod/base.stormassets/assets/textures/storm_emoji_sapper_sheet.dds	b7bbd6b2e6930f035004ff85fa1bbd8a	61568
mods/heroes.stormmod/base.stormassets/assets/textures/storm_emoji_secret_01_sheet.dds	0327dc0c32295b208e592d7b254ab2dc	41088
mods/heroes.stormmod/base.stormassets/assets/textures/storm_emoji_siliconsynapse_classic21_anim_sheet.dds	64ee02e5f02e896f3771d19e8262d34b	82048
mods/heroes.stormmod/base.stormassets/assets/textures/storm_emoji_sonya_deathbringer_sheet.dds	64972a43f71c19dd1473b25149fa4123	61568
mods/heroes.stormmod/base.stormassets/assets/textures/storm_emoji_sonya_deathknight_sheet.dds	b5d5abf9d29c3de42643e4d95487d78c	61568
mods/heroes.stormmod/base.stormassets/assets/textures/storm_emoji_sonya_sheet.dds	562017d11f4c8027212ba341fdd3d39f	61568
mods/heroes.stormmod/base.stormassets/assets/textures/storm_emoji_sonya_summer18_sheet.dds	a2938da917eec61b9662c998a876e5ac	61568
mods/heroes.stormmod/base.stormassets/assets/textures/storm_emoji_sorceress_classic21_anim_sheet.dds	f50ce737eb6f70e12b8a30d40c818a0d	41088
mods/heroes.stormmod/base.stormassets/assets/textures/storm_emoji_spooky_potg_anim_sheet.dds	9aedbb55333c5f52043a9e2a9cee2ec5	61568
mods/heroes.stormmod/base.stormassets/assets/textures/storm_emoji_spooky_ravenlol_anim_sheet.dds	b5186f6acf6d1de831b6251b12c9d502	41088
mods/heroes.stormmod/base.stormassets/assets/textures/storm_emoji_spooky_rip_anim_sheet.dds	fed7f15dff54999089b96165e211eac7	143488
mods/heroes.stormmod/base.stormassets/assets/textures/storm_emoji_spooky_spider_anim_sheet.dds	8746cf28fcb992ece597d012d8bbd429	41088
mods/heroes.stormmod/base.stormassets/assets/textures/storm_emoji_spooky_worm_anim_sheet.dds	02ad15c74fbd65a28d7ee7b0d2d2294c	41088
mods/heroes.stormmod/base.stormassets/assets/textures/storm_emoji_stitches_psycho_sheet.dds	834c8447cd0371e251204cf4e7f8db84	61568
mods/heroes.stormmod/base.stormassets/assets/textures/storm_emoji_stitches_sheet.dds	a43e4f6eef239c7a7f92a833351de4e1	61568
mods/heroes.stormmod/base.stormassets/assets/textures/storm_emoji_stitches_winterveil_sheet.dds	95cd6f747c0d9d259eed408dde544f7c	61568
mods/heroes.stormmod/base.stormassets/assets/textures/storm_emoji_stukov_army18_sheet.dds	fd6d674ba309a7e8ef673acbbd807ec2	41088
mods/heroes.stormmod/base.stormassets/assets/textures/storm_emoji_stukov_sheet.dds	add4a1116db16645f3800c6c8e04fba2	61568
mods/heroes.stormmod/base.stormassets/assets/textures/storm_emoji_sylvanas_lunar_sheet.dds	0e7109f1bcc616a7f0f0b42335727d71	61568
mods/heroes.stormmod/base.stormassets/assets/textures/storm_emoji_sylvanas_sheet.dds	659059e312a454f878eb36e5c63936b1	61568
mods/heroes.stormmod/base.stormassets/assets/textures/storm_emoji_sylvanas_winterveil_sheet.dds	18116ed6741c5f1eecf457bcbbab08f8	61568
mods/heroes.stormmod/base.stormassets/assets/textures/storm_emoji_tassadar_mecha_sheet.dds	2ffcb08adc57ea90075b45cd1d6b9076	61568
mods/heroes.stormmod/base.stormassets/assets/textures/storm_emoji_tassadar_sheet.dds	5e0b01cf611ff2aa17d746a1fd34334b	61568
mods/heroes.stormmod/base.stormassets/assets/textures/storm_emoji_thrall_sheet.dds	020663e73f0915aeff2bf8767b596219	61568
mods/heroes.stormmod/base.stormassets/assets/textures/storm_emoji_tinker_craft20_anim_sheet.dds	eb9b46317b0136a819333030707444da	61568
mods/heroes.stormmod/base.stormassets/assets/textures/storm_emoji_toy_bear_anim_sheet.dds	3ebbae6f96d654eea789de0d654b86e2	61568
mods/heroes.stormmod/base.stormassets/assets/textures/storm_emoji_toy_cosmicflurry_anim_sheet.dds	a3a14a0167de897e8af4d4238c362050	41088
mods/heroes.stormmod/base.stormassets/assets/textures/storm_emoji_toy_dice_anim_sheet.dds	8fcee18f1d3fd093848a721bc47c1822	41088
mods/heroes.stormmod/base.stormassets/assets/textures/storm_emoji_toy_dino_anim_sheet.dds	34e8d2623084f53e3ab1c3270da81ec6	20608
mods/heroes.stormmod/base.stormassets/assets/textures/storm_emoji_toy_herospinner_anim_sheet.dds	8df9f918ac3b8b47c5a39bb578988bb9	41088
mods/heroes.stormmod/base.stormassets/assets/textures/storm_emoji_toy_minion_anim_sheet.dds	cb1f862fa202275c853e43803681b5ac	41088
mods/heroes.stormmod/base.stormassets/assets/textures/storm_emoji_toy_nerfthis_anim_sheet.dds	1483adb64c998e256bfbfc6db11f3de0	20608
mods/heroes.stormmod/base.stormassets/assets/textures/storm_emoji_toy_robots_anim_sheet.dds	9da8c8e269ddb3b6c5c882e15258b27c	61568
mods/heroes.stormmod/base.stormassets/assets/textures/storm_emoji_toy_train_anim_sheet.dds	ea82c0e6de0648e876c2e619abe1a437	41088
mods/heroes.stormmod/base.stormassets/assets/textures/storm_emoji_toy_turd_anim_sheet.dds	9379494ff66dba2b4a0760e957f21a16	41088
mods/heroes.stormmod/base.stormassets/assets/textures/storm_emoji_toys19_army.dds	80a287e53b57829e03f0d4c32a6c0004	41088
mods/heroes.stormmod/base.stormassets/assets/textures/storm_emoji_toys19_horse.dds	f41f68a6feaace3e022bf3a5c5b600ae	20608
mods/heroes.stormmod/base.stormassets/assets/textures/storm_emoji_toys19_mephisto.dds	0828f1829d7c657a4ccf3ef60441e694	20608
mods/heroes.stormmod/base.stormassets/assets/textures/storm_emoji_toys19_qhira.dds	7aa2dad189016e84b239bf678df9a494	41088
mods/heroes.stormmod/base.stormassets/assets/textures/storm_emoji_toys19_train.dds	9bc67e6a109ac2f1cf8030638bafa51f	20608
mods/heroes.stormmod/base.stormassets/assets/textures/storm_emoji_tracer_sheet.dds	d1c2ea1e9dae4ea4051e450c9876e570	61568
mods/heroes.stormmod/base.stormassets/assets/textures/storm_emoji_turret_craft20_anim_sheet.dds	06b3aecf049fa9725023f2f6ae632aab	61568
mods/heroes.stormmod/base.stormassets/assets/textures/storm_emoji_tychus_sheet.dds	1dbfffa414d2e8ce8336a4a7afda200b	61568
mods/heroes.stormmod/base.stormassets/assets/textures/storm_emoji_tyrael_mecha_sheet.dds	836412e75cabbbcb88730681513440f2	61568
mods/heroes.stormmod/base.stormassets/assets/textures/storm_emoji_tyrael_sheet.dds	f5cc0e28b873d5e148d4bbf5f37e8748	61568
mods/heroes.stormmod/base.stormassets/assets/textures/storm_emoji_tyrande_sheet.dds	ee6503f447ae4ff8c4133fcdbfaaab00	61568
mods/heroes.stormmod/base.stormassets/assets/textures/storm_emoji_uther_sheet.dds	69804b0c6ae0c566fd029786b137d625	61568
mods/heroes.stormmod/base.stormassets/assets/textures/storm_emoji_valeera_sheet.dds	127306ab4678c03c0127cc734e9ef9a5	61568
mods/heroes.stormmod/base.stormassets/assets/textures/storm_emoji_valeera_vampire_sheet.dds	da3feef65d0f3dd06f995bd787015ea1	61568
mods/heroes.stormmod/base.stormassets/assets/textures/storm_emoji_valla_deputy_sheet.dds	22587300a2fe8da70ea3afb7dce254a7	61568
mods/heroes.stormmod/base.stormassets/assets/textures/storm_emoji_valla_owc20_anim_sheet.dds	519f5d170dbbcaa3e2835c544fe8bc15	41088
mods/heroes.stormmod/base.stormassets/assets/textures/storm_emoji_valla_sheet.dds	1f243e9727e4f49c66452a219c82931f	61568
mods/heroes.stormmod/base.stormassets/assets/textures/storm_emoji_varian_sheet.dds	de2144d07d71ab6c5ff965abc76c4d8a	61568
mods/heroes.stormmod/base.stormassets/assets/textures/storm_emoji_vikings_classic21_anim_sheet.dds	d290a3321c8ca9b442e13593396f79bf	61568
mods/heroes.stormmod/base.stormassets/assets/textures/storm_emoji_whitemane_sheet.dds	9cd72818d2fd9d539492933181c0ccf9	61568
mods/heroes.stormmod/base.stormassets/assets/textures/storm_emoji_winter_decorations_1_sheet.dds	312b51d4c8ac8c1541ec78aa49a64198	41088
mods/heroes.stormmod/base.stormassets/assets/textures/storm_emoji_xul_scarecrow_sheet.dds	ccb445717dbbaec3fda094d23140f046	61568
mods/heroes.stormmod/base.stormassets/assets/textures/storm_emoji_xul_sheet.dds	8cb4669dfda1a98217337f669760d2e9	61568
mods/heroes.stormmod/base.stormassets/assets/textures/storm_emoji_yrel_sheet.dds	1798e9669a9d11ff9114b56c49eddf27	61568
mods/heroes.stormmod/base.stormassets/assets/textures/storm_emoji_zagara_cryptqueen_sheet.dds	f10f2a70474d1f5f8c971131b905d543	61568
mods/heroes.stormmod/base.stormassets/assets/textures/storm_emoji_zagara_sheet.dds	51b4b09a2bf4089d7ecf779bb7c07ca9	61568
mods/heroes.stormmod/base.stormassets/assets/textures/storm_emoji_zarya_sheet.dds	0e9b9009d8a7bfae1908bc5d7eb0fbf6	61568
mods/heroes.stormmod/base.stormassets/assets/textures/storm_emoji_zeratul_sheet.dds	e24437bdef4d92f739b6ecfa4fb1e889	61568
mods/heroes.stormmod/base.stormassets/assets/textures/storm_emoji_zuljin_sheet.dds	d247bc9ff0b042a284416e5fdacc5bb9	61568
