mods/heroes.stormmod/base.stormassets/assets/textures/nuke_missile.dds	7006478318a061dca618c13d2b550707	43856
mods/heroes.stormmod/base.stormassets/assets/textures/nuke_missile.lvl0	141204871edad46b2153f60041104cdf	848
mods/heroes.stormmod/base.stormassets/assets/textures/nukecolumntest1.dds	864abd553a1dd4134d5e7ac6e0a71bdb	1398256
mods/heroes.stormmod/base.stormassets/assets/textures/nukecolumntest1.lvl0	557e2344474635ead0f3a5b17858d3d7	5616
mods/heroes.stormmod/base.stormassets/assets/textures/nukeicon2.dds	fd63c3871f101c89740d16524c780d8a	174904
mods/heroes.stormmod/base.stormassets/assets/textures/nukeicon2.lvl0	db764084f86d53732171f571259006ed	2872
mods/heroes.stormmod/base.stormassets/assets/textures/nukeicon3c.dds	f9a5280e1cd9a2df2f52d738429238a2	43832
mods/heroes.stormmod/base.stormassets/assets/textures/nukeicon3c.lvl0	7182d30c0966a6da147313a8ed0c575f	2872
mods/heroes.stormmod/base.stormassets/assets/textures/nukeicon4a_green2.dds	088da56ba2e2c529c3f0bb3200f7c2ad	5616
mods/heroes.stormmod/base.stormassets/assets/textures/nukeicon4a_green2.lvl0	d9faca8d00c51f3c04c07cd247a955bd	1520
mods/heroes.stormmod/base.stormassets/assets/textures/nukeicon4a_green2tc.dds	b0d39b7d91245aa726014e379c50b59f	5616
mods/heroes.stormmod/base.stormassets/assets/textures/nukeicon4a_green2tc.lvl0	5d4abf107994c842dd18a9d341624a4a	1520
mods/heroes.stormmod/base.stormassets/assets/textures/nukeicon6a2.dds	2e90f7d9064a64357d26e34bb8e8f99a	174928
mods/heroes.stormmod/base.stormassets/assets/textures/nukeicon6a2.lvl0	0c0db223360e17a5def13173252e8a2b	2896
mods/heroes.stormmod/base.stormassets/assets/textures/nukeicon6a2tc.dds	0e52405b6c740477859ebe331469dd8a	174928
mods/heroes.stormmod/base.stormassets/assets/textures/nukeicon6a2tc.lvl0	2816a51d023a1dc7e1ae6fbd68a07999	2896
mods/heroes.stormmod/base.stormassets/assets/textures/nukeicon7agreen.dds	6534cf178c956cf15910e15853effb45	43848
mods/heroes.stormmod/base.stormassets/assets/textures/nukeicon7agreen.lvl0	4b669a4503545cccdea3d189f1c3ccfa	840
mods/heroes.stormmod/base.stormassets/assets/textures/nukeicon8a.dds	1133a10dad791dbac791511cf97d373a	43832
mods/heroes.stormmod/base.stormassets/assets/textures/nukeicon8a.lvl0	aba570ef549097c4a5d46cb12f74025a	2872
mods/heroes.stormmod/base.stormassets/assets/textures/nukeicon8atc.dds	87dca82812d774eaa82612aa5552311b	87536
mods/heroes.stormmod/base.stormassets/assets/textures/nukeicon8atc.lvl0	6dae69a21a9c57acd16e0974b699177a	5616
mods/heroes.stormmod/base.stormassets/assets/textures/nukeicon8atca.dds	8ba24214822c5791bfc66e2c3481579c	87536
mods/heroes.stormmod/base.stormassets/assets/textures/nukeicon8atca.lvl0	a434f114a5854c7fd2c1c37b63148bcd	5616
mods/heroes.stormmod/base.stormassets/assets/textures/numbers1.dds	c9ff4b7734bba79f2f4ecd97d28c68cd	43856
mods/heroes.stormmod/base.stormassets/assets/textures/numbers1.lvl0	842f61de43c50a077918ed63ba089bca	2896
mods/heroes.stormmod/base.stormassets/assets/textures/numbers1tc.dds	4be746c6079e32c0369380458d91d975	43856
mods/heroes.stormmod/base.stormassets/assets/textures/numbers1tc.lvl0	c2c4ee6b8a7452ce4dffef1ddab66e41	2896
mods/heroes.stormmod/base.stormassets/assets/textures/storm_nukeicon.dds	0a1727dac7d8918de5c00eff602fcf0c	87536
mods/heroes.stormmod/base.stormassets/assets/textures/storm_nukeicon.lvl0	d2f833dbfc10396c2c3edcc1e0bd03a1	5616
mods/heroes.stormmod/base.stormassets/assets/textures/storm_nukesource.dds	5184e52a66311f48e8f0e6a9721542ca	349680
mods/heroes.stormmod/base.stormassets/assets/textures/storm_nukesource.lvl0	c8ba6fe8a6fa933bd15da2d34d539b49	5616
