mods/heroes.stormmod/base.stormassets/assets/textures/photonelectroshock_anim1add.dds	8a2a65c7366f84c6b24ecf7f687ad574	699216
mods/heroes.stormmod/base.stormassets/assets/textures/photonelectroshock_anim1add.lvl0	7e981a069b91b747951661a2c6cc206d	2896
mods/heroes.stormmod/base.stormassets/assets/textures/photonenergyanim1.dds	0b492e8e80e980fdce684e1aba354108	1398256
mods/heroes.stormmod/base.stormassets/assets/textures/photonenergyanim1.lvl0	b755313a3de75426677e02945d20a84f	5616
mods/heroes.stormmod/base.stormassets/assets/textures/photonenergyanim1_green.dds	50a531a9c25115df0f543454ec439a25	5592560
mods/heroes.stormmod/base.stormassets/assets/textures/photonenergyanim1_green.lvl0	3a269288d75bd1a28ffc9ed38d16fb6f	5616
mods/heroes.stormmod/base.stormassets/assets/textures/photonswirls1b.dds	fd86dcb4d7eb4cc9c654c890ace42c9a	87528
mods/heroes.stormmod/base.stormassets/assets/textures/photonswirls1b_orange.dds	c86ee17fd35de4a39a2af114e8d5fa41	65664
mods/heroes.stormmod/base.stormassets/assets/textures/photonswirls1b_red.dds	c2f5ad68bcef10502b3e33507d6473a5	21992
mods/heroes.stormmod/base.stormassets/assets/textures/photonswirls1b_red.lvl0	1119b3eeec2cdb97d4c6180f40ad9451	488
mods/heroes.stormmod/base.stormassets/assets/textures/photonswirls1c.dds	da78dc5014cced21e0c7d06557ca6a93	21992
mods/heroes.stormmod/base.stormassets/assets/textures/photonswirls1c.lvl0	ec875a04f0c59de53d2525db76e9fa62	1512
mods/heroes.stormmod/base.stormassets/assets/textures/photonswirlsnegative_red.dds	b494c1b67def851f964f462c272bc448	174928
mods/heroes.stormmod/base.stormassets/assets/textures/photonswirlsnegative_red.lvl0	c00bffff8e407441495587b0e1ccd85e	2896
mods/heroes.stormmod/base.stormassets/assets/textures/photonwisps_anim1.dds	40092dc9d5dd522937774446a1589ba2	699216
mods/heroes.stormmod/base.stormassets/assets/textures/photonwisps_anim1.lvl0	a4a95c709cb76d9880ecb0c5ca4d4b11	2896
mods/heroes.stormmod/base.stormassets/assets/textures/storm_photonenergyanim1.dds	306c39269afc01bd2fd44f3c0e773e94	1398256
mods/heroes.stormmod/base.stormassets/assets/textures/storm_photonenergyanim1.lvl0	39897d15302ee06ba5b7c3395896937c	5616
mods/heroes.stormmod/base.stormassets/assets/textures/storm_photonswirls1b_red.dds	413aab671c0f8a27d14c47ad8919b78c	174928
mods/heroes.stormmod/base.stormassets/assets/textures/storm_photonswirls1b_red.lvl0	5609968e380503f0a9dff2b0b0944fd5	2896
mods/heroes.stormmod/base.stormassets/assets/textures/storm_photonwisps_anim1_green.dds	57aecdd46da82449a7c424b648c9e176	699216
mods/heroes.stormmod/base.stormassets/assets/textures/storm_photonwisps_anim1_green.lvl0	958285afc9107cd505db43eacb8ef002	2896
