mods/heroes.stormmod/base.stormassets/assets/textures/planetcracker-ubersplat2_normal.dds	61adbcf285f09d0acf078c1ad1cfdf88	87540
mods/heroes.stormmod/base.stormassets/assets/textures/planetcracker-ubersplat2_normal.lvl0	da75671aef00215508713006a99ba1bb	5616
mods/heroes.stormmod/base.stormassets/assets/textures/planetcracker-ubersplat3.dds	0d8b720141fd2a4bdfb94fe8bba62dc4	87536
mods/heroes.stormmod/base.stormassets/assets/textures/planetcracker-ubersplat3.lvl0	4bbf70556e13e602c26b0dfcbd0e3f68	5616
mods/heroes.stormmod/base.stormassets/assets/textures/planetview_charclouddiffuse2_light.dds	1861b03192b97c8b3d7dc96065b75ffe	699216
mods/heroes.stormmod/base.stormassets/assets/textures/planetview_charclouddiffuse2_light.lvl0	40eeaa1a0b47dc366c4f2f8bf4c1afb5	2896
mods/heroes.stormmod/base.stormassets/assets/textures/plasma2_green.dds	b40931c9008bfcc843e667a7bc713a0a	43832
mods/heroes.stormmod/base.stormassets/assets/textures/plasma2_green.lvl0	ad3100eefe304d8b0ed6784be929ef86	2872
mods/heroes.stormmod/base.stormassets/assets/textures/plasma_bolt1_blue.dds	30f774df41bfc67ffb9187e6a098c5af	43856
mods/heroes.stormmod/base.stormassets/assets/textures/plasma_bolt1_blue.lvl0	fa3d6d33594beb8f7075c0a516ba7e69	2896
mods/heroes.stormmod/base.stormassets/assets/textures/plasma_bolt1_cyan.dds	85f3517fa7e2c025c279a051f7a03d33	43856
mods/heroes.stormmod/base.stormassets/assets/textures/plasma_bolt1_cyan.lvl0	970acfe2206a3d99aaae3dd018a2b0ee	2896
mods/heroes.stormmod/base.stormassets/assets/textures/plasma_bolt1_green.dds	308e7d2530156349fc5b751532e9b9ba	43856
mods/heroes.stormmod/base.stormassets/assets/textures/plasma_bolt1_green.lvl0	4ab6ac24120cc2d89248b9b90d87260f	2896
mods/heroes.stormmod/base.stormassets/assets/textures/plasma_bolt1_purple.dds	0b1f73dc0cde3d65565ee1d8eb92f945	43856
mods/heroes.stormmod/base.stormassets/assets/textures/plasma_bolt1_purple.lvl0	8a3fdee755bcda94e55ea0cb78178b2c	2896
mods/heroes.stormmod/base.stormassets/assets/textures/plasma_bolt1_red.dds	b7b5ba5191da2b24a6d6afac6758c526	43856
mods/heroes.stormmod/base.stormassets/assets/textures/plasma_bolt1_red.lvl0	b7d65ecbfae2dd5beb8bbe00c4c4322f	2896
mods/heroes.stormmod/base.stormassets/assets/textures/plasma_bolt1_red2.dds	cd7c96c9d51d65f3deecef9a59c5f084	43856
mods/heroes.stormmod/base.stormassets/assets/textures/plasma_bolt1_red2.lvl0	2a180749d2c04748b48bded7f0c261ed	2896
mods/heroes.stormmod/base.stormassets/assets/textures/plasma_bolt1_yellow.dds	cf4894b2d9a3c98fab00615133c37a76	43856
mods/heroes.stormmod/base.stormassets/assets/textures/plasma_bolt1_yellow.lvl0	209647ebc962d297166ebfa70b21c446	2896
mods/heroes.stormmod/base.stormassets/assets/textures/plasma_bolt1_yellowgreen.dds	7fa35706219a21e61a8fb16fc3743194	5608
mods/heroes.stormmod/base.stormassets/assets/textures/plasma_bolt1_yellowgreen.lvl0	bd68ddd83f3e3a9178ad6cc9f96beeee	1512
mods/heroes.stormmod/base.stormassets/assets/textures/plasmaanimx1_blue_512.dds	43aa71cb8a44ca5d7300bbe3ca7dbac0	87528
mods/heroes.stormmod/base.stormassets/assets/textures/plasmaanimx1_blue_512.lvl0	339d42cdf50f91ea1feaaeb24e3ea2f8	1512
mods/heroes.stormmod/base.stormassets/assets/textures/plasmaanimx1_blue_blend.dds	3e3263dfb5616d39f65532bc0985caaf	699216
mods/heroes.stormmod/base.stormassets/assets/textures/plasmaanimx1_blue_blend.lvl0	e5af686f47898757d6f3c8f0abace690	2896
mods/heroes.stormmod/base.stormassets/assets/textures/plasmaanimx1_blue_blur.dds	dd4d535afb7a86960cd231fbae3a119b	349672
mods/heroes.stormmod/base.stormassets/assets/textures/plasmaanimx1_blue_blur.lvl0	8dd4947bbb7984de85efc4f054d0c288	1512
mods/heroes.stormmod/base.stormassets/assets/textures/plasmaburn2_orange.dds	e24f5efe02646c8f5f8f76ffe44a0b29	349672
mods/heroes.stormmod/base.stormassets/assets/textures/plasmaburn2_orange.lvl0	974bee2e8ae9351ba0e56e67364f28d5	1512
mods/heroes.stormmod/base.stormassets/assets/textures/plasmaburn_blue_orange1.dds	d4380662dc50c289394e2e7df1000b15	1398256
mods/heroes.stormmod/base.stormassets/assets/textures/plasmaburn_blue_orange1.lvl0	52837fa67d99d32a64b96af14130be43	5616
mods/heroes.stormmod/base.stormassets/assets/textures/plasmaburn_blue_orange1_blend.dds	504daffc62db6e5ab62d4391fe649c85	1398256
mods/heroes.stormmod/base.stormassets/assets/textures/plasmaburn_blue_orange1_blend.lvl0	4a747b24a67d35be3b6081a023a8f2db	5616
mods/heroes.stormmod/base.stormassets/assets/textures/plasmaburn_green_purple1.dds	e70c0845d517a6157925537ae5934709	1398256
mods/heroes.stormmod/base.stormassets/assets/textures/plasmaburn_green_purple1.lvl0	63600301ae2725d96fd1b4959d368f92	5616
mods/heroes.stormmod/base.stormassets/assets/textures/plasmaburn_orange.dds	1d1cef085c51e267ed8f2522f161ebc9	1398256
mods/heroes.stormmod/base.stormassets/assets/textures/plasmaburn_orange.lvl0	7beab6915dc2bee0a280e91ce9d3613b	5616
mods/heroes.stormmod/base.stormassets/assets/textures/plasmafield1.dds	82a64fbbf56562038a91534c1570deef	43832
mods/heroes.stormmod/base.stormassets/assets/textures/plasmafield1.lvl0	bc8b0a022786b754a00898869fb30025	2872
mods/heroes.stormmod/base.stormassets/assets/textures/plasmafield1_blue.dds	ac0e5c903dc478450d1c681817d8f064	11064
mods/heroes.stormmod/base.stormassets/assets/textures/plasmafield1_blue.lvl0	45e2dee1af36d6f1fa58305f7d07f6e6	2872
mods/heroes.stormmod/base.stormassets/assets/textures/plasmafield1_orange.dds	b1b89b17ddc32bf97faf4f5bf17815ba	87536
mods/heroes.stormmod/base.stormassets/assets/textures/plasmafield1_orange.lvl0	3ae2c3ecb884ec0d5e5a4a6acb28652f	1520
mods/heroes.stormmod/base.stormassets/assets/textures/plasmafield1_purple.dds	a01efcb57acdfc2e87554749784c1ef0	87536
mods/heroes.stormmod/base.stormassets/assets/textures/plasmafield1_purple.lvl0	fe4e208900445a0cb8a42893b2edad4b	5616
mods/heroes.stormmod/base.stormassets/assets/textures/plasmafield1_red.dds	84e55f16e6fb09477e93e723f755feaf	11064
mods/heroes.stormmod/base.stormassets/assets/textures/plasmafield1_red.lvl0	4bba4b5a75a2db959f5e28f44531b5f8	312
mods/heroes.stormmod/base.stormassets/assets/textures/plasmafield1_teal.dds	e91581602d89ba882c292338fe6a532f	43832
mods/heroes.stormmod/base.stormassets/assets/textures/plasmafield1_teal.lvl0	92b166a3d70f52b56c651926f2899ada	824
mods/heroes.stormmod/base.stormassets/assets/textures/plasmafield1_white.dds	a645df58915c9be2e71328cb7c5630a1	87536
mods/heroes.stormmod/base.stormassets/assets/textures/plasmafield1_white.lvl0	ef9871e75623b2300ca61d15664e5e8b	5616
mods/heroes.stormmod/base.stormassets/assets/textures/plasmafield1_yellow.dds	322c013c4e898c56f1e49a873f8eb7af	43832
mods/heroes.stormmod/base.stormassets/assets/textures/plasmafield1_yellow.lvl0	f41463be6711dbb995e8a3b5ef94613d	2872
mods/heroes.stormmod/base.stormassets/assets/textures/plasmafield2.dds	3b919cf031e8101c7a839cadb613b920	87536
mods/heroes.stormmod/base.stormassets/assets/textures/plasmafield2.lvl0	3f20d8128bb19ae3fa43c38cc36704cb	5616
mods/heroes.stormmod/base.stormassets/assets/textures/plasmafield2green.dds	610c421ef79b0e8abf6f85acde6a1886	43832
mods/heroes.stormmod/base.stormassets/assets/textures/plasmafield2green.lvl0	8336765e38a2431074fca3139d022113	2872
mods/heroes.stormmod/base.stormassets/assets/textures/plasmafield2green_swarm.dds	d64f27e533e49b457f0a750c47908d62	43832
mods/heroes.stormmod/base.stormassets/assets/textures/plasmafield2green_swarm.lvl0	d8892d9d4763400f91b1bf3bab72eedb	2872
mods/heroes.stormmod/base.stormassets/assets/textures/plasmafield2greenyellow.dds	25c6e3a41b5c8571bc240d77d7b681f5	43832
mods/heroes.stormmod/base.stormassets/assets/textures/plasmafield2greenyellow.lvl0	40acc0b179d854e1ce54345824b8d275	2872
mods/heroes.stormmod/base.stormassets/assets/textures/plasmafield2teamcolor.dds	c2927828848c4370f2e95a6722ae6d47	87536
mods/heroes.stormmod/base.stormassets/assets/textures/plasmafield2teamcolor.lvl0	c5a3d874b0e8ee8f27d40e1591235069	5616
mods/heroes.stormmod/base.stormassets/assets/textures/plasmaflare2.dds	63cf6c988b216835316625f39dbc08e6	87536
mods/heroes.stormmod/base.stormassets/assets/textures/plasmaflare2.lvl0	a5a0ddae45ba6c244e16152e4958af28	5616
mods/heroes.stormmod/base.stormassets/assets/textures/plasmalines1.dds	174e2c6a487a97de3de2bcba9f97abb2	43832
mods/heroes.stormmod/base.stormassets/assets/textures/plasmalines1.lvl0	a5dc82a6d8a822ee6d469e26ddade370	2872
mods/heroes.stormmod/base.stormassets/assets/textures/plasmaring1.dds	5a15e17a6bbeec379094e73960978ad9	43832
mods/heroes.stormmod/base.stormassets/assets/textures/plasmaring1.lvl0	f239ce73351635561e7239dc5859f8a2	2872
mods/heroes.stormmod/base.stormassets/assets/textures/plasmaring_purple.dds	dbdb941c0294e2190689e045c05f3e5f	43832
mods/heroes.stormmod/base.stormassets/assets/textures/plasmaring_purple.lvl0	1d549ccee25367da6b3d5a252e8a9942	2872
mods/heroes.stormmod/base.stormassets/assets/textures/storm_plants_clover_green_diff.dds	64f57d2729086a2504bf3dec6383995f	349680
mods/heroes.stormmod/base.stormassets/assets/textures/storm_plants_clover_green_diff.lvl0	599ea124b2c4b653eba423fa6266f406	5616
mods/heroes.stormmod/base.stormassets/assets/textures/storm_plants_clover_green_n.dds	7b1c236b152889e9be311af69ebb25df	174904
mods/heroes.stormmod/base.stormassets/assets/textures/storm_plants_clover_green_n.lvl0	4468052632fc6e5147faf458663dfbc1	2872
mods/heroes.stormmod/base.stormassets/assets/textures/storm_plants_clover_green_norm.dds	9d430f3ec2542649c3782a6a5ad06c00	349684
mods/heroes.stormmod/base.stormassets/assets/textures/storm_plants_clover_green_norm.lvl0	996e4a3294faac64746a9b67946ed6aa	5616
mods/heroes.stormmod/base.stormassets/assets/textures/storm_plants_flower_green_diff.dds	6653fe545bbc6a0a66ec686c0e4e1336	349680
mods/heroes.stormmod/base.stormassets/assets/textures/storm_plants_flower_green_diff.lvl0	ca4a7a3941d9225fa4786ccaa3fff3a3	5616
mods/heroes.stormmod/base.stormassets/assets/textures/storm_plants_flower_green_n.dds	9cb2e65bce3aba0af17d54c6e2e7a4f3	174904
mods/heroes.stormmod/base.stormassets/assets/textures/storm_plants_flower_green_n.lvl0	7c9c9fe1eaf971688f84f6d657f82588	2872
mods/heroes.stormmod/base.stormassets/assets/textures/storm_plants_flower_green_norm.dds	6d132c8e24ac93fbbd7d63a32e501090	349684
mods/heroes.stormmod/base.stormassets/assets/textures/storm_plants_flower_green_norm.lvl0	c2afd1481abe80a65ca368c417d7267a	5616
mods/heroes.stormmod/base.stormassets/assets/textures/storm_plantsplat_1.dds	9f59b158bc28940386cbbd27f3e04d59	87536
mods/heroes.stormmod/base.stormassets/assets/textures/storm_plantsplat_1.lvl0	92e44ba2b3adc73926d2d0d390cfe973	5616
mods/heroes.stormmod/base.stormassets/assets/textures/storm_plantsplat_2.dds	34eec34010604ca63d9b70ea4d7d1b71	87536
mods/heroes.stormmod/base.stormassets/assets/textures/storm_plantsplat_2.lvl0	a4a0a832845fa9abdb640dbb2109f1bf	5616
mods/heroes.stormmod/base.stormassets/assets/textures/storm_plantsplat_3.dds	91d645a162002bf70c48c07797233501	87536
mods/heroes.stormmod/base.stormassets/assets/textures/storm_plantsplat_3.lvl0	20824eb7a85858f4597aeab32f3723aa	5616
mods/heroes.stormmod/base.stormassets/assets/textures/storm_plasmafield1.dds	a7778a7ef6eed73a5f23ede5c9b20ef1	43832
mods/heroes.stormmod/base.stormassets/assets/textures/storm_plasmafield1.lvl0	da64d16eef85b88a321387bfee8ac49c	2872
mods/heroes.stormmod/base.stormassets/assets/textures/storm_plasmafield1_purple.dds	a01efcb57acdfc2e87554749784c1ef0	87536
mods/heroes.stormmod/base.stormassets/assets/textures/storm_plasmafield1_purple.lvl0	fe4e208900445a0cb8a42893b2edad4b	5616
mods/heroes.stormmod/base.stormassets/assets/textures/storm_plasmafield1_red.dds	65f878f92d77b1b6f65cb03807adf968	87536
mods/heroes.stormmod/base.stormassets/assets/textures/storm_plasmafield1_red.lvl0	30f912d1a549c464c3c519bb8432d49d	5616
mods/heroes.stormmod/base.stormassets/assets/textures/storm_plasmafield1_yellow.dds	209c0cefadf08994fd4182999144157d	11064
mods/heroes.stormmod/base.stormassets/assets/textures/storm_plasmafield1_yellow.lvl0	931a024bb4a1eb8553419b6c2a0901a0	312
mods/heroes.stormmod/base.stormassets/assets/textures/storm_plasmafield2.dds	3b919cf031e8101c7a839cadb613b920	87536
mods/heroes.stormmod/base.stormassets/assets/textures/storm_plasmafield2.lvl0	3f20d8128bb19ae3fa43c38cc36704cb	5616
mods/heroes.stormmod/base.stormassets/assets/textures/storm_plasmafield2green.dds	d64f27e533e49b457f0a750c47908d62	43832
mods/heroes.stormmod/base.stormassets/assets/textures/storm_plasmafield2green.lvl0	48326c73eeb92a5b3d1c587679073d4f	824
mods/heroes.stormmod/base.stormassets/assets/textures/storm_plasmafield2red.dds	57a90b5b45b64d5bebf9ee3d440f11a4	87536
mods/heroes.stormmod/base.stormassets/assets/textures/storm_plasmafield2red.lvl0	71f68416552dc224aacab0ef0419e3f3	5616
mods/heroes.stormmod/base.stormassets/assets/textures/storm_plasmafield_pink.dds	686b12d4af1baf330eac419dc4bb4137	87536
mods/heroes.stormmod/base.stormassets/assets/textures/storm_plasmafield_pink.lvl0	3295d2fc7fa01535d1075d2819389a76	496
mods/heroes.stormmod/base.stormassets/assets/textures/storm_plasmafield_soft01.dds	8915d0a3a670e3aa0b68b4c0c847031d	22000
mods/heroes.stormmod/base.stormassets/assets/textures/storm_plasmafield_soft01.lvl0	109d56d0118a80c261c350e85c555345	1520
mods/heroes.stormmod/base.stormassets/assets/textures/storm_plasmafield_stylized.dds	b80e1066fea0b4c52a4e716d62d486a5	349680
mods/heroes.stormmod/base.stormassets/assets/textures/storm_plasmafield_stylized.lvl0	0393942143cc675951d3b40b2261960a	5616
mods/heroes.stormmod/base.stormassets/assets/textures/storm_plasmafield_stylized_bright.dds	0b95251c12cc884fe7d06b955658ac7f	349680
mods/heroes.stormmod/base.stormassets/assets/textures/storm_plasmafield_stylized_bright.lvl0	6eb9a8c164d07032e0cc736fca87f09e	5616
mods/heroes.stormmod/base.stormassets/assets/textures/storm_plasmaorange01.dds	5e6faac4cfbee954e15a53932219c53c	87536
mods/heroes.stormmod/base.stormassets/assets/textures/storm_plasmaorange01.lvl0	55a2d21c64442e0279aae255b8d12cda	5616
mods/heroes.stormmod/base.stormassets/assets/textures/storm_plussigna.dds	fdebfbae63f3b1171fd3c4b04303dcbf	22000
mods/heroes.stormmod/base.stormassets/assets/textures/storm_plussigna.lvl0	7624b5e8fc84a1e252fa221aa3978e6c	5616
mods/heroes.stormmod/base.stormassets/assets/textures/storm_plussignb.dds	14c5de91f9b16636e674541c3eedb284	22000
mods/heroes.stormmod/base.stormassets/assets/textures/storm_plussignb.lvl0	edae90c9231740bcf7138c359e7f647c	5616
