mods/heroes.stormmod/base.stormassets/assets/textures/primal_shackles_countess_diff.dds	fff52a234d1013d307cf29d35181f67e	174928
mods/heroes.stormmod/base.stormassets/assets/textures/primal_shackles_countess_diff.lvl0	2d52d6ccc9f147582b1dce3ea918ce62	2896
mods/heroes.stormmod/base.stormassets/assets/textures/primal_shackles_countess_emis.dds	7cd4ced735f7012fa9c8d3edf4077331	174928
mods/heroes.stormmod/base.stormassets/assets/textures/primal_shackles_countess_emis.lvl0	5ff7fdc19d527d2a7c5a898c63189832	2896
mods/heroes.stormmod/base.stormassets/assets/textures/primal_shackles_countess_norm.dds	71b0fd60a3fdb40d1333dfb5a706129b	174932
mods/heroes.stormmod/base.stormassets/assets/textures/primal_shackles_countess_norm.lvl0	0377f9dc8cc75fad497d6372eebfb125	2896
mods/heroes.stormmod/base.stormassets/assets/textures/primal_shackles_countess_spec.dds	082f036ff66f43ef1b8169c1b256d7f5	174928
mods/heroes.stormmod/base.stormassets/assets/textures/primal_shackles_countess_spec.lvl0	b41224373c2c5b521b05d22b07be898a	2896
mods/heroes.stormmod/base.stormassets/assets/textures/prism_alpha2.dds	22d771ca7c0dc4ef2b81991ed5f7fbad	1398256
mods/heroes.stormmod/base.stormassets/assets/textures/prism_alpha2.lvl0	fc246c6dd3ebf8b49fa56ee4ad251c41	5616
mods/heroes.stormmod/base.stormassets/assets/textures/prism_alpha3.dds	e269fe4e2e18d6e114d980bed106757f	1398256
mods/heroes.stormmod/base.stormassets/assets/textures/prism_alpha3.lvl0	4cd44eef4d14752aeb85c4d3f9783880	5616
mods/heroes.stormmod/base.stormassets/assets/textures/prism_displacement1.dds	d1e7925945ece17fc6c2516887a079e9	1398260
mods/heroes.stormmod/base.stormassets/assets/textures/prism_displacement1.lvl0	c70986180ca13f5a3e93d3b6f78f490c	5616
mods/heroes.stormmod/base.stormassets/assets/textures/prism_displacement2.dds	a08f99ef88294bd57dc600d9c2fb11f2	1398260
mods/heroes.stormmod/base.stormassets/assets/textures/prism_displacement2.lvl0	c4aba3482e4ed93b460e2921deaf50aa	5616
mods/heroes.stormmod/base.stormassets/assets/textures/profile_portrait_border.dds	0c08a2bc2aebb17f5053e90ae8e25e64	62128
mods/heroes.stormmod/base.stormassets/assets/textures/protoss-border-button-game.dds	e14000e224036d6ff21aebec29070cdc	262272
mods/heroes.stormmod/base.stormassets/assets/textures/protoss-border-tech.dds	103809adfd2a9033c683fca05a7dff13	524416
mods/heroes.stormmod/base.stormassets/assets/textures/protoss-highlight-focus-tech.dds	12268dffeb3196419e2c05e5a8c8be71	131200
mods/heroes.stormmod/base.stormassets/assets/textures/protoss-highlight-hover-tech.dds	d68b368da60a08150b9df8e8a373406b	32896
mods/heroes.stormmod/base.stormassets/assets/textures/protoss_cursor3c.dds	e08aa2cd53353a0869dcfdb5c41381e2	349680
mods/heroes.stormmod/base.stormassets/assets/textures/protoss_cursor3c.lvl0	4a09c5ff86d13e7fa51cb9ec1325a4a6	5616
mods/heroes.stormmod/base.stormassets/assets/textures/protoss_symbol_01.dds	e26351259087fd392955f7306421eafc	87536
mods/heroes.stormmod/base.stormassets/assets/textures/protoss_symbol_01.lvl0	509ecd5e7899b51ea6c5bed89e95e071	5616
mods/heroes.stormmod/base.stormassets/assets/textures/protoss_tech_r2.dds	5a706769937308c331b178909d1fb89d	349680
mods/heroes.stormmod/base.stormassets/assets/textures/protoss_tech_r2.lvl0	7582025acdc04ccdfd538d6a4cf9017f	1520
mods/heroes.stormmod/base.stormassets/assets/textures/protossautocast8x4.dds	dde432f8ade0f558b18c1701b40650be	2097280
mods/heroes.stormmod/base.stormassets/assets/textures/protossblankportrait_static.dds	78f845103440122317ce7d6c7298f985	32896
mods/heroes.stormmod/base.stormassets/assets/textures/protossdebrissculpted_diffuse.dds	1de86b50a95da7592fe006ef884b7a63	349680
mods/heroes.stormmod/base.stormassets/assets/textures/protossdebrissculpted_diffuse.lvl0	e9a8391153ca69948131a28a1a70ccdb	5616
mods/heroes.stormmod/base.stormassets/assets/textures/protossdebrissculpted_purifier_diffuse.dds	3a03f466be3b67fe639552007f77d74f	349680
mods/heroes.stormmod/base.stormassets/assets/textures/protossdebrissculpted_purifier_diffuse.lvl0	61d6f2764bd5c7c3a8c5048bd53f4f6b	1520
mods/heroes.stormmod/base.stormassets/assets/textures/protossping2.dds	e3d5ec1415d9ee27016a8a9ca7943f11	87536
mods/heroes.stormmod/base.stormassets/assets/textures/protossping2.lvl0	89ab17e92b68a7a2ef42c489b350f299	5616
mods/heroes.stormmod/base.stormassets/assets/textures/protosstilingtech_blue.dds	a809eee93eef9694cc2c6fc8728f2c43	349680
mods/heroes.stormmod/base.stormassets/assets/textures/protosstilingtech_blue.lvl0	2bf34a28d81228e9bbeec7f470da4985	5616
mods/heroes.stormmod/base.stormassets/assets/textures/protosstilingtech_purple.dds	14afe64019807e9ec4f449d17a47b3b8	349680
mods/heroes.stormmod/base.stormassets/assets/textures/protosstilingtech_purple.lvl0	895a984c7d7d3d5334f58a43a931ee63	1520
mods/heroes.stormmod/base.stormassets/assets/textures/protosstilingtech_red2.dds	5d5f8c6a0fc526defd137092f0e83945	349680
mods/heroes.stormmod/base.stormassets/assets/textures/protosstilingtech_red2.lvl0	e5c711dbf4b3bf8cafeccc9a39d661d3	5616
mods/heroes.stormmod/base.stormassets/assets/textures/storm_primalgrasp01.dds	21643092652fe640e4398dfc718c2e82	43832
mods/heroes.stormmod/base.stormassets/assets/textures/storm_primalgrasp01.lvl0	e69b5c769254b7479a4c83dc907036ef	2872
mods/heroes.stormmod/base.stormassets/assets/textures/storm_primalgraspclaw_diff.dds	5e7a8241608ebd42bda94ae141a2539d	1398256
mods/heroes.stormmod/base.stormassets/assets/textures/storm_primalgraspclaw_diff.lvl0	c5abaa7cfa5a5b326281a1752cddc952	5616
mods/heroes.stormmod/base.stormassets/assets/textures/storm_primalgraspclaw_norm.dds	50390eda1674c74096547b2a0dc7cc5f	1398260
mods/heroes.stormmod/base.stormassets/assets/textures/storm_primalgraspclaw_norm.lvl0	4eebfd8e9daf1cdfe0fe0f583189b1e5	5616
mods/heroes.stormmod/base.stormassets/assets/textures/storm_primalgraspclaw_spec.dds	fb19864d948fef12cb4823659c780d88	699192
mods/heroes.stormmod/base.stormassets/assets/textures/storm_primalgraspclaw_spec.lvl0	af6dcbc6b3007cf6c9d1278a21bea6cd	2872
mods/heroes.stormmod/base.stormassets/assets/textures/storm_projection1.dds	04eb4656780d9db999f74b55eefb6e3e	1398256
mods/heroes.stormmod/base.stormassets/assets/textures/storm_projection1.lvl0	137c2c8d2f8a6af71838bc73fd364043	5616
mods/heroes.stormmod/base.stormassets/assets/textures/storm_projection1a.dds	2c1bdc0bac05d02da276abee513231e9	1398256
mods/heroes.stormmod/base.stormassets/assets/textures/storm_projection1a.lvl0	1a6ddf9543afce3ede5071084178fcce	5616
mods/heroes.stormmod/base.stormassets/assets/textures/storm_protoss02.dds	ad65b7b50b04555ddee055f31a5f3d23	349680
mods/heroes.stormmod/base.stormassets/assets/textures/storm_protoss02.lvl0	18863de18417dd7d5ddde4b763e4a030	5616
mods/heroes.stormmod/base.stormassets/assets/textures/storm_protosstechdiamonds_emiss.dds	5aa73b9d37920361e89e42738027233b	349680
mods/heroes.stormmod/base.stormassets/assets/textures/storm_protosstechdiamonds_emiss.lvl0	48ff9ef2c51f567dd825fa5a11e10d66	5616
mods/heroes.stormmod/base.stormassets/assets/textures/storm_protosstechdiamonds_norm.dds	ab7edf2900ec21f8798102dad664f75b	349684
mods/heroes.stormmod/base.stormassets/assets/textures/storm_protosstechdiamonds_norm.lvl0	edd2ae69f60fe39bb93abcbdc65cc48e	5616
mods/heroes.stormmod/base.stormassets/assets/textures/storm_protosstechlines_sculpted_diffuse_blue.dds	939851007ffe71cc4fed5057b1696e8f	349680
mods/heroes.stormmod/base.stormassets/assets/textures/storm_protosstechlines_sculpted_diffuse_blue.lvl0	6feab13ca187821ed28967cd81744e4e	5616
mods/heroes.stormmod/base.stormassets/assets/textures/storm_protosstechlines_sculpted_diffuse_norm.dds	207d5fe6c2dfaa45acd212aecff2c67b	349684
mods/heroes.stormmod/base.stormassets/assets/textures/storm_protosstechlines_sculpted_diffuse_norm.lvl0	6dbfb05f5b40be81c27bf5c3fb4e2119	5616
mods/heroes.stormmod/base.stormassets/assets/textures/storm_protosstechlines_sculpted_diffuse_red.dds	1cb4331b8af37a4230c695e04d1d63ee	349680
mods/heroes.stormmod/base.stormassets/assets/textures/storm_protosstechlines_sculpted_diffuse_red.lvl0	469d300763115df94dd4c869d7c6243d	5616
mods/heroes.stormmod/base.stormassets/assets/textures/storm_protosstechpatternsculptedtiling_emiss.dds	2d40a69d136639295bfbb1837d17b167	349680
mods/heroes.stormmod/base.stormassets/assets/textures/storm_protosstechpatternsculptedtiling_emiss.lvl0	186cbd443a5b7f70e0723caa7ca1f39e	5616
mods/heroes.stormmod/base.stormassets/assets/textures/storm_protosstechpatternsculptedtiling_norm.dds	f899261ec563c5211fbfb5f40fa8df1a	349684
mods/heroes.stormmod/base.stormassets/assets/textures/storm_protosstechpatternsculptedtiling_norm.lvl0	5f5f87c49824e07132cdf220bd04a5ce	5616
mods/heroes.stormmod/base.stormassets/assets/textures/storm_protosstechshapes_sculpted_diffuse_blue.dds	e5968e093efe0044c666abd09e6d699e	349680
mods/heroes.stormmod/base.stormassets/assets/textures/storm_protosstechshapes_sculpted_diffuse_blue.lvl0	450d2ef49fd15ad370d3ebb93aec0873	5616
mods/heroes.stormmod/base.stormassets/assets/textures/storm_protosstechshapes_sculpted_diffuse_orange.dds	4d1e9fdd6dac87c23d01479e08abeec0	349680
mods/heroes.stormmod/base.stormassets/assets/textures/storm_protosstechshapes_sculpted_diffuse_orange.lvl0	cd3a055ef727059694dda3d022c2057a	5616
mods/heroes.stormmod/base.stormassets/assets/textures/storm_protosstechshapes_sculpted_diffuse_purple.dds	cf0541481a38a85d13ebf71d021844c3	349680
mods/heroes.stormmod/base.stormassets/assets/textures/storm_protosstechshapes_sculpted_diffuse_purple.lvl0	352bb685f800df4731e5939354f72509	5616
mods/heroes.stormmod/base.stormassets/assets/textures/storm_protosstechshapes_sculpted_normal.dds	f1e50744b031433d107f444e35f8c6a5	349684
mods/heroes.stormmod/base.stormassets/assets/textures/storm_protosstechshapes_sculpted_normal.lvl0	e9b010e587cd410504119cf0fa4e764e	5616
mods/heroes.stormmod/base.stormassets/assets/textures/storm_protosstechtriangles_emis.dds	7ff106a85d102dc09e19c7f0bda0f362	349680
mods/heroes.stormmod/base.stormassets/assets/textures/storm_protosstechtriangles_emis.lvl0	3ed28d9f339eb4ab5a666ce5f261a1f6	5616
mods/heroes.stormmod/base.stormassets/assets/textures/storm_protosstechtriangles_emis_red.dds	ee18da49dd5c4e460645b6bd0e495474	349680
mods/heroes.stormmod/base.stormassets/assets/textures/storm_protosstechtriangles_emis_red.lvl0	f5befe75a41819bdfe267eca3d2a4b03	5616
mods/heroes.stormmod/base.stormassets/assets/textures/storm_protosstechtriangles_norm.dds	f99db16cfb8f5a589e4bf7e4ac178f24	349684
mods/heroes.stormmod/base.stormassets/assets/textures/storm_protosstechtriangles_norm.lvl0	50f91a7c2855a2c07660af6889ce6639	5616
