mods/heroes.stormmod/base.stormassets/assets/textures/sm_eyespechighlight_cubic.dds	e0cdb51900c01b69d889d69cc173a103	65744
mods/heroes.stormmod/base.stormassets/assets/textures/sm_eyespechighlight_cubic.lvl0	896ae904e25d1cae1258d7610e0adfe8	16592
mods/heroes.stormmod/base.stormassets/assets/textures/smoke1.dds	e15b9f1c8f45e7ea2a707644609ab864	87536
mods/heroes.stormmod/base.stormassets/assets/textures/smoke1.lvl0	74aa24dcaebf73e93bfe7afba88c3f9e	5616
mods/heroes.stormmod/base.stormassets/assets/textures/smoke1_blend.dds	09a97a553580b5bbfb714c2c731d156e	87536
mods/heroes.stormmod/base.stormassets/assets/textures/smoke1_blend.lvl0	22b1fbe4df1458535c7c16e34782e3dc	5616
mods/heroes.stormmod/base.stormassets/assets/textures/smoke1a.dds	7b02a6525eaea14b2b18e9192943c1f5	87536
mods/heroes.stormmod/base.stormassets/assets/textures/smoke1a.lvl0	bf5c833fb2479ab43383ec2569f4a523	5616
mods/heroes.stormmod/base.stormassets/assets/textures/smoke2.dds	2c7bb93d31c1f94d08ec4f8415791acc	87536
mods/heroes.stormmod/base.stormassets/assets/textures/smoke2.lvl0	cb27dea5d70f133bb9488014cf76dc1e	5616
mods/heroes.stormmod/base.stormassets/assets/textures/smoke4.dds	2490e0e08713ccf437c23beb9042cafd	87536
mods/heroes.stormmod/base.stormassets/assets/textures/smoke4.lvl0	5e5994ca39787f23ab6a8ec1e126b513	5616
mods/heroes.stormmod/base.stormassets/assets/textures/smoke_deathragdoll_alpha.dds	60a83c2b6fc51312c3609eaadf420262	87528
mods/heroes.stormmod/base.stormassets/assets/textures/smoke_deathragdoll_alpha.lvl0	2161c88781bedeb2014cb76eb04a4333	1512
mods/heroes.stormmod/base.stormassets/assets/textures/smoke_fire_grey.dds	637df55e57afe5fc841192b468c177af	349680
mods/heroes.stormmod/base.stormassets/assets/textures/smoke_fire_grey.lvl0	d07a84d7bbbe432b21898cc15bd2a663	5616
mods/heroes.stormmod/base.stormassets/assets/textures/smoke_launch1.dds	aeda4fe4e1e50f7b52e84fa4e8d6245a	349680
mods/heroes.stormmod/base.stormassets/assets/textures/smoke_launch1.lvl0	ce3296055e0ceeba18ccad0ea318c1a2	5616
mods/heroes.stormmod/base.stormassets/assets/textures/smoke_puffy_mask1.dds	cfe2c9adea5a489a389547759ec91080	87536
mods/heroes.stormmod/base.stormassets/assets/textures/smoke_puffy_mask1.lvl0	df1d6f2f84fc75c87f092262be9869b2	5616
mods/heroes.stormmod/base.stormassets/assets/textures/smoke_tendril1.dds	89e66efabbeb3a8ca0bfcfa641be6959	5608
mods/heroes.stormmod/base.stormassets/assets/textures/smoke_tendril1.lvl0	df934ae5a769a7428535e88becda40fc	1512
mods/heroes.stormmod/base.stormassets/assets/textures/smoke_tendril1_256.dds	7af3624ace5f396f139a952a20b23ddf	43856
mods/heroes.stormmod/base.stormassets/assets/textures/smoke_tendril1_256.lvl0	6ce5b828305c5347439ef9685001e284	2896
mods/heroes.stormmod/base.stormassets/assets/textures/smoke_tendril1_b.dds	0b3b4fa8b17e9521eea2ebe556f1acc8	5608
mods/heroes.stormmod/base.stormassets/assets/textures/smoke_tendril1_b.lvl0	17599f38b8feb8926ae553cdfd73d292	168
mods/heroes.stormmod/base.stormassets/assets/textures/smoke_tendril2.dds	5c3c92ca97f0d7e0ec7dc1cb35c89727	43856
mods/heroes.stormmod/base.stormassets/assets/textures/smoke_tendril2.lvl0	7216eb0492421f460093bfaa3e196f0d	2896
mods/heroes.stormmod/base.stormassets/assets/textures/smoke_wispy10.dds	a678f1359538c311f7e65ca4c5ee882d	87536
mods/heroes.stormmod/base.stormassets/assets/textures/smoke_wispy10.lvl0	325d7eaa07dab4ccce3b6fe1f0fd5f31	5616
mods/heroes.stormmod/base.stormassets/assets/textures/smoke_wispy11.dds	3e7b729cd6dfd108f70db2640603c952	87536
mods/heroes.stormmod/base.stormassets/assets/textures/smoke_wispy11.lvl0	c5e7bbfeba69fffdbd20d3355a952dbd	5616
mods/heroes.stormmod/base.stormassets/assets/textures/smoke_wispy11_bluepurple.dds	93567400a4887ecf35362d2d181d8285	87536
mods/heroes.stormmod/base.stormassets/assets/textures/smoke_wispy11_bluepurple.lvl0	e9a831ac7597c62559bf72d8582262a5	496
mods/heroes.stormmod/base.stormassets/assets/textures/smoke_wispy11_fel.dds	beff2b43b0ee98464bc4b36242dfab09	43832
mods/heroes.stormmod/base.stormassets/assets/textures/smoke_wispy11_fel.lvl0	5cb3496d8268c9b8ecbe738f939d8013	2872
mods/heroes.stormmod/base.stormassets/assets/textures/smoke_wispy11_fel_b.dds	26187dda41dda05f302eba26c42eb5c5	43832
mods/heroes.stormmod/base.stormassets/assets/textures/smoke_wispy11_fel_b.lvl0	957cc4f943c30a0ccd0222b7a763054f	2872
mods/heroes.stormmod/base.stormassets/assets/textures/smoke_wispy11_green.dds	d10d4430a718eb25a0819946c74d0251	87536
mods/heroes.stormmod/base.stormassets/assets/textures/smoke_wispy11_green.lvl0	5cb51396536c516cf0dc76f3f55fe9ba	5616
mods/heroes.stormmod/base.stormassets/assets/textures/smoke_wispy11_purple.dds	7d0ee93ea4289818c0a361aa7a5c0051	87536
mods/heroes.stormmod/base.stormassets/assets/textures/smoke_wispy11_purple.lvl0	a2618443f75337a7a1b4219ec644bf2f	5616
mods/heroes.stormmod/base.stormassets/assets/textures/smoke_wispy11_yellow.dds	b648bb2203cd720f9933904c75015669	87536
mods/heroes.stormmod/base.stormassets/assets/textures/smoke_wispy11_yellow.lvl0	c9d4579f19628711a43dc18c6a0ef42f	5616
mods/heroes.stormmod/base.stormassets/assets/textures/smoke_wispy11swirl.dds	e86b6497c1cf63eb5e963ad303ed2f67	87536
mods/heroes.stormmod/base.stormassets/assets/textures/smoke_wispy11swirl.lvl0	49bea3b850184e34548bfb276a0e2928	5616
mods/heroes.stormmod/base.stormassets/assets/textures/smoke_wispy9.dds	6f55d742bda06eab9197d8aa2ad70986	87536
mods/heroes.stormmod/base.stormassets/assets/textures/smoke_wispy9.lvl0	dfe1a3e78c00560057791176b42f0704	5616
mods/heroes.stormmod/base.stormassets/assets/textures/smoke_wispy9alpha.dds	b7c6b0803927e67d11a1165d2d5d010d	87536
mods/heroes.stormmod/base.stormassets/assets/textures/smoke_wispy9alpha.lvl0	e61400346c290715ca3f9cb713fcd718	5616
mods/heroes.stormmod/base.stormassets/assets/textures/smoke_wispy_2x2.dds	a772fb819fa747e6987ffb94285cc899	349680
mods/heroes.stormmod/base.stormassets/assets/textures/smoke_wispy_2x2.lvl0	87800b480909c76f68258103533d336f	5616
mods/heroes.stormmod/base.stormassets/assets/textures/smoke_wispyblue_b.dds	0a68f1063ac8e1835317595ab75965cf	87536
mods/heroes.stormmod/base.stormassets/assets/textures/smoke_wispyblue_b.lvl0	f06d3cac9a3d81334c8cca58595b476d	496
mods/heroes.stormmod/base.stormassets/assets/textures/smoke_wispyblurorange.dds	a08cbce1914b01ee44ef150f23a8b764	87536
mods/heroes.stormmod/base.stormassets/assets/textures/smoke_wispyblurorange.lvl0	8c4afd2d2283be96221de52f7104f098	496
mods/heroes.stormmod/base.stormassets/assets/textures/smoke_wispyblurred.dds	04aeca1592503f72ec2c2eb33b95f5da	87536
mods/heroes.stormmod/base.stormassets/assets/textures/smoke_wispyblurred.lvl0	4e90c70e3bb571d8c9af4a219b6756de	5616
mods/heroes.stormmod/base.stormassets/assets/textures/smoke_wispygreen.dds	52aa464598f7536f78403122000ee6db	87536
mods/heroes.stormmod/base.stormassets/assets/textures/smoke_wispygreen.lvl0	73789809a926970197660bac6157c406	5616
mods/heroes.stormmod/base.stormassets/assets/textures/smoke_wispyorange.dds	83fb26bb7dbda0b4be57f7a0166a0acf	87536
mods/heroes.stormmod/base.stormassets/assets/textures/smoke_wispyorange.lvl0	0daa85e67472980ed82377596018e0b9	5616
mods/heroes.stormmod/base.stormassets/assets/textures/smoke_wispyred.dds	cc5d167c47532c57bf69cd603ae02e80	87536
mods/heroes.stormmod/base.stormassets/assets/textures/smoke_wispyred.lvl0	44f471d984e3ce0efd2dc394f21fc238	5616
mods/heroes.stormmod/base.stormassets/assets/textures/smokecloud1.dds	743e3cb518d4bce294283d213c5a581e	349680
mods/heroes.stormmod/base.stormassets/assets/textures/smokecloud1.lvl0	cb8d94bc0771df789566dc67f2a4ac1c	5616
mods/heroes.stormmod/base.stormassets/assets/textures/smokelit.dds	a50d2f42eae605c378353aecc9cea197	22000
mods/heroes.stormmod/base.stormassets/assets/textures/smokelit.lvl0	bf6f92424393343d6e20c23c147af71c	5616
mods/heroes.stormmod/base.stormassets/assets/textures/smokelit2.dds	38d3b1407a519b93b0c04c708f9f522b	22000
mods/heroes.stormmod/base.stormassets/assets/textures/smokelit2.lvl0	ea86ae3ebee910e386e8b6eee2e88ef1	5616
mods/heroes.stormmod/base.stormassets/assets/textures/smokelit3.dds	a50d2f42eae605c378353aecc9cea197	22000
mods/heroes.stormmod/base.stormassets/assets/textures/smokelit3.lvl0	bf6f92424393343d6e20c23c147af71c	5616
mods/heroes.stormmod/base.stormassets/assets/textures/smokelit_normal.dds	49701d58489663b649ad176c90bffdb4	22004
mods/heroes.stormmod/base.stormassets/assets/textures/smokelit_normal.lvl0	fc8aa98c0a1521ddf2fe0907392bd846	5616
mods/heroes.stormmod/base.stormassets/assets/textures/smokelrg.dds	a94d3226f5461b2f26fd807eb76c541f	22000
mods/heroes.stormmod/base.stormassets/assets/textures/smokelrg.lvl0	9d9ab7775feefade6c348c80fc6bf2cc	5616
mods/heroes.stormmod/base.stormassets/assets/textures/smokerandom.dds	de6e8cb99c696693d6d604a3f876a84f	1398256
mods/heroes.stormmod/base.stormassets/assets/textures/smokerandom.lvl0	8df00f55eb3354e1be035c98425155fe	5616
mods/heroes.stormmod/base.stormassets/assets/textures/smokerandom2.dds	2c1cfc0db9f69a1a8698bba7486868f1	1398256
mods/heroes.stormmod/base.stormassets/assets/textures/smokerandom2.lvl0	cefc855837d75fa00553c68a13f64269	5616
mods/heroes.stormmod/base.stormassets/assets/textures/smokerandom_01tga.dds	c86265920ab1b087b2d2b5ff6552f9a2	174904
mods/heroes.stormmod/base.stormassets/assets/textures/smokerandom_01tga.lvl0	a0d29de6f3fa1745fbb6d6da0bac5cce	2872
mods/heroes.stormmod/base.stormassets/assets/textures/smokerandom_blurblue.dds	7033cad314776f20b47605aedc824a39	87536
mods/heroes.stormmod/base.stormassets/assets/textures/smokerandom_blurblue.lvl0	07a5cac0ac3325f5cbcf05599f1d936c	5616
mods/heroes.stormmod/base.stormassets/assets/textures/smokeswirl_green.dds	d8894efd3f55d374ffb276a62d473609	174928
mods/heroes.stormmod/base.stormassets/assets/textures/smokeswirl_green.lvl0	63695fe59d56746feea61f427102aca6	848
mods/heroes.stormmod/base.stormassets/assets/textures/smokeswirl_white.dds	cc18852b0a877669f90da78afab87d3d	174928
mods/heroes.stormmod/base.stormassets/assets/textures/smokeswirl_white.lvl0	7a37c4f0347c67ed23ca56e93a8ba0a9	2896
mods/heroes.stormmod/base.stormassets/assets/textures/smokeswirl_white2.dds	cc18852b0a877669f90da78afab87d3d	174928
mods/heroes.stormmod/base.stormassets/assets/textures/smokeswirl_white2.lvl0	307a49ac5969cfb41561e66d25180fb5	848
mods/heroes.stormmod/base.stormassets/assets/textures/smoketail1.dds	b0216d833f8c9b2787888a3549d5eb81	174928
mods/heroes.stormmod/base.stormassets/assets/textures/smoketail1.lvl0	dd0858274b14eccf45aa936af8deed4f	2896
mods/heroes.stormmod/base.stormassets/assets/textures/smoketail3.dds	1cfe4dba524898ee9ac3c9feabdf718e	174928
mods/heroes.stormmod/base.stormassets/assets/textures/smoketail3.lvl0	9db4df6b460f61541a6ac03ca12558cb	2896
mods/heroes.stormmod/base.stormassets/assets/textures/smoketail4.dds	e420f543bfb2cb27e3138b7b6309a0c2	174928
mods/heroes.stormmod/base.stormassets/assets/textures/smoketail4.lvl0	db20c9ff0dc5aa964853673122a323a4	2896
mods/heroes.stormmod/base.stormassets/assets/textures/smoketailflame1emm.dds	2315d8d3e3fe79b5af7358f2c6ab7087	87528
mods/heroes.stormmod/base.stormassets/assets/textures/smoketailflame1emm.lvl0	8ba509dd2c0f5c181f4d4297346f3525	488
mods/heroes.stormmod/base.stormassets/assets/textures/smoketile1.dds	77c642c3502acb42ecd5407f75e09219	87536
mods/heroes.stormmod/base.stormassets/assets/textures/smoketile1.lvl0	d0e5440d755c7fa896bf1f648654675a	5616
mods/heroes.stormmod/base.stormassets/assets/textures/smoketile1_normal.dds	65ff21ada3e07265831d592959f6bf59	349684
mods/heroes.stormmod/base.stormassets/assets/textures/smoketile1_normal.lvl0	42c6e25f3d4a5a423193d503fb3c289c	5616
mods/heroes.stormmod/base.stormassets/assets/textures/smoketile1b.dds	996a2c530f4d0e0c1ba9c5c3764a8848	87536
mods/heroes.stormmod/base.stormassets/assets/textures/smoketile1b.lvl0	cfa05585a8d288b58605531528ac45b2	5616
mods/heroes.stormmod/base.stormassets/assets/textures/smoketile2.dds	5c52377ed3f7b105195dcf830624c5a3	349680
mods/heroes.stormmod/base.stormassets/assets/textures/smoketile2.lvl0	66bc32d8f7acef902f39113919d184d1	5616
mods/heroes.stormmod/base.stormassets/assets/textures/smoketile2green.dds	f7cc08a7ae6ffe80635100ef9baebae9	87536
mods/heroes.stormmod/base.stormassets/assets/textures/smoketile2green.lvl0	ba0295548c192cc1035786efcccb3580	5616
mods/heroes.stormmod/base.stormassets/assets/textures/smoketile2green2.dds	4087a5b221f61781554990e326d4e28a	87536
mods/heroes.stormmod/base.stormassets/assets/textures/smoketile2green2.lvl0	bf03ebe7382523ed8038587aa988fb5f	5616
mods/heroes.stormmod/base.stormassets/assets/textures/smoketile2orange.dds	cbf24749857c8484f64c45b77fb051df	349680
mods/heroes.stormmod/base.stormassets/assets/textures/smoketile2orange.lvl0	1d112f649b985bb4a63dc50abae93b13	5616
mods/heroes.stormmod/base.stormassets/assets/textures/smoketile2orange2.dds	c874c226f3267392253613fe5bc9777b	87536
mods/heroes.stormmod/base.stormassets/assets/textures/smoketile2orange2.lvl0	b9772fe3bbbe181ad9c23dcfc0c8b010	5616
mods/heroes.stormmod/base.stormassets/assets/textures/smoketile2orange3.dds	2e11eaa80e68c0ac7743f089f73edae8	349680
mods/heroes.stormmod/base.stormassets/assets/textures/smoketile2orange3.lvl0	37d356c0178a79e0324c05c029f193d4	5616
mods/heroes.stormmod/base.stormassets/assets/textures/smoketile2orange4.dds	a8e822c6ad659acd8c4dde84aab138e6	349680
mods/heroes.stormmod/base.stormassets/assets/textures/smoketile2orange4.lvl0	c336c89997ca8860e047cdfcb8ab100d	5616
mods/heroes.stormmod/base.stormassets/assets/textures/smoketile3.dds	5c3a4384baea64b5646db6660f88ef77	349680
mods/heroes.stormmod/base.stormassets/assets/textures/smoketile3.lvl0	ea133293296e0813282df0df0386f2e5	5616
mods/heroes.stormmod/base.stormassets/assets/textures/smoketile3b.dds	4382b4555cc687106010f41c18466063	87536
mods/heroes.stormmod/base.stormassets/assets/textures/smoketile3b.lvl0	56b522c8865a06afe49cb292a319e951	1520
mods/heroes.stormmod/base.stormassets/assets/textures/smoketile3c.dds	ba789c7d9eaa56c956cbec7c405991da	349680
mods/heroes.stormmod/base.stormassets/assets/textures/smoketile3c.lvl0	dae51955f1b006e279af4382f5105b9e	5616
mods/heroes.stormmod/base.stormassets/assets/textures/smoketile3c_blue_blurr.dds	3d62cce185158b55a5b495cb49682b1a	349680
mods/heroes.stormmod/base.stormassets/assets/textures/smoketile3c_blue_blurr.lvl0	16d16e619ffe884a219a8c6f54ca77d1	5616
mods/heroes.stormmod/base.stormassets/assets/textures/smoketile3d.dds	88724232b82fe32df511f8edc2e488d3	174904
mods/heroes.stormmod/base.stormassets/assets/textures/smoketile3d.lvl0	51e63bb4ca9a4d7a40d7784d0ae74f5b	2872
mods/heroes.stormmod/base.stormassets/assets/textures/smoketile3d_blue.dds	a6b504f606d5034ca3ca6b6aaa77565b	349680
mods/heroes.stormmod/base.stormassets/assets/textures/smoketile3d_blue.lvl0	ad90e9c173b413f4743a8b3f2599a8bc	5616
mods/heroes.stormmod/base.stormassets/assets/textures/smoketile4.dds	68c50d110b8e6d2737fe179471042fd8	87536
mods/heroes.stormmod/base.stormassets/assets/textures/smoketile4.lvl0	f1f466d3ce9cd2e2086517ae9aa55ae3	5616
mods/heroes.stormmod/base.stormassets/assets/textures/smoketile4orange.dds	11c5803bf9094b9096ec4db060211a50	349680
mods/heroes.stormmod/base.stormassets/assets/textures/smoketile4orange.lvl0	f78f4e49e56be010ade594d1dc04a35f	5616
mods/heroes.stormmod/base.stormassets/assets/textures/smoketile5.dds	279dc6941ffd8f94a4cf1e89ad34e613	87536
mods/heroes.stormmod/base.stormassets/assets/textures/smoketile5.lvl0	b1be60d641fc87c5639bee132c14c9c4	5616
mods/heroes.stormmod/base.stormassets/assets/textures/smoketile5soft.dds	97d50bf2303f2021f77dd22820c83b71	87536
mods/heroes.stormmod/base.stormassets/assets/textures/smoketile5soft.lvl0	ec33aa00835c56e761340c9a2bfc7213	5616
mods/heroes.stormmod/base.stormassets/assets/textures/smoketile6.dds	d99ed5511c12ba3236dbb4e4656fd809	87536
mods/heroes.stormmod/base.stormassets/assets/textures/smoketile6.lvl0	b45f0cf9f7eddcccf461acc8b6b306a4	5616
mods/heroes.stormmod/base.stormassets/assets/textures/smoketile6b.dds	eb09a0d919c117fe79ba386f5b64f653	87536
mods/heroes.stormmod/base.stormassets/assets/textures/smoketile6b.lvl0	0b23be5fa9257247c95e8966fc389f04	5616
mods/heroes.stormmod/base.stormassets/assets/textures/smoketile6b_blue.dds	e0b3db012de921ea8e41376df47c29c9	87536
mods/heroes.stormmod/base.stormassets/assets/textures/smoketile6b_blue.lvl0	a12b8b2ac5288697b0f3767444e80cdc	5616
mods/heroes.stormmod/base.stormassets/assets/textures/smoketile6b_gold.dds	308fd0bcabb4a9bfcb89da157104c22f	87536
mods/heroes.stormmod/base.stormassets/assets/textures/smoketile6b_gold.lvl0	4adb477a625a1e5af8eedf8abf6dadbd	5616
mods/heroes.stormmod/base.stormassets/assets/textures/smoketile6b_orange.dds	e99f093ccbad10a0678bd769506c048c	43832
mods/heroes.stormmod/base.stormassets/assets/textures/smoketile6b_orange.lvl0	cf648fea061988433dfb173318dc6488	2872
mods/heroes.stormmod/base.stormassets/assets/textures/smoketile6b_purple.dds	beac154a18d32ad61cbfbe9494d8dda7	87536
mods/heroes.stormmod/base.stormassets/assets/textures/smoketile6b_purple.lvl0	2ce54882275d614ad711d75011cddc4a	1520
mods/heroes.stormmod/base.stormassets/assets/textures/smoketile6b_red.dds	5a05fd399f041b9ae82789e796384ece	43832
mods/heroes.stormmod/base.stormassets/assets/textures/smoketile6b_red.lvl0	ff4b5055f3b629612d4339506b7ce46b	2872
mods/heroes.stormmod/base.stormassets/assets/textures/smoketile6b_red_b.dds	4d2d8926ec481c437ed4b9333d1fae26	87536
mods/heroes.stormmod/base.stormassets/assets/textures/smoketile6b_red_b.lvl0	0d7f32929c5874b8f1095cdbe73fb412	5616
mods/heroes.stormmod/base.stormassets/assets/textures/smoketile6c_blue.dds	438a196fcae0468443e727a223e56dec	349680
mods/heroes.stormmod/base.stormassets/assets/textures/smoketile6c_blue.lvl0	b64a4a0f14a77bb47a48c9fdc8b879e9	5616
mods/heroes.stormmod/base.stormassets/assets/textures/smoketile6c_purple.dds	ad0fa1565674f1600c513e149a945ef4	87536
mods/heroes.stormmod/base.stormassets/assets/textures/smoketile6c_purple.lvl0	e7bfaff253f75ab0ed21d55162aa67a6	5616
mods/heroes.stormmod/base.stormassets/assets/textures/smokewetalpha.dds	35e0f875b4909e3c4df4ae3a935dbd3a	43832
mods/heroes.stormmod/base.stormassets/assets/textures/smokewetalpha.lvl0	c2672c2e3a6e67b50cae7817d005aac7	2872
mods/heroes.stormmod/base.stormassets/assets/textures/smokewetalpha2.dds	35e0f875b4909e3c4df4ae3a935dbd3a	43832
mods/heroes.stormmod/base.stormassets/assets/textures/smokewetalpha2.lvl0	c2672c2e3a6e67b50cae7817d005aac7	2872
mods/heroes.stormmod/base.stormassets/assets/textures/smokewetalpha_arcanemagenta.dds	b2fca5e5ad926bd74222f03853bd02a0	43832
mods/heroes.stormmod/base.stormassets/assets/textures/smokewetalpha_arcanemagenta.lvl0	80498fc6e4936705e9ffe3665f7849d6	2872
mods/heroes.stormmod/base.stormassets/assets/textures/smokewetalpha_red.dds	710e3ca86cca8ad0c7075a61764e2d38	43832
mods/heroes.stormmod/base.stormassets/assets/textures/smokewetalpha_red.lvl0	876bc38d77599570de7c9105a5db17db	2872
mods/heroes.stormmod/base.stormassets/assets/textures/smokewetpurple.dds	610c2f34d9ac7f5457041eca26c0c314	43832
mods/heroes.stormmod/base.stormassets/assets/textures/smokewetpurple.lvl0	e626c76c8bfada6c60c31ce43d46850f	2872
mods/heroes.stormmod/base.stormassets/assets/textures/smokewetsilhouettealpha.dds	1bf686b2bfd76f9e460e095c8e993594	174904
mods/heroes.stormmod/base.stormassets/assets/textures/smokewetsilhouettealpha.lvl0	61487d643b45ab5d5221ab710d8b169d	2872
mods/heroes.stormmod/base.stormassets/assets/textures/smokewispy01c.dds	1a80d42c850248948956fdba98191959	22000
mods/heroes.stormmod/base.stormassets/assets/textures/smokewispy01c.lvl0	945b2426ff45ad46b63d656c1de32761	5616
mods/heroes.stormmod/base.stormassets/assets/textures/smokewispy10.dds	bea3e34bb9fbd85e281950e33f832b8d	87536
mods/heroes.stormmod/base.stormassets/assets/textures/smokewispy10.lvl0	602ad8bd76bac8655516d89e6f42e66a	5616
mods/heroes.stormmod/base.stormassets/assets/textures/smokewispy11.dds	b2e7b17624db0ef04afc61bf9e3b7894	87536
mods/heroes.stormmod/base.stormassets/assets/textures/smokewispy11.lvl0	2f62487662b27087204cce558a257e5c	5616
mods/heroes.stormmod/base.stormassets/assets/textures/smokewispy12.dds	099c00d77876e006c556c9402fd3026f	349680
mods/heroes.stormmod/base.stormassets/assets/textures/smokewispy12.lvl0	3f39332ba3c27a0f07a18609b4fe7849	5616
mods/heroes.stormmod/base.stormassets/assets/textures/smokewispy2.dds	5d7e834e4fa5991c3f33b8fd53b84bd0	5616
mods/heroes.stormmod/base.stormassets/assets/textures/smokewispy4.dds	59c2938b738cf8b55147a28596e0251e	22000
mods/heroes.stormmod/base.stormassets/assets/textures/smokewispy4.lvl0	071d7ede7030648523ed1d256465e025	5616
mods/heroes.stormmod/base.stormassets/assets/textures/smokewispy4b.dds	9c6055027bc66c695d5ac2ca9647a6e3	22000
mods/heroes.stormmod/base.stormassets/assets/textures/smokewispy4b.lvl0	bea0171e6f4e151b6e084b5cfda8d6e9	5616
mods/heroes.stormmod/base.stormassets/assets/textures/smokewispy5.dds	2d356f47583f0a5784d8920ed2ae7114	22000
mods/heroes.stormmod/base.stormassets/assets/textures/smokewispy5.lvl0	0867a7aab83fa7cd939fd35e7c36b0a9	5616
mods/heroes.stormmod/base.stormassets/assets/textures/smokewispy6.dds	4576e1f992bc41edf7cdfe0a2c155733	22000
mods/heroes.stormmod/base.stormassets/assets/textures/smokewispy6.lvl0	6dee93a680ee7d482278cbac55b55252	5616
mods/heroes.stormmod/base.stormassets/assets/textures/smokewispy7.dds	c274b952691dd64b797ca8c57a902c8e	22000
mods/heroes.stormmod/base.stormassets/assets/textures/smokewispy7.lvl0	29dc0e7c9af18e83b8953ea962009aef	240
mods/heroes.stormmod/base.stormassets/assets/textures/smokewispy9.dds	562524ee581344b0fdaf96c7ff0e9c65	87536
mods/heroes.stormmod/base.stormassets/assets/textures/smokewispy9.lvl0	44e7ac57bc866ff833359c7de3bcac51	5616
mods/heroes.stormmod/base.stormassets/assets/textures/smokewispy9purple.dds	2ae7ed2bcd6a078585ff33e479df1bbc	87536
mods/heroes.stormmod/base.stormassets/assets/textures/smokewispy9purple.lvl0	4a8c33f90293265f3cb760254a2c2918	5616
mods/heroes.stormmod/base.stormassets/assets/textures/smokewispy_scroll.dds	d793c441cd1a04cb0e92b62a282aee7a	87536
mods/heroes.stormmod/base.stormassets/assets/textures/smokewispy_scroll.lvl0	ee90292b56cce61da367114d05989557	5616
mods/heroes.stormmod/base.stormassets/assets/textures/smokewispy_scroll2.dds	948f3cc9a9918b9df793f09fb011823d	349680
mods/heroes.stormmod/base.stormassets/assets/textures/smokewispy_scroll2.lvl0	e965012930fcf02d2e1c000480845aa0	5616
mods/heroes.stormmod/base.stormassets/assets/textures/smokewispyribbon1.dds	783efaf9a3cf5e51eebf74c0f8a89e4f	5616
mods/heroes.stormmod/base.stormassets/assets/textures/smokewispyribbon1.lvl0	e014b1dab764d7e1b15d77330bfae31c	1520
mods/heroes.stormmod/base.stormassets/assets/textures/smokewispyribbon1goo.dds	5a0f73bebc17c7cebe91471f9c30e938	5616
mods/heroes.stormmod/base.stormassets/assets/textures/smokewispyribbon1goo.lvl0	95bc1537f85e0dcf87f5ce7ec568e338	240
mods/heroes.stormmod/base.stormassets/assets/textures/smokewispyribbon_blue.dds	8745c3e45f3f2a2ff391eb61559b5f7a	2872
mods/heroes.stormmod/base.stormassets/assets/textures/smokewispyribbon_blue.lvl0	74d06eda26022d3f94ae582da6e56218	824
mods/heroes.stormmod/base.stormassets/assets/textures/smokewispytiling.dds	7df141b21952326af183d29b3a39b541	349680
mods/heroes.stormmod/base.stormassets/assets/textures/smokewispytiling.lvl0	59a3500acb81e1d855c02641d3232276	5616
mods/heroes.stormmod/base.stormassets/assets/textures/smokeydustdots.dds	ae6defa0849dd3c0638479614f7c170d	87536
mods/heroes.stormmod/base.stormassets/assets/textures/smokeydustdots.lvl0	b17c40450dbe25490bd9de29713142e1	5616
mods/heroes.stormmod/base.stormassets/assets/textures/smx2_alarak_eyes_lensflare.dds	dc5c4899fe7165551f2333de7a0adf19	22032
mods/heroes.stormmod/base.stormassets/assets/textures/smx2_alarak_eyes_lensflare.lvl0	dbedf07e8d8912ca16eb1252336f307a	1552
mods/heroes.stormmod/base.stormassets/assets/textures/smx2_artanis_eyes_particle_diff.dds	4115d6dcd59bc225577ffb9be3662242	43832
mods/heroes.stormmod/base.stormassets/assets/textures/smx2_artanis_eyes_particle_diff.lvl0	7682843a4886d98d0c08cf19f75ce1f9	2872
mods/heroes.stormmod/base.stormassets/assets/textures/smx2_artanis_eyes_particle_flipbook.dds	73c79d2bd4400d0211d64ca0e909ef28	174904
mods/heroes.stormmod/base.stormassets/assets/textures/smx2_artanis_eyes_particle_flipbook.lvl0	6c26f3b943f116d70b3fceee6b353c5a	2872
mods/heroes.stormmod/base.stormassets/assets/textures/smx2_artanis_psyblade_flare01.dds	e23cce3436e0e96b1bd25562e06b10b9	174904
mods/heroes.stormmod/base.stormassets/assets/textures/smx2_artanis_psyblade_flare01.lvl0	49c14e4c1bec87a665697f8d6e06f419	2872
mods/heroes.stormmod/base.stormassets/assets/textures/storm_smalldot_diff.dds	ad0d36ed582c5d29cdb19639b70eed09	87536
mods/heroes.stormmod/base.stormassets/assets/textures/storm_smalldot_diff.lvl0	cc9c9edb38579b340d102e6c24bf6e91	5616
mods/heroes.stormmod/base.stormassets/assets/textures/storm_smalldot_nrm.dds	37df48de0f610c16c1183bf600127c6f	87540
mods/heroes.stormmod/base.stormassets/assets/textures/storm_smalldot_nrm.lvl0	b8f7e963b34f9487982c1db2c24ad773	5616
mods/heroes.stormmod/base.stormassets/assets/textures/storm_smallslabssplat_00.dds	0a3e670ba97705753a96fcf0ff084b58	22000
mods/heroes.stormmod/base.stormassets/assets/textures/storm_smallslabssplat_00.lvl0	c805876333d2397fc9b754535d563381	5616
mods/heroes.stormmod/base.stormassets/assets/textures/storm_smallslabssplat_01.dds	63e9140168228fbb9d81346e9d26abcd	22000
mods/heroes.stormmod/base.stormassets/assets/textures/storm_smallslabssplat_01.lvl0	1d55f47110301798c800ba38e6db7479	5616
mods/heroes.stormmod/base.stormassets/assets/textures/storm_smallslabssplat_02.dds	f0d7c44395feb4bc4cd8ab04ec69688e	22000
mods/heroes.stormmod/base.stormassets/assets/textures/storm_smallslabssplat_02.lvl0	e3fd61072583244c7569cb78a1d98295	5616
mods/heroes.stormmod/base.stormassets/assets/textures/storm_smallslabssplat_03.dds	e26d999202c0711c8fa5fce748be7f5e	22000
mods/heroes.stormmod/base.stormassets/assets/textures/storm_smallslabssplat_03.lvl0	df87261408e23d92eab20519ffda73e6	5616
mods/heroes.stormmod/base.stormassets/assets/textures/storm_smallslabssplat_04.dds	57cadb9f5d7e309ea64ab2d398e50773	22000
mods/heroes.stormmod/base.stormassets/assets/textures/storm_smallslabssplat_04.lvl0	233135b37d9b0ecf7c25717fba0e4392	5616
mods/heroes.stormmod/base.stormassets/assets/textures/storm_smallslabssplat_05.dds	838600dab363ac6fa184a7bef90a4695	22000
mods/heroes.stormmod/base.stormassets/assets/textures/storm_smallslabssplat_05.lvl0	035c53ecd46326e7bdff9110071dfdd8	5616
mods/heroes.stormmod/base.stormassets/assets/textures/storm_smallslabssplat_06.dds	63f1873c5c751d9f7a013f7748784931	22000
mods/heroes.stormmod/base.stormassets/assets/textures/storm_smallslabssplat_06.lvl0	72bbd245ff5fc8d71cd996674dfd085a	5616
mods/heroes.stormmod/base.stormassets/assets/textures/storm_smallslabssplat_07.dds	182a273da533870dd6da46c102504dea	22000
mods/heroes.stormmod/base.stormassets/assets/textures/storm_smallslabssplat_07.lvl0	b100bd1dfb4f7279662a7a45e6c38417	5616
mods/heroes.stormmod/base.stormassets/assets/textures/storm_smallslabssplat_08.dds	02ab0e6193d90c1bc73621fe68bc73f5	22000
mods/heroes.stormmod/base.stormassets/assets/textures/storm_smallslabssplat_08.lvl0	9400dc56253b0263f67704559406867b	5616
mods/heroes.stormmod/base.stormassets/assets/textures/storm_smallslabssplat_09.dds	92fffac23b84f95536a5f3fc0fa03566	22000
mods/heroes.stormmod/base.stormassets/assets/textures/storm_smallslabssplat_09.lvl0	da8148023b6eb6e8aaa7709fce769df7	5616
mods/heroes.stormmod/base.stormassets/assets/textures/storm_smoke_cartoon01.dds	f698e25902e486095c54adf9907a5cff	87536
mods/heroes.stormmod/base.stormassets/assets/textures/storm_smoke_cartoon01.lvl0	80ca06a80669063215d27c0a9d525048	5616
mods/heroes.stormmod/base.stormassets/assets/textures/storm_smoke_cartoon01_norm.dds	e4dee9d14bcb91f1ef834549bab05371	87540
mods/heroes.stormmod/base.stormassets/assets/textures/storm_smoke_graphic.dds	c214269c6dad7babd370678bbff93c1c	43856
mods/heroes.stormmod/base.stormassets/assets/textures/storm_smoke_graphic.lvl0	2b847c1887e2ee091a51fbce3490648b	2896
mods/heroes.stormmod/base.stormassets/assets/textures/storm_smoke_necro.dds	5be8973801b2a0ea53fa92532d09af2e	174928
mods/heroes.stormmod/base.stormassets/assets/textures/storm_smoke_necro.lvl0	628ceb3f5b2d7dda89790fafc3ccb8ca	2896
mods/heroes.stormmod/base.stormassets/assets/textures/storm_smoke_necro2.dds	38c23b9b5790ea107b7630171a1ab0d5	174928
mods/heroes.stormmod/base.stormassets/assets/textures/storm_smoke_necro2.lvl0	347ee612b01a3049cf64b7977b25c508	2896
mods/heroes.stormmod/base.stormassets/assets/textures/storm_smoke_necro_single.dds	c035594dd08501f2b6080df0499377a3	87536
mods/heroes.stormmod/base.stormassets/assets/textures/storm_smoke_necro_single.lvl0	54e196749a434915fedc54ddcbf83f11	5616
mods/heroes.stormmod/base.stormassets/assets/textures/storm_smoke_out.dds	b4fe49381f93aa93bdbf7bdf3f9b6db8	87536
mods/heroes.stormmod/base.stormassets/assets/textures/storm_smoke_out.lvl0	5cedc52120279120d790979519a43b5c	5616
mods/heroes.stormmod/base.stormassets/assets/textures/storm_smoke_stylized_test.dds	7bc503c3c81638d1e8b0c6b93cdde772	349680
mods/heroes.stormmod/base.stormassets/assets/textures/storm_smoke_stylized_test.lvl0	bdc58295d7205cc32f7de621721f28a9	5616
mods/heroes.stormmod/base.stormassets/assets/textures/storm_smoke_tendrils01.dds	e42f3e3b73c49f35e037230c2f4d25b6	43832
mods/heroes.stormmod/base.stormassets/assets/textures/storm_smoke_tendrils01.lvl0	944ba906ff9d0337a12aff8dfbd4f755	2872
mods/heroes.stormmod/base.stormassets/assets/textures/storm_smoke_trail_01.dds	f14008891495aa7384c6c24a648a07b4	87568
mods/heroes.stormmod/base.stormassets/assets/textures/storm_smoke_trail_01.lvl0	903dac1c6dac6413aa13f92e6e73175c	528
mods/heroes.stormmod/base.stormassets/assets/textures/storm_smoke_wispy10.dds	a678f1359538c311f7e65ca4c5ee882d	87536
mods/heroes.stormmod/base.stormassets/assets/textures/storm_smoke_wispy10.lvl0	325d7eaa07dab4ccce3b6fe1f0fd5f31	5616
mods/heroes.stormmod/base.stormassets/assets/textures/storm_smoke_wispy11.dds	3e7b729cd6dfd108f70db2640603c952	87536
mods/heroes.stormmod/base.stormassets/assets/textures/storm_smoke_wispy11.lvl0	c5e7bbfeba69fffdbd20d3355a952dbd	5616
mods/heroes.stormmod/base.stormassets/assets/textures/storm_smoke_wispy12.dds	48695718c20e2d1d6a749a36de2863aa	87536
mods/heroes.stormmod/base.stormassets/assets/textures/storm_smoke_wispy12.lvl0	5eaaf4fe9bb49a386aa3a88f7704933b	1520
mods/heroes.stormmod/base.stormassets/assets/textures/storm_smoke_wispy9alpha.dds	b7c6b0803927e67d11a1165d2d5d010d	87536
mods/heroes.stormmod/base.stormassets/assets/textures/storm_smoke_wispy9alpha.lvl0	e61400346c290715ca3f9cb713fcd718	5616
mods/heroes.stormmod/base.stormassets/assets/textures/storm_smoke_wispy_scroll_2.dds	bd23fbdf3f0bbd4a3be3a2d411408e29	22000
mods/heroes.stormmod/base.stormassets/assets/textures/storm_smoke_wispy_scroll_2.lvl0	07c13a4c38fd8199d7ebf4dadbaaed26	5616
mods/heroes.stormmod/base.stormassets/assets/textures/storm_smokecloud1.dds	743e3cb518d4bce294283d213c5a581e	349680
mods/heroes.stormmod/base.stormassets/assets/textures/storm_smokecloud1.lvl0	cb8d94bc0771df789566dc67f2a4ac1c	5616
mods/heroes.stormmod/base.stormassets/assets/textures/storm_smokelight.dds	57b5c3bfca15c05875a5b98edd24ca56	87536
mods/heroes.stormmod/base.stormassets/assets/textures/storm_smokelight.lvl0	eb7ce8db3d897063eca028c927552f4a	5616
mods/heroes.stormmod/base.stormassets/assets/textures/storm_smokelight01.dds	a63f2e7961b6a9b4ae9f0e4ba01dccf3	21992
mods/heroes.stormmod/base.stormassets/assets/textures/storm_smokelight01.lvl0	4f82bb652f8178f479855920668c1529	1512
mods/heroes.stormmod/base.stormassets/assets/textures/storm_smokerandom_01.dds	a2e432c2e9ceb0933316249ad28e8dc9	349680
mods/heroes.stormmod/base.stormassets/assets/textures/storm_smokerandom_01.lvl0	fdfaa17ace956b34be21c2ce1a30b8a6	5616
mods/heroes.stormmod/base.stormassets/assets/textures/storm_smokesoft_borderless_01.dds	186e269d8a20f05910b409c666bd1984	43832
mods/heroes.stormmod/base.stormassets/assets/textures/storm_smokesoft_borderless_01.lvl0	8005bccba9e7dbc14e2cf71aa99182f6	2872
mods/heroes.stormmod/base.stormassets/assets/textures/storm_smokesoft_borderless_median_01.dds	26a3ee0e1bdea96d29a6f4aa1be4b494	174904
mods/heroes.stormmod/base.stormassets/assets/textures/storm_smokesoft_borderless_median_01.lvl0	ad016b1469b6ef20a0543517c80fd38f	824
mods/heroes.stormmod/base.stormassets/assets/textures/storm_smokesoft_tile_01.dds	9279ff29f4b1ec612fd5db9f3d906ee1	174904
mods/heroes.stormmod/base.stormassets/assets/textures/storm_smokesoft_tile_01.lvl0	4c5f2da28c780f3d3f71c9c36ac62995	2872
mods/heroes.stormmod/base.stormassets/assets/textures/storm_smokesoft_tile_02.dds	5af5b87a5b09ea0f3f5155d427f26e5e	174904
mods/heroes.stormmod/base.stormassets/assets/textures/storm_smokesoft_tile_02.lvl0	281ca734135606c5ef34e1c810795fa4	824
mods/heroes.stormmod/base.stormassets/assets/textures/storm_smoketendrils01.dds	308ee453b995437d489a52bb0608f7eb	11064
mods/heroes.stormmod/base.stormassets/assets/textures/storm_smoketendrils01.lvl0	a6b993a186c7b428772dc4becda1919d	2872
mods/heroes.stormmod/base.stormassets/assets/textures/storm_smoketile09.dds	aa599dc4a27be5474d0bd29b06e19c33	87536
mods/heroes.stormmod/base.stormassets/assets/textures/storm_smoketile09.lvl0	65b9d4e8daa3688984dfc7ff85561398	5616
mods/heroes.stormmod/base.stormassets/assets/textures/storm_smoketile1.dds	2e11eaa80e68c0ac7743f089f73edae8	349680
mods/heroes.stormmod/base.stormassets/assets/textures/storm_smoketile1.lvl0	37d356c0178a79e0324c05c029f193d4	5616
mods/heroes.stormmod/base.stormassets/assets/textures/storm_smoketile12.dds	45d08feffc089c0f216b28ddebbf6b42	43832
mods/heroes.stormmod/base.stormassets/assets/textures/storm_smoketile12.lvl0	e04acb1444465404adf06f32a7efc308	2872
mods/heroes.stormmod/base.stormassets/assets/textures/storm_smoketile3.dds	ad3fc6cc71f5e7497eab82edcbd0aa4e	349680
mods/heroes.stormmod/base.stormassets/assets/textures/storm_smoketile3.lvl0	17f42bf6fa19704c8fc3f3a242c5999a	5616
mods/heroes.stormmod/base.stormassets/assets/textures/storm_smoketile4.dds	50fdcd0a7191d19f609f94c687762e3f	349680
mods/heroes.stormmod/base.stormassets/assets/textures/storm_smoketile4.lvl0	f1f466d3ce9cd2e2086517ae9aa55ae3	5616
mods/heroes.stormmod/base.stormassets/assets/textures/storm_smoketile5.dds	279dc6941ffd8f94a4cf1e89ad34e613	87536
mods/heroes.stormmod/base.stormassets/assets/textures/storm_smoketile5.lvl0	b1be60d641fc87c5639bee132c14c9c4	5616
mods/heroes.stormmod/base.stormassets/assets/textures/storm_smoketile6.dds	d99ed5511c12ba3236dbb4e4656fd809	87536
mods/heroes.stormmod/base.stormassets/assets/textures/storm_smoketile6.lvl0	b45f0cf9f7eddcccf461acc8b6b306a4	5616
mods/heroes.stormmod/base.stormassets/assets/textures/storm_smoketile6c_felfire.dds	eed83b39e04a352647067434636ffd7a	87536
mods/heroes.stormmod/base.stormassets/assets/textures/storm_smoketile6c_felfire.lvl0	57859fe92cd9b5eb90f97005e429a93e	5616
mods/heroes.stormmod/base.stormassets/assets/textures/storm_smoketile6c_felfire02.dds	e73adb38cf95a948d2f97cb55bf917bf	43832
mods/heroes.stormmod/base.stormassets/assets/textures/storm_smoketile6c_felfire02.lvl0	08387d3e7ec28cad4da1ff36b4b5247a	2872
mods/heroes.stormmod/base.stormassets/assets/textures/storm_smoketile6c_fire.dds	9abc20bf5fe6463a7c80e64837188361	87536
mods/heroes.stormmod/base.stormassets/assets/textures/storm_smoketile6c_fire.lvl0	06524563a38d52bb8522cfd2d8102ff7	5616
mods/heroes.stormmod/base.stormassets/assets/textures/storm_smoketile6c_green.dds	f7b7693dedfe264e7df8902af56a2c63	349680
mods/heroes.stormmod/base.stormassets/assets/textures/storm_smoketile6c_green.lvl0	313a9170bd0babdefc85ab2edd1d9c8c	1520
mods/heroes.stormmod/base.stormassets/assets/textures/storm_smoketile6c_greenfire.dds	918157640145cbdc4d5dff4b703dd247	174904
mods/heroes.stormmod/base.stormassets/assets/textures/storm_smoketile6c_greenfire.lvl0	7051f9ae4db91ad01f051335e5cba0b7	2872
mods/heroes.stormmod/base.stormassets/assets/textures/storm_smoketile6c_greenfireb.dds	9abf30b1557f1e4b38b1c393fbbfe05a	174904
mods/heroes.stormmod/base.stormassets/assets/textures/storm_smoketile6c_greenfireb.lvl0	6db067577d3b058c5bd39d2e8a541008	2872
mods/heroes.stormmod/base.stormassets/assets/textures/storm_smoketile6c_purplefire.dds	e5b949bc12dd68ab46dd4ac7f6584972	174904
mods/heroes.stormmod/base.stormassets/assets/textures/storm_smoketile6c_purplefire.lvl0	1ec0ff8689683abf365487479512b636	824
mods/heroes.stormmod/base.stormassets/assets/textures/storm_smoketile6c_purplefire_01.dds	c3ddd8e3a3f260b8fa6e199bb1c64f1e	174904
mods/heroes.stormmod/base.stormassets/assets/textures/storm_smoketile6c_purplefire_01.lvl0	4c15d177e3835924212e2795df1a470b	824
mods/heroes.stormmod/base.stormassets/assets/textures/storm_smoketile6c_yellowfire.dds	bebd22e79b58d7263a894d265cea53ac	87536
mods/heroes.stormmod/base.stormassets/assets/textures/storm_smoketile6c_yellowfire.lvl0	ff38685022fd5e6fdad602d8f553ccdb	5616
mods/heroes.stormmod/base.stormassets/assets/textures/storm_smoketile7.dds	6a8c215a5ef2e85fd9a5bc97ced20a55	174904
mods/heroes.stormmod/base.stormassets/assets/textures/storm_smoketile7.lvl0	08909766e79b0a778c62968c8c783b34	2872
mods/heroes.stormmod/base.stormassets/assets/textures/storm_smoketile8.dds	d7e20d2fd4be57c7b0ce98a08024e60e	174904
mods/heroes.stormmod/base.stormassets/assets/textures/storm_smoketile8.lvl0	c149ba5ad5813cdae53b0e6d7f22a74d	2872
mods/heroes.stormmod/base.stormassets/assets/textures/storm_smoketile9.dds	2d49c1eb93dafccc45728f2709f12957	174904
mods/heroes.stormmod/base.stormassets/assets/textures/storm_smoketile9.lvl0	ecf2ced1ca6052dc52478417314824d1	2872
mods/heroes.stormmod/base.stormassets/assets/textures/storm_smoketrail_loop.dds	56d8193258e0d4f3bba2a21eef1f2b70	87528
mods/heroes.stormmod/base.stormassets/assets/textures/storm_smoketrail_loop.lvl0	81b366c9d3011f9f25c5016ac423f165	1512
mods/heroes.stormmod/base.stormassets/assets/textures/storm_smoketrail_soft_loop.dds	63513a3105a9b2d6a78b30d9162008d9	87528
mods/heroes.stormmod/base.stormassets/assets/textures/storm_smoketrail_soft_loop.lvl0	f79843d8ffbd9d3a4e6ba8d73bc06d55	1512
mods/heroes.stormmod/base.stormassets/assets/textures/storm_smokevara.dds	9d7642c092f778b1f00515c389a385e2	43848
mods/heroes.stormmod/base.stormassets/assets/textures/storm_smokevara.lvl0	ef19bab4ac49add542f59251974cbf57	840
mods/heroes.stormmod/base.stormassets/assets/textures/storm_smokeviking.dds	8df4d276bca0693f6200da67d47f3606	43856
mods/heroes.stormmod/base.stormassets/assets/textures/storm_smokeviking.lvl0	33c1de3193a34fc87a0d6999543f840a	2896
mods/heroes.stormmod/base.stormassets/assets/textures/storm_smokewispy01c.dds	1a80d42c850248948956fdba98191959	22000
mods/heroes.stormmod/base.stormassets/assets/textures/storm_smokewispy01c.lvl0	945b2426ff45ad46b63d656c1de32761	5616
mods/heroes.stormmod/base.stormassets/assets/textures/storm_smokewispy10.dds	bea3e34bb9fbd85e281950e33f832b8d	87536
mods/heroes.stormmod/base.stormassets/assets/textures/storm_smokewispy10.lvl0	602ad8bd76bac8655516d89e6f42e66a	5616
mods/heroes.stormmod/base.stormassets/assets/textures/storm_smokewispy11.dds	962472193c198b2abb2b560979a2af7c	22000
mods/heroes.stormmod/base.stormassets/assets/textures/storm_smokewispy11.lvl0	3abdef3a3372b5a45e38c29ef57815ef	496
mods/heroes.stormmod/base.stormassets/assets/textures/storm_smokewispy12.dds	97b60b861bc2a7627c7398a7aa605bf0	43832
mods/heroes.stormmod/base.stormassets/assets/textures/storm_smokewispy12.lvl0	fd87434ab79e3a48f08d7f86d3e90555	824
mods/heroes.stormmod/base.stormassets/assets/textures/storm_smokewispy4.dds	59c2938b738cf8b55147a28596e0251e	22000
mods/heroes.stormmod/base.stormassets/assets/textures/storm_smokewispy4.lvl0	071d7ede7030648523ed1d256465e025	5616
