mods/heroes.stormmod/base.stormassets/assets/textures/sparkle_green1.dds	7e2c207f42b869baa460e76f4fc66a33	87536
mods/heroes.stormmod/base.stormassets/assets/textures/sparkle_green1.lvl0	bfaead28625aa45e877de1018acee64a	5616
mods/heroes.stormmod/base.stormassets/assets/textures/sparkle_orange1.dds	17b213fca5f5d72475fb4d8bb56a4817	87536
mods/heroes.stormmod/base.stormassets/assets/textures/sparkle_orange1.lvl0	6f28f8db9f3f5f67e43981399765d961	496
mods/heroes.stormmod/base.stormassets/assets/textures/sparkle_purple1.dds	29755a46a7817c73bf260101b0338c70	87536
mods/heroes.stormmod/base.stormassets/assets/textures/sparkle_purple1.lvl0	e3e3e9708e71670de5c6fce410cba4e2	5616
mods/heroes.stormmod/base.stormassets/assets/textures/sparkle_yellow1.dds	848f2bd83176c58de97427663ef587d3	87536
mods/heroes.stormmod/base.stormassets/assets/textures/sparkle_yellow1.lvl0	89e3a96b4d5f16772c40be151bb0a820	5616
mods/heroes.stormmod/base.stormassets/assets/textures/sparkleblue.dds	0baf9473211fef8ee7dfb6c8f484a918	2872
mods/heroes.stormmod/base.stormassets/assets/textures/sparkleflare1.dds	9ec21106ed0d93ac127a3cf79ee575d2	11064
mods/heroes.stormmod/base.stormassets/assets/textures/sparkleflare1.lvl0	e716c44b7678b9c02174c47eb98df606	2872
mods/heroes.stormmod/base.stormassets/assets/textures/sparks4.dds	cb3b8f37e7ad35d7c075a7557727c456	8320
mods/heroes.stormmod/base.stormassets/assets/textures/sparks4_purple.dds	476383883ab6c49588737034c639c7a0	11064
mods/heroes.stormmod/base.stormassets/assets/textures/sparks4_purple.lvl0	4d599c8b0c58bfd240ab07704988653a	184
mods/heroes.stormmod/base.stormassets/assets/textures/sparks5.dds	4aa2ce3c231d6fa6ccd7b70641c37955	11064
mods/heroes.stormmod/base.stormassets/assets/textures/sparks5.lvl0	41639c8fc4117c4192a00976ad2519af	2872
mods/heroes.stormmod/base.stormassets/assets/textures/specialops_dropship_diffuse.dds	9c041798ddcf49cc2385e823481832ea	1398256
mods/heroes.stormmod/base.stormassets/assets/textures/specialops_dropship_diffuse.lvl0	53661521bdf6ea3e84b3d88a0b8ab389	5616
mods/heroes.stormmod/base.stormassets/assets/textures/specialops_dropship_specular.dds	fe1fd0940ea95d1d4a7e2b4555a04df9	699192
mods/heroes.stormmod/base.stormassets/assets/textures/specialops_dropship_specular.lvl0	b172da789910faaaa590a500791d20f4	2872
mods/heroes.stormmod/base.stormassets/assets/textures/spellshield_1.dds	3ba704adafdbf255790238c4ea108c20	699192
mods/heroes.stormmod/base.stormassets/assets/textures/spellshield_1.lvl0	dabacf9e31c2e08e8500f4ea23a6eaa0	2872
mods/heroes.stormmod/base.stormassets/assets/textures/sphericalnormal01.dds	a619903f6538ab00249c0f67af4cdd77	87540
mods/heroes.stormmod/base.stormassets/assets/textures/sphericalnormal01.lvl0	8e2b1c06ca0a5365f230f14ac8407336	5616
mods/heroes.stormmod/base.stormassets/assets/textures/sphericalnormal01_invert.dds	475b5ee6647b2b0f32d46beb304b2a62	87540
mods/heroes.stormmod/base.stormassets/assets/textures/sphericalnormal01_invert.lvl0	df6878a20bcf926771d84b090b66d5f4	496
mods/heroes.stormmod/base.stormassets/assets/textures/sphericalnormaltest.dds	5bae416a1690c14106d9b21af05e8f6e	87540
mods/heroes.stormmod/base.stormassets/assets/textures/sphericalnormaltest.lvl0	c54e2e47f13157881c51b2df31454a77	5616
mods/heroes.stormmod/base.stormassets/assets/textures/spider_diffuse.dds	8fff6e60712b4bf239ed47f9e3dd15ae	349680
mods/heroes.stormmod/base.stormassets/assets/textures/spider_diffuse.lvl0	ee1e148db78e53084920ea211440585f	5616
mods/heroes.stormmod/base.stormassets/assets/textures/spider_nm.dds	1511ff7399d168f396944fa5177f1078	349680
mods/heroes.stormmod/base.stormassets/assets/textures/spider_nm.lvl0	6975d050f22caad9499601455c299774	5616
mods/heroes.stormmod/base.stormassets/assets/textures/spider_spec.dds	7dcc37211731e1bf26834c3bc7e4616d	174904
mods/heroes.stormmod/base.stormassets/assets/textures/spider_spec.lvl0	1171ea916324e74588dcc41b1a57e19d	2872
mods/heroes.stormmod/base.stormassets/assets/textures/spidermine_diff.dds	5d0f07bd1c77178dab34fda44f9c21b9	22000
mods/heroes.stormmod/base.stormassets/assets/textures/spidermine_diff.lvl0	d01ffdcd80ece933d4df98cbfbac080c	496
mods/heroes.stormmod/base.stormassets/assets/textures/spidermine_nm.dds	54abb3b1037907a03b55ee02f51bc4fc	22000
mods/heroes.stormmod/base.stormassets/assets/textures/spidermine_nm.lvl0	9ff4cd146bbd0d4d6758f86db4665c01	496
mods/heroes.stormmod/base.stormassets/assets/textures/spirit1.dds	fad91e4acc0262bb5effbc0e76b35664	43856
mods/heroes.stormmod/base.stormassets/assets/textures/spirit1.lvl0	1cccb8b8f8ec9a1afc81632fcc40342c	848
mods/heroes.stormmod/base.stormassets/assets/textures/splash_impact_01.dds	f932789ac63a4f81febb02e464b74ec4	349680
mods/heroes.stormmod/base.stormassets/assets/textures/splash_impact_01.lvl0	64528d0aa9a79af0e9af2e4b02c62ce8	5616
mods/heroes.stormmod/base.stormassets/assets/textures/splash_impact_01_blur.dds	57880af3c14c036e26f781516e9dd811	87536
mods/heroes.stormmod/base.stormassets/assets/textures/splash_impact_01_blur.lvl0	4caf1d895c3d419a996b1f706031e9c7	5616
mods/heroes.stormmod/base.stormassets/assets/textures/spores_r1.dds	d5d41866067f8c7ef1857978bbd58c5a	87536
mods/heroes.stormmod/base.stormassets/assets/textures/spores_r1.lvl0	7fc971d1e125e37111ad9e708e7dfc00	496
mods/heroes.stormmod/base.stormassets/assets/textures/storm_space_cubemap.dds	16c98730f6b5f4986a312954386577ae	1048784
mods/heroes.stormmod/base.stormassets/assets/textures/storm_space_cubemap.lvl0	82bdcd63f2c9c006011b491ab6eaf78b	4304
mods/heroes.stormmod/base.stormassets/assets/textures/storm_spacesphere.dds	9b2bb0bc9006f9d116947b0d4ac20f7b	43832
mods/heroes.stormmod/base.stormassets/assets/textures/storm_spacesphere.lvl0	84b6250551f2e663e1f33ae59f15b7cc	2872
mods/heroes.stormmod/base.stormassets/assets/textures/storm_spacesphere_red.dds	5bbfc6376164854bb875175eeaba7b2d	43832
mods/heroes.stormmod/base.stormassets/assets/textures/storm_spacesphere_red.lvl0	ec283cf648078c92a0b71f87db4b0859	312
mods/heroes.stormmod/base.stormassets/assets/textures/storm_spacespherehd.dds	c39c323c3f8ed8aa53e0d8a3a26a3c1d	699192
mods/heroes.stormmod/base.stormassets/assets/textures/storm_spacespherehd.lvl0	5c7f2a78ff675362cc0c676144b139a7	2872
mods/heroes.stormmod/base.stormassets/assets/textures/storm_sparkle_01.dds	fab151d5bcce1c6b14871bcf96620eed	22000
mods/heroes.stormmod/base.stormassets/assets/textures/storm_sparkle_01.lvl0	dea54d0d1ec699c2e7854c73fc6dfd36	5616
mods/heroes.stormmod/base.stormassets/assets/textures/storm_sparkle_blue.dds	6cf0bf6621804605bfe9830131c2ac8e	87536
mods/heroes.stormmod/base.stormassets/assets/textures/storm_sparkle_blue.lvl0	4db38fa314b14ab07a160a23311fe0ae	5616
mods/heroes.stormmod/base.stormassets/assets/textures/storm_sparkleblue.dds	2383526a7337c136934b90a2385bceee	5616
mods/heroes.stormmod/base.stormassets/assets/textures/storm_sparkleflare_emeraldtga.dds	c990ba9ac5bafe73d8232c1ed7e2083f	11064
mods/heroes.stormmod/base.stormassets/assets/textures/storm_sparkleflare_emeraldtga.lvl0	cea43990e474ea217b249123cc83be6c	184
mods/heroes.stormmod/base.stormassets/assets/textures/storm_sparkleflare_fire.dds	38183f33320b3af44a2d0458a5343848	22000
mods/heroes.stormmod/base.stormassets/assets/textures/storm_sparkleflare_fire.lvl0	40f59af15c2fa71c8d929a0ab652d5f9	5616
mods/heroes.stormmod/base.stormassets/assets/textures/storm_sparkleflare_fire_blue.dds	9544351d242ffc105e91fe6ceaaef2a9	22000
mods/heroes.stormmod/base.stormassets/assets/textures/storm_sparkleflare_fire_blue.lvl0	1873275357609d0fae9dcd57eb825e0f	5616
mods/heroes.stormmod/base.stormassets/assets/textures/storm_sparkleflare_fire_darkblue.dds	41839d0135b38c0ef8de35cc49a6aa4a	22000
mods/heroes.stormmod/base.stormassets/assets/textures/storm_sparkleflare_fire_darkblue.lvl0	858803d59be2235e0cc0678c685ded6a	5616
mods/heroes.stormmod/base.stormassets/assets/textures/storm_sparkleflare_fire_purple.dds	d81839c7e5b8f0d6789868b345571950	22000
mods/heroes.stormmod/base.stormassets/assets/textures/storm_sparkleflare_fire_purple.lvl0	166d600aae09d3ac6cdb44d1ba2673f5	5616
mods/heroes.stormmod/base.stormassets/assets/textures/storm_sparkleflare_red.dds	411e6f6db8119f5b5e69ac52d7af066a	11064
mods/heroes.stormmod/base.stormassets/assets/textures/storm_sparkleflare_red.lvl0	a7a5aba6a5331248a31cb1b01688c546	2872
mods/heroes.stormmod/base.stormassets/assets/textures/storm_spear_purifierbeam_emis.dds	1bfedf0363048537ad0f2bd993470668	349672
mods/heroes.stormmod/base.stormassets/assets/textures/storm_spear_purifierbeam_emis.lvl0	72e59ee1939dda56157206e9d07c2bae	1512
mods/heroes.stormmod/base.stormassets/assets/textures/storm_spell_bubblespikes.dds	4c4b1d38bc1a83d8170b53f0c5cf2849	43856
mods/heroes.stormmod/base.stormassets/assets/textures/storm_spell_bubblespikes.lvl0	250acecb60c22b3fbc5a8b24cad14a1d	2896
mods/heroes.stormmod/base.stormassets/assets/textures/storm_spell_bubblespikes_red.dds	62865e47afbc465c7f0f90c0b15f2b3e	43856
mods/heroes.stormmod/base.stormassets/assets/textures/storm_spell_bubblespikes_red.lvl0	3cc023b03f486e4c93d55d597a3e8fa5	2896
mods/heroes.stormmod/base.stormassets/assets/textures/storm_spell_hexagon.dds	11e45e46267d26c403aa98d3f5ee8e66	87536
mods/heroes.stormmod/base.stormassets/assets/textures/storm_spell_hexagon.lvl0	29f78ca6b27822217a754d24fe251e14	5616
mods/heroes.stormmod/base.stormassets/assets/textures/storm_spells_chromiedots_blue.dds	e86778041389c0fe981ea311f188cdab	11064
mods/heroes.stormmod/base.stormassets/assets/textures/storm_spells_chromiedots_blue.lvl0	d260052f1c26a05caeb5c53293e324fb	2872
mods/heroes.stormmod/base.stormassets/assets/textures/storm_spells_curse.dds	1aba384589ff0db039e938bc04e3d307	22000
mods/heroes.stormmod/base.stormassets/assets/textures/storm_spells_curse.lvl0	e6590c486be9fc3bd92541fcd33732f2	5616
mods/heroes.stormmod/base.stormassets/assets/textures/storm_spells_dash_fel.dds	27d0d12abf8c57affee45cf495499757	43856
mods/heroes.stormmod/base.stormassets/assets/textures/storm_spells_dash_fel.lvl0	5daa14b5cb52e12bfff7847aa07a7173	2896
mods/heroes.stormmod/base.stormassets/assets/textures/storm_spells_face.dds	cc3583e5d9ef1730acb4637ebc1efe27	11064
mods/heroes.stormmod/base.stormassets/assets/textures/storm_spells_face.lvl0	3e4789f4109a0a740febda77f432b011	184
mods/heroes.stormmod/base.stormassets/assets/textures/storm_spells_face01.dds	8dfe85e2acf997a774d8a163caa2fcd4	5616
mods/heroes.stormmod/base.stormassets/assets/textures/storm_spells_face01.lvl0	9b16172e4a1ff977f061c27c65df4519	176
mods/heroes.stormmod/base.stormassets/assets/textures/storm_spells_face02.dds	0c4647e520dc662ca0f780c997bf43f4	5616
mods/heroes.stormmod/base.stormassets/assets/textures/storm_spells_face02.lvl0	6fbaa9c0180512f19f0b7c4603d4a50b	176
mods/heroes.stormmod/base.stormassets/assets/textures/storm_spells_heart_pinkblur.dds	bc8cf4c47f60193a9db045d1e66842f6	11064
mods/heroes.stormmod/base.stormassets/assets/textures/storm_spells_heart_pinkblur.lvl0	46b57face4060a2c97e3a2068d896d64	2872
mods/heroes.stormmod/base.stormassets/assets/textures/storm_spells_love_a.dds	f0b784775df504424589828c5d182f38	87536
mods/heroes.stormmod/base.stormassets/assets/textures/storm_spells_love_a.lvl0	d7fbe51ed022f27da7a1aa0d52eee9e5	5616
mods/heroes.stormmod/base.stormassets/assets/textures/storm_spells_lunar_envelope_diff.dds	f5d5a05d9e04f52864c9457c7182ac8a	349680
mods/heroes.stormmod/base.stormassets/assets/textures/storm_spells_lunar_envelope_diff.lvl0	3e401011c39242e434b413f9b19b3718	5616
mods/heroes.stormmod/base.stormassets/assets/textures/storm_spells_lunar_envelope_norm.dds	e931f62fc3ed7b942c1a87ec96d323da	349684
mods/heroes.stormmod/base.stormassets/assets/textures/storm_spells_lunar_envelope_norm.lvl0	da4cf466195bb95e911b701b48007aa9	5616
mods/heroes.stormmod/base.stormassets/assets/textures/storm_spells_lunar_envelope_spec.dds	69b4b6ddf0aa630ea7c860c86cc65ba3	174904
mods/heroes.stormmod/base.stormassets/assets/textures/storm_spells_lunar_envelope_spec.lvl0	00c4405bb11a21a76835aee415e29e10	2872
mods/heroes.stormmod/base.stormassets/assets/textures/storm_spells_lunarcloud.dds	ab97061d976946a0046e9a5e8281a02f	349680
mods/heroes.stormmod/base.stormassets/assets/textures/storm_spells_lunarcloud.lvl0	5ae616c0d35b1784de771d766e7d81d1	5616
mods/heroes.stormmod/base.stormassets/assets/textures/storm_spells_lunarcloud_a.dds	58306c51c0d87bb1afd214bd89706b38	349680
mods/heroes.stormmod/base.stormassets/assets/textures/storm_spells_lunarcloud_a.lvl0	e3a0f50d6e4dfc1847b9d6b7746db866	5616
mods/heroes.stormmod/base.stormassets/assets/textures/storm_spells_lunarcloud_blue.dds	e655edecf069788e37839a1aaba79290	349680
mods/heroes.stormmod/base.stormassets/assets/textures/storm_spells_lunarcloud_blue.lvl0	2a880cfa98dc3b26276e2709c56fb1f6	1520
mods/heroes.stormmod/base.stormassets/assets/textures/storm_spells_lunarcloud_moonenergy.dds	5b1dad48959080f78ab669adbb5b0bf1	349680
mods/heroes.stormmod/base.stormassets/assets/textures/storm_spells_lunarcloud_moonenergy.lvl0	e3a30f1b8fe5f5de4cbecf10bda93f9d	5616
mods/heroes.stormmod/base.stormassets/assets/textures/storm_spells_poisonnova.dds	e1ebcfe201c6c292f7fce8d65d24a72e	22000
mods/heroes.stormmod/base.stormassets/assets/textures/storm_spells_poisonnova.lvl0	f22b013c32cbdf833a50dcf908604268	5616
mods/heroes.stormmod/base.stormassets/assets/textures/storm_spells_poisonnova_yellow.dds	e98b19bb7ff54703470b276d2765b2ca	22000
mods/heroes.stormmod/base.stormassets/assets/textures/storm_spells_poisonnova_yellow.lvl0	cc6d9a7509cc125cc0bd7b4697769a4a	240
mods/heroes.stormmod/base.stormassets/assets/textures/storm_spells_rings.dds	b332318f6ca16be1f786ed6bfef701c6	43832
mods/heroes.stormmod/base.stormassets/assets/textures/storm_spells_rings.lvl0	c6b06fd609999df9c00f4422e4a98b13	2872
mods/heroes.stormmod/base.stormassets/assets/textures/storm_spells_rings_n.dds	4b4a51dac28f5e1de2ebf9a597c5f2fc	87540
mods/heroes.stormmod/base.stormassets/assets/textures/storm_spells_rings_n.lvl0	79972a463ed6832649d5cca1e5eb2c33	5616
mods/heroes.stormmod/base.stormassets/assets/textures/storm_spells_scythesweep.dds	b31c360c76ce9c5862d78f3eed33f0cc	174928
mods/heroes.stormmod/base.stormassets/assets/textures/storm_spells_scythesweep.lvl0	ef117493ac41d8264ee4c16ab4e80671	2896
mods/heroes.stormmod/base.stormassets/assets/textures/storm_spells_scythesweep2.dds	039278439e1b3438c88c243b8c2a1366	43856
mods/heroes.stormmod/base.stormassets/assets/textures/storm_spells_scythesweep2.lvl0	a9f109f602a8dc378f16f3a7d835afa1	2896
mods/heroes.stormmod/base.stormassets/assets/textures/storm_spells_scythesweep_scare.dds	26f271bb930491bee179b4656624224a	174928
mods/heroes.stormmod/base.stormassets/assets/textures/storm_spells_scythesweep_scare.lvl0	a2d81cb58fadc26b7b49707c6d857511	2896
mods/heroes.stormmod/base.stormassets/assets/textures/storm_spells_scythesweep_scare2.dds	f555cd80fab098fb856d9821b4dfcd18	43856
mods/heroes.stormmod/base.stormassets/assets/textures/storm_spells_scythesweep_scare2.lvl0	da7618a4de4bf59b82b42bd6bd33d6c0	2896
mods/heroes.stormmod/base.stormassets/assets/textures/storm_spells_slicecut_a.dds	c2c4c2581142a882598a2dc2f944a22b	43856
mods/heroes.stormmod/base.stormassets/assets/textures/storm_spells_slicecut_a.lvl0	62874c26b1d986ec454cff5ecf431f98	2896
mods/heroes.stormmod/base.stormassets/assets/textures/storm_spells_slicecut_a_purple.dds	0623932e878c0224c3f1391200067cf1	43856
mods/heroes.stormmod/base.stormassets/assets/textures/storm_spells_slicecut_a_purple.lvl0	ef3c03784281f9736731e4b871a74f62	336
mods/heroes.stormmod/base.stormassets/assets/textures/storm_spells_slicecut_b.dds	12f265289970cbc50c09355357af5e72	22000
mods/heroes.stormmod/base.stormassets/assets/textures/storm_spells_slicecut_b.lvl0	a5ce9d8044b606655d9a41023fd123af	5616
mods/heroes.stormmod/base.stormassets/assets/textures/storm_spells_space.dds	a257ab059816e3fa3ee32a8142191639	174904
mods/heroes.stormmod/base.stormassets/assets/textures/storm_spells_space.lvl0	0e8bcc9286311b20d9dd4b77203bb762	2872
mods/heroes.stormmod/base.stormassets/assets/textures/storm_spells_space2.dds	9809a9da8ba9075cd75f1e38a11f01d5	174904
mods/heroes.stormmod/base.stormassets/assets/textures/storm_spells_space2.lvl0	efeed199ece14d4c090541d96c52e04d	2872
mods/heroes.stormmod/base.stormassets/assets/textures/storm_spells_star.dds	301eab48bca4b92b3868a37828cb7dd6	11064
mods/heroes.stormmod/base.stormassets/assets/textures/storm_spells_star.lvl0	573a21f6308d408d7e5c0ce174424032	2872
mods/heroes.stormmod/base.stormassets/assets/textures/storm_spells_swipe_01.dds	f1e4c15c826e0775f22abd16b041d864	43856
mods/heroes.stormmod/base.stormassets/assets/textures/storm_spells_swipe_01.lvl0	8d9d6620afbc35f77e4fdbf9d8ffd817	2896
mods/heroes.stormmod/base.stormassets/assets/textures/storm_spells_swipe_01_purple.dds	afb7a2434245f0c0498d7d1ac06823a8	43856
mods/heroes.stormmod/base.stormassets/assets/textures/storm_spells_swipe_01_purple.lvl0	77f4704bff6f983ed8823cc7802404cc	336
mods/heroes.stormmod/base.stormassets/assets/textures/storm_spells_swipe_02.dds	9e34887a31850fc565e9ecf31df94ea4	21992
mods/heroes.stormmod/base.stormassets/assets/textures/storm_spells_swipe_02.lvl0	2b2164f4a734f9df6450241b868ff962	1512
mods/heroes.stormmod/base.stormassets/assets/textures/storm_spells_swipe_02_fel.dds	f277ea077a0ccd8a18702bafdcddcf92	43856
mods/heroes.stormmod/base.stormassets/assets/textures/storm_spells_swipe_02_fel.lvl0	631bdeae206ba5d3694a2f7777b42e2c	2896
mods/heroes.stormmod/base.stormassets/assets/textures/storm_spells_valeera_ambushswipe.dds	353ee92c5dbcaa9be8235c3f6dcd162f	43856
mods/heroes.stormmod/base.stormassets/assets/textures/storm_spells_valeera_ambushswipe.lvl0	02b0068214f95ed71c681448cee34044	2896
mods/heroes.stormmod/base.stormassets/assets/textures/storm_spells_valeera_ambushswipe_purple.dds	7ef8ffead24b783de1c0e25a7e8c1adc	43856
mods/heroes.stormmod/base.stormassets/assets/textures/storm_spells_valeera_ambushswipe_purple.lvl0	1cd218cb0d2d6e110f683ed28b391556	336
mods/heroes.stormmod/base.stormassets/assets/textures/storm_spells_valeera_bladeflurry.dds	4bea94590b962884687ee77d1922d85e	43856
mods/heroes.stormmod/base.stormassets/assets/textures/storm_spells_valeera_bladeflurry.lvl0	a024bbef08d474467e3967f6fc842d67	2896
mods/heroes.stormmod/base.stormassets/assets/textures/storm_spells_valeera_bladeflurry_purple.dds	37f15b89c5ee01abe07380b87dea4e62	43856
mods/heroes.stormmod/base.stormassets/assets/textures/storm_spells_valeera_bladeflurry_purple.lvl0	5c1f50685659fdac44b53dff9f1dddad	336
mods/heroes.stormmod/base.stormassets/assets/textures/storm_spells_valeera_dagger_norm.dds	d5142e07e9ae24cd277d97ac2b086e65	87540
mods/heroes.stormmod/base.stormassets/assets/textures/storm_spells_valeera_dagger_norm.lvl0	4f9dc8d6e81c60b9de510d49a4f2747e	5616
mods/heroes.stormmod/base.stormassets/assets/textures/storm_spells_valeera_garrote.dds	814837bce89d148812ae2face1286ef4	87536
mods/heroes.stormmod/base.stormassets/assets/textures/storm_spells_valeera_garrote.lvl0	94e2c3aa4c5d908b09eca7cefdedc297	5616
mods/heroes.stormmod/base.stormassets/assets/textures/storm_spells_valeera_isolation.dds	dcfc13375e1d1eec7bd56a972efa2a08	87536
mods/heroes.stormmod/base.stormassets/assets/textures/storm_spells_valeera_isolation.lvl0	67da69bbefe31bc71bdb15709261484f	5616
mods/heroes.stormmod/base.stormassets/assets/textures/storm_spells_valeera_slice.dds	1b902503218a7f3c5523bf4b50878899	43856
mods/heroes.stormmod/base.stormassets/assets/textures/storm_spells_valeera_slice.lvl0	040889c3b2e72270ca97ff6785a5414d	2896
mods/heroes.stormmod/base.stormassets/assets/textures/storm_spells_valeera_slice_g.dds	beb486c2f4340c73ef0c9d7043310234	87536
mods/heroes.stormmod/base.stormassets/assets/textures/storm_spells_valeera_slice_g.lvl0	113821917a62149cdc913544135a65dd	5616
mods/heroes.stormmod/base.stormassets/assets/textures/storm_spells_valeera_slice_g_purple.dds	21371886356c1db272de543fb4488aef	87536
mods/heroes.stormmod/base.stormassets/assets/textures/storm_spells_valeera_slice_g_purple.lvl0	61151fc5221c680a11d963475ace3a89	496
mods/heroes.stormmod/base.stormassets/assets/textures/storm_spells_valeera_slice_purple.dds	509294a9801ea5b2f91376bf5dcda0cd	43856
mods/heroes.stormmod/base.stormassets/assets/textures/storm_spells_valeera_slice_purple.lvl0	82e41d50fd4081e7141becd444fddee3	336
mods/heroes.stormmod/base.stormassets/assets/textures/storm_spells_yrel_powersweep.dds	975b26732ac25673e7a241c20223f088	43856
mods/heroes.stormmod/base.stormassets/assets/textures/storm_spells_yrel_powersweep.lvl0	b74175bc988d0aa445b03ab47141adaf	336
mods/heroes.stormmod/base.stormassets/assets/textures/storm_spheresoft01.dds	e12241c375e7aed08b356352d9c5221c	43832
mods/heroes.stormmod/base.stormassets/assets/textures/storm_spheresoft01.lvl0	30ee97d9ceb9c75d15a62b6d742bce20	2872
mods/heroes.stormmod/base.stormassets/assets/textures/storm_spheresoft02.dds	aa9abda0f2042499b280a8066cb8d4b7	43832
mods/heroes.stormmod/base.stormassets/assets/textures/storm_spheresoft02.lvl0	cb6f5e56b8af5ef909abfd5ea2e58f23	312
mods/heroes.stormmod/base.stormassets/assets/textures/storm_spheresoft03.dds	8308dee21a4992b2a243119cf174a07f	43832
mods/heroes.stormmod/base.stormassets/assets/textures/storm_spheresoft03.lvl0	9be401c03eb858f5ef885b625b3a6961	312
mods/heroes.stormmod/base.stormassets/assets/textures/storm_spiderweb06.dds	20cb7598d675f9fb68afe0974354401d	174904
mods/heroes.stormmod/base.stormassets/assets/textures/storm_spiderweb06.lvl0	718fa8a0c667d100c8b5cf75ec1e87b2	2872
mods/heroes.stormmod/base.stormassets/assets/textures/storm_spiderweb07.dds	0c2258233c997680a6dc5bf905b73d99	174904
mods/heroes.stormmod/base.stormassets/assets/textures/storm_spiderweb07.lvl0	7bce226c954be44d0a9d146fe09f6ebf	2872
mods/heroes.stormmod/base.stormassets/assets/textures/storm_spiderweb07_blur.dds	b71cd275fe576ec84eba7e1f6522125a	174904
mods/heroes.stormmod/base.stormassets/assets/textures/storm_spiderweb07_blur.lvl0	14dde53c4f91dc3f532eb8d989da0ad0	2872
mods/heroes.stormmod/base.stormassets/assets/textures/storm_spiderweb07_purple.dds	1ab3430ea40f524a967d674ede9debe6	174904
mods/heroes.stormmod/base.stormassets/assets/textures/storm_spiderweb07_purple.lvl0	743256c47b7c4b22bc2bf7d23cfada4e	2872
mods/heroes.stormmod/base.stormassets/assets/textures/storm_spiderweba01.dds	6fdf8cc9ad473a47095797612c1252cc	5616
mods/heroes.stormmod/base.stormassets/assets/textures/storm_spiderweba01.lvl0	fef9d4944b2d2d24b66394f2138e254e	1520
mods/heroes.stormmod/base.stormassets/assets/textures/storm_spiderweba02.dds	27105c50fe58f99303d747e86cb2ac67	5616
mods/heroes.stormmod/base.stormassets/assets/textures/storm_spiderweba02.lvl0	0a709aa2fb5ea0f4d66ebf2100c901db	1520
mods/heroes.stormmod/base.stormassets/assets/textures/storm_spiderweba04.dds	924034430902cb54da9bd0c021489990	5616
mods/heroes.stormmod/base.stormassets/assets/textures/storm_spiderweba04.lvl0	7303d18bd4221ed39da0087182989766	1520
mods/heroes.stormmod/base.stormassets/assets/textures/storm_spiderweba05.dds	c5b549852300acc433ddf0392ea3f89f	349680
mods/heroes.stormmod/base.stormassets/assets/textures/storm_spiderweba05.lvl0	eada5686d795a48531b8d23f6b40f499	5616
mods/heroes.stormmod/base.stormassets/assets/textures/storm_spiderweba06.dds	b40197ac3d3cafee757d63ee1ad6086f	174904
mods/heroes.stormmod/base.stormassets/assets/textures/storm_spiderweba06.lvl0	5c5a78dfd0f32494a463e6f9c1050e88	2872
mods/heroes.stormmod/base.stormassets/assets/textures/storm_spiderweba06_tile.dds	9bab55aa3715d9fb105c071a799acc98	174904
mods/heroes.stormmod/base.stormassets/assets/textures/storm_spiderweba06_tile.lvl0	f022abe52b2d2dd1a189ea4ada66c095	2872
mods/heroes.stormmod/base.stormassets/assets/textures/storm_spiderwebb01_scrollingpurple.dds	10116a9ffbd5da614925a7b67b7a77bb	699192
mods/heroes.stormmod/base.stormassets/assets/textures/storm_spiderwebb01_scrollingpurple.lvl0	ef779bf465febc5d0cda5ab17c207351	2872
mods/heroes.stormmod/base.stormassets/assets/textures/storm_spiderwebb01_scrollingpurplediagonal.dds	91b84cd69cb3ffb39f2780e2390fce51	349680
mods/heroes.stormmod/base.stormassets/assets/textures/storm_spiderwebb01_scrollingpurplediagonal.lvl0	ed8152e001f413765604ac6c62982ed0	5616
mods/heroes.stormmod/base.stormassets/assets/textures/storm_spiderwebc01.dds	363e3de102793ced4800985df6b32f78	349680
mods/heroes.stormmod/base.stormassets/assets/textures/storm_spiderwebc01.lvl0	19f8df9d89153f259a8b466ab8887258	5616
mods/heroes.stormmod/base.stormassets/assets/textures/storm_spiderwebc02.dds	54d2ac71b744fcc0c7114f195769b76c	174904
mods/heroes.stormmod/base.stormassets/assets/textures/storm_spiderwebc02.lvl0	101ef3be24e0db30bda33f2e5be81127	2872
mods/heroes.stormmod/base.stormassets/assets/textures/storm_spike_glowgreen.dds	4aad1ab6c34227083552ccb2235cb63d	43856
mods/heroes.stormmod/base.stormassets/assets/textures/storm_spike_glowgreen.lvl0	12530fc95e916b452ee457c5202399ef	2896
mods/heroes.stormmod/base.stormassets/assets/textures/storm_spikea_d.dds	88880eb0e60ebdd370f51abf33384634	87536
mods/heroes.stormmod/base.stormassets/assets/textures/storm_spikea_d.lvl0	ee80d9c64ced85fedc683b6f1efc7b00	5616
mods/heroes.stormmod/base.stormassets/assets/textures/storm_spikea_n.dds	d014712f8cdf3caa7c66b62c92d3a775	87540
mods/heroes.stormmod/base.stormassets/assets/textures/storm_spikea_n.lvl0	754d384692b9b9580fba471049c5ba5b	5616
mods/heroes.stormmod/base.stormassets/assets/textures/storm_spikeb_d.dds	ac5ab198cab08d058243cbbbcab7f36b	174928
mods/heroes.stormmod/base.stormassets/assets/textures/storm_spikeb_d.lvl0	a483d2ae5535cb25335d12d4d1354601	2896
mods/heroes.stormmod/base.stormassets/assets/textures/storm_spikeb_n.dds	b58ccac8df3f06aeab0b1167a77126ff	174932
mods/heroes.stormmod/base.stormassets/assets/textures/storm_spikeb_n.lvl0	9d477096c9b5a9a7267ab58a54a8dea0	2896
mods/heroes.stormmod/base.stormassets/assets/textures/storm_spikegoo_diff.dds	21b7beb1e5972131a40225ecd0a30b38	174928
mods/heroes.stormmod/base.stormassets/assets/textures/storm_spikegoo_diff.lvl0	4f0bdf85ed0152da0ede99803958a985	2896
mods/heroes.stormmod/base.stormassets/assets/textures/storm_spikegoo_emis.dds	4ac7d2f5de1bba77abd4ed96c34ee13d	174928
mods/heroes.stormmod/base.stormassets/assets/textures/storm_spikegoo_emis.lvl0	5bf04f7dd87d3ab411db28a043a7e9d1	2896
mods/heroes.stormmod/base.stormassets/assets/textures/storm_spikegray01.dds	24e2f05689f4de89d1e2b15a14b20d0d	43832
mods/heroes.stormmod/base.stormassets/assets/textures/storm_spikegray01.lvl0	053f6711ee943b0a291a98ff6f261d50	2872
mods/heroes.stormmod/base.stormassets/assets/textures/storm_spiketrapa.dds	85fd19b31d1917328c8bdcc02716dc3e	699192
mods/heroes.stormmod/base.stormassets/assets/textures/storm_spiketrapa.lvl0	4f576c15b5b8ab7419ddac2b2d92e34a	2872
mods/heroes.stormmod/base.stormassets/assets/textures/storm_spinningscythe_flipbook.dds	ddf61d98ca77ca266d3a115a87515b37	349672
mods/heroes.stormmod/base.stormassets/assets/textures/storm_spinningscythe_flipbook.lvl0	2a5b5dd0ce573aa04f1ac1bed9b61927	1512
mods/heroes.stormmod/base.stormassets/assets/textures/storm_spiralmist.dds	03b38f133ae92566d379b5affdee0f11	87536
mods/heroes.stormmod/base.stormassets/assets/textures/storm_spiralmist.lvl0	9e5a763a83ede422c7a6fb7779695ac5	5616
mods/heroes.stormmod/base.stormassets/assets/textures/storm_splat_purifierbeama_emis.dds	a21d3b5698c10ad9eaf681ed36bc9eed	349680
mods/heroes.stormmod/base.stormassets/assets/textures/storm_splat_purifierbeama_emis.lvl0	5423c19c9851be008cb4e333f17e880d	5616
mods/heroes.stormmod/base.stormassets/assets/textures/storm_splat_purifierbeama_emis_red.dds	bf900a52409d84c780e61c8f2b9c95d8	349680
mods/heroes.stormmod/base.stormassets/assets/textures/storm_splat_purifierbeama_emis_red.lvl0	6dd7b1a91130e2f4cfb7bcce732ec15b	5616
mods/heroes.stormmod/base.stormassets/assets/textures/storm_splat_purifierbeama_normal.dds	238f1fae2c1ea557d65bb07543c2d3d1	349684
mods/heroes.stormmod/base.stormassets/assets/textures/storm_splat_purifierbeama_normal.lvl0	40061a61c44ada440943ddae2f1953ff	5616
mods/heroes.stormmod/base.stormassets/assets/textures/storm_splat_purifierbeamb_emis2.dds	a37c46b13e6488486facd0a44e862763	22000
mods/heroes.stormmod/base.stormassets/assets/textures/storm_splat_purifierbeamb_emis2.lvl0	c6270b20260d858f9c28c8eecf2c4192	496
mods/heroes.stormmod/base.stormassets/assets/textures/storm_splat_purifierbeamb_emis2_red.dds	422874dbc084feafbeb521c7e9727917	22000
mods/heroes.stormmod/base.stormassets/assets/textures/storm_splat_purifierbeamb_emis2_red.lvl0	b7cdbdd35f155daec7f19bcf5ef3ebde	496
mods/heroes.stormmod/base.stormassets/assets/textures/storm_splat_purifierbeamb_normal.dds	f04ec51c56f30ff9295a9881166b0550	22000
mods/heroes.stormmod/base.stormassets/assets/textures/storm_splat_purifierbeamb_normal.lvl0	a5a136fd31548d9ba86d883919f551ca	496
mods/heroes.stormmod/base.stormassets/assets/textures/storm_splatarcane.dds	ecab14c34b6a6179c2c8e674840e0e58	349680
mods/heroes.stormmod/base.stormassets/assets/textures/storm_splatarcane.lvl0	98bf6420345a687c859f03326453505c	5616
mods/heroes.stormmod/base.stormassets/assets/textures/storm_splatarcane_norm.dds	406ebefce5e8e3c067e74840ee6d5c0a	349684
mods/heroes.stormmod/base.stormassets/assets/textures/storm_splatarcane_norm.lvl0	0dbe43fbc1d51cee3513182d24e78ce2	5616
mods/heroes.stormmod/base.stormassets/assets/textures/storm_spookysmoke.dds	48d4de78cf3f413a4098bd757dc120cb	87528
mods/heroes.stormmod/base.stormassets/assets/textures/storm_spookysmoke.lvl0	67fa3f682faee397a1aa99c27c8c8348	488
mods/heroes.stormmod/base.stormassets/assets/textures/storm_spring01.dds	f268f454073b8a51b3558cc52faf3cc9	87536
mods/heroes.stormmod/base.stormassets/assets/textures/storm_spring01.lvl0	7c2f5305bb7a58f20df2c449f8c311b8	5616
mods/heroes.stormmod/base.stormassets/assets/textures/storm_spring19_techpart.dds	506d267c956c6d6d82dce1a523b00f71	174904
mods/heroes.stormmod/base.stormassets/assets/textures/storm_spring19_techpart.lvl0	994ff724c74026c49bd370203e479e8a	824
mods/heroes.stormmod/base.stormassets/assets/textures/storm_spring19_trongreenline.dds	0055de622e1425808ea4dcb355d878ea	174904
mods/heroes.stormmod/base.stormassets/assets/textures/storm_spring19_trongreenline.lvl0	90a723c8a1764eafa5a5d9d8ce9a1fef	824
mods/heroes.stormmod/base.stormassets/assets/textures/storm_sprinkle.dds	07dfdf409642e8b004f1b1fa57345c61	5616
mods/heroes.stormmod/base.stormassets/assets/textures/storm_sprinkle.lvl0	2a3e98970f8f3e4c7f2090894e72a890	1520
