mods/heroes.stormmod/base.stormassets/assets/textures/storm_toonflash01_diff.dds	45179e68002bda1597bfc4332bd6649e	43832
mods/heroes.stormmod/base.stormassets/assets/textures/storm_toonflash01_diff.lvl0	04c592d60972f02ea2d4da66a8cf3c4b	2872
mods/heroes.stormmod/base.stormassets/assets/textures/storm_toonflash02_dif_01.dds	52e29cc0d80184c8954b10c5f5c0e602	43832
mods/heroes.stormmod/base.stormassets/assets/textures/storm_toonflash02_dif_01.lvl0	25c5541f90c5d566ad9de263814545ec	312
mods/heroes.stormmod/base.stormassets/assets/textures/storm_toonflash02_diff.dds	05e07d30c8cef2795346eb45d2923efe	43832
mods/heroes.stormmod/base.stormassets/assets/textures/storm_toonflash02_diff.lvl0	1b92aa3c07d0ac24b2bfe931639d1431	2872
mods/heroes.stormmod/base.stormassets/assets/textures/storm_toonflash03_diff.dds	96d379dbc95657d391ccfa38311186f5	43832
mods/heroes.stormmod/base.stormassets/assets/textures/storm_toonflash03_diff.lvl0	816c6675e1f39c1b68bfa5e77cf6058d	2872
mods/heroes.stormmod/base.stormassets/assets/textures/storm_totem_diffuse.dds	73a2a39acc2e7bdda6b115a1d8889869	1398256
mods/heroes.stormmod/base.stormassets/assets/textures/storm_totem_diffuse.lvl0	b1f2358e2f8c90004573a0c05e664757	5616
mods/heroes.stormmod/base.stormassets/assets/textures/storm_totem_normals.dds	01d3a33101cd7c65358cfc68fe606428	1398260
mods/heroes.stormmod/base.stormassets/assets/textures/storm_totem_normals.lvl0	2b1bf53f9a5745e5d6b0d210097b9662	5616
mods/heroes.stormmod/base.stormassets/assets/textures/storm_totem_specular.dds	a1e3d472764332a5b0a7a91767dc0980	1398256
mods/heroes.stormmod/base.stormassets/assets/textures/storm_totem_specular.lvl0	649acdf85926beb6cdf403bf6973be60	5616
mods/heroes.stormmod/base.stormassets/assets/textures/storm_towerdeathsplat.dds	f7283be552870a6c5d17d77ffc4e95e6	87536
mods/heroes.stormmod/base.stormassets/assets/textures/storm_towerdeathsplat.lvl0	ff9ae7281f5e38e3bb07885c632fd383	5616
mods/heroes.stormmod/base.stormassets/assets/textures/storm_towerradius.dds	b9f7f3eee4574e398fffb32ad5cb0b7a	43856
mods/heroes.stormmod/base.stormassets/assets/textures/storm_towerradius.lvl0	888efa896cc675e5f0b2d3fb01f7c0dc	2896
mods/heroes.stormmod/base.stormassets/assets/textures/storm_towerradius1.dds	c516c551888cfcc9a89d1300f5dcefed	43856
mods/heroes.stormmod/base.stormassets/assets/textures/storm_towerradius1.lvl0	439c4cbb7f5e5544e1cb79f0eb9340c3	2896
mods/heroes.stormmod/base.stormassets/assets/textures/storm_towershieldb.dds	361581a0bcec895d3a2c7ed7c32b75ba	11064
mods/heroes.stormmod/base.stormassets/assets/textures/storm_towershieldb.lvl0	5e3c76af401aba17a071f23c734e4d63	312
mods/heroes.stormmod/base.stormassets/assets/textures/storm_towershieldc.dds	a1a05167f9c84da1ecf696aa9e6d131c	43832
mods/heroes.stormmod/base.stormassets/assets/textures/storm_towershieldc.lvl0	5e57d4597e4a8dbf0564b3c3d7c2f863	824
mods/heroes.stormmod/base.stormassets/assets/textures/storm_towershieldd.dds	c7fff5b50b21caddba10ec622b7f0d60	43832
mods/heroes.stormmod/base.stormassets/assets/textures/storm_towershieldd.lvl0	fcd724a9fa3e69f7ea61f99c30acf82b	824
mods/heroes.stormmod/base.stormassets/assets/textures/storm_toxicnestbuild_01.dds	39749f737fc86585fe261c675dfcf701	174904
mods/heroes.stormmod/base.stormassets/assets/textures/storm_toxicnestbuild_01.lvl0	90c24770abbcc49a2ac795216ef6ddc8	2872
mods/heroes.stormmod/base.stormassets/assets/textures/storm_toxicsludgeflipbook_diff.dds	53b5a3d7ae5c06d6cc8898ac06b59c3e	5592560
mods/heroes.stormmod/base.stormassets/assets/textures/storm_toxicsludgeflipbook_diff.lvl0	1c28f800e161890dfd5c222f2ac90677	5616
mods/heroes.stormmod/base.stormassets/assets/textures/storm_toxicsludgeflipbook_mult.dds	8c1881dfd097e574510f8dcfb0425345	2796344
mods/heroes.stormmod/base.stormassets/assets/textures/storm_toxicsludgeflipbook_mult.lvl0	59bd595d94ab844c355344722363108d	2872
mods/heroes.stormmod/base.stormassets/assets/textures/storm_toxicsludgeflipbook_norm.dds	79100a8517c27e08c8ad132ce0c73c56	5592564
mods/heroes.stormmod/base.stormassets/assets/textures/storm_toxicsludgeflipbook_norm.lvl0	9069762ad023fc3b3e8d088948f051e6	5616
mods/heroes.stormmod/base.stormassets/assets/textures/toad_winter_diff.dds	bdf621ed28e005c4778d2e6a3504cd4d	87536
mods/heroes.stormmod/base.stormassets/assets/textures/toad_winter_diff.lvl0	8ae9b43eb8e147436111b021d4c76eae	5616
mods/heroes.stormmod/base.stormassets/assets/textures/toad_winter_norm.dds	0deb8bdd5abc31b5a65a8fd0d8df0eb8	5620
