mods/core.stormmod/base.stormassets/assets/textures/lightbeam_green_diffuse.dds	b62a27bf34fa57a7de993e7158ab8660	5616
mods/core.stormmod/base.stormassets/assets/textures/lightbeam_green_diffuse.lvl0	5c906c0eb339ec669617f83a61adac76	1520
mods/core.stormmod/base.stormassets/assets/textures/line_green.dds	c108d4ba8cfe7a3e6817473c6251e0b3	2888
mods/core.stormmod/base.stormassets/assets/textures/line_green.lvl0	424346a29a91b72cb7f5430568614dfc	840
mods/core.stormmod/base.stormassets/assets/textures/line_orange2.dds	7dea3d83b323cc12a9b7cc4c9c893b0e	2888
mods/core.stormmod/base.stormassets/assets/textures/line_orange2.lvl0	230a73db7f28d51fe62dd570f3730416	840
mods/core.stormmod/base.stormassets/assets/textures/line_purple1.dds	58a08e6fb5dc249b1737b987d95252e0	2888
mods/core.stormmod/base.stormassets/assets/textures/line_purple1.lvl0	df15f6b1eb5f44bbb0752b87589c5ab9	840
mods/core.stormmod/base.stormassets/assets/textures/line_red1.dds	d7f78e26340145c192f89f3ab4d7357f	2888
mods/core.stormmod/base.stormassets/assets/textures/line_red1.lvl0	bfcbcd06443b3c54162fcd4f18daedd0	200
mods/core.stormmod/base.stormassets/assets/textures/line_white.dds	989a6ec3643d3999639b038b624bdb87	5648
mods/core.stormmod/base.stormassets/assets/textures/line_white.lvl0	058cf3efd2d3ba9b73d792d2143719aa	528
mods/core.stormmod/base.stormassets/assets/textures/lines1.dds	358863049ea123c970acf87624875487	11064
mods/core.stormmod/base.stormassets/assets/textures/lines1.lvl0	97c80fbeb69dfb712048c7b0de6f5325	2872
